route,week_of,cost_per_tonne_km,vs_own_history,vs_similar_routes,flagged,matched_note_id,reason
Ahmedabad-Mumbai,2024-01-01,2.44,+0.0% vs this route's past average,-0.4% vs similar-length routes this week,No,,Cost is within normal historical baseline and peer group range.
Bangalore-Hyderabad,2024-01-01,2.41,+0.0% vs this route's past average,-2.2% vs similar-length routes this week,No,,Cost is within normal historical baseline and peer group range.
Chennai-Bangalore,2024-01-01,2.74,+0.0% vs this route's past average,-7.7% vs similar-length routes this week,No,,Cost is within normal historical baseline and peer group range.
Delhi-Jaipur,2024-01-01,2.94,+0.0% vs this route's past average,+2.4% vs similar-length routes this week,No,,Cost is within normal historical baseline and peer group range.
Delhi-Kolkata,2024-01-01,2.01,+0.0% vs this route's past average,-2.4% vs similar-length routes this week,No,,Cost is within normal historical baseline and peer group range.
Kolkata-Bhubaneswar,2024-01-01,2.49,+0.0% vs this route's past average,+2.7% vs similar-length routes this week,No,,Cost is within normal historical baseline and peer group range.
Mumbai-Delhi,2024-01-01,2.06,+0.0% vs this route's past average,+2.5% vs similar-length routes this week,No,,Cost is within normal historical baseline and peer group range.
Mumbai-Pune,2024-01-01,3.00,+0.0% vs this route's past average,+5.6% vs similar-length routes this week,No,,Cost is within normal historical baseline and peer group range.
Ahmedabad-Mumbai,2024-01-08,2.45,+0.4% vs this route's past average,+0.2% vs similar-length routes this week,No,,Cost is within normal historical baseline and peer group range.
Bangalore-Hyderabad,2024-01-08,2.39,-0.8% vs this route's past average,-3.4% vs similar-length routes this week,No,,Cost is within normal historical baseline and peer group range.
Chennai-Bangalore,2024-01-08,2.76,+0.7% vs this route's past average,-7.4% vs similar-length routes this week,No,,Cost is within normal historical baseline and peer group range.
Delhi-Jaipur,2024-01-08,2.94,+0.0% vs this route's past average,+1.7% vs similar-length routes this week,No,,Cost is within normal historical baseline and peer group range.
Delhi-Kolkata,2024-01-08,1.99,-1.0% vs this route's past average,-2.5% vs similar-length routes this week,No,,Cost is within normal historical baseline and peer group range.
Kolkata-Bhubaneswar,2024-01-08,2.50,+0.4% vs this route's past average,+3.3% vs similar-length routes this week,No,,Cost is within normal historical baseline and peer group range.
Mumbai-Delhi,2024-01-08,2.04,-1.0% vs this route's past average,+2.5% vs similar-length routes this week,No,,Cost is within normal historical baseline and peer group range.
Mumbai-Pune,2024-01-08,3.02,+0.7% vs this route's past average,+6.0% vs similar-length routes this week,No,,Cost is within normal historical baseline and peer group range.
Ahmedabad-Mumbai,2024-01-15,2.47,+1.0% vs this route's past average,+0.2% vs similar-length routes this week,No,,Cost is within normal historical baseline and peer group range.
Bangalore-Hyderabad,2024-01-15,2.42,+0.8% vs this route's past average,-2.8% vs similar-length routes this week,No,,Cost is within normal historical baseline and peer group range.
Chennai-Bangalore,2024-01-15,2.72,-1.1% vs this route's past average,-8.7% vs similar-length routes this week,No,,Cost is within normal historical baseline and peer group range.
Delhi-Jaipur,2024-01-15,2.96,+0.7% vs this route's past average,+3.5% vs similar-length routes this week,No,,Cost is within normal historical baseline and peer group range.
Delhi-Kolkata,2024-01-15,2.00,+0.0% vs this route's past average,-2.9% vs similar-length routes this week,No,,Cost is within normal historical baseline and peer group range.
Kolkata-Bhubaneswar,2024-01-15,2.51,+0.6% vs this route's past average,+2.7% vs similar-length routes this week,No,,Cost is within normal historical baseline and peer group range.
Mumbai-Delhi,2024-01-15,2.06,+0.5% vs this route's past average,+3.0% vs similar-length routes this week,No,,Cost is within normal historical baseline and peer group range.
Mumbai-Pune,2024-01-15,3.00,-0.3% vs this route's past average,+5.6% vs similar-length routes this week,No,,Cost is within normal historical baseline and peer group range.
Ahmedabad-Mumbai,2024-01-22,2.43,-1.0% vs this route's past average,-0.4% vs similar-length routes this week,No,,Cost is within normal historical baseline and peer group range.
Bangalore-Hyderabad,2024-01-22,2.40,-0.3% vs this route's past average,-2.2% vs similar-length routes this week,No,,Cost is within normal historical baseline and peer group range.
Chennai-Bangalore,2024-01-22,2.72,-0.7% vs this route's past average,-8.1% vs similar-length routes this week,No,,Cost is within normal historical baseline and peer group range.
Delhi-Jaipur,2024-01-22,2.94,-0.2% vs this route's past average,+3.2% vs similar-length routes this week,No,,Cost is within normal historical baseline and peer group range.
Delhi-Kolkata,2024-01-22,2.00,+0.0% vs this route's past average,-3.4% vs similar-length routes this week,No,,Cost is within normal historical baseline and peer group range.
Kolkata-Bhubaneswar,2024-01-22,2.48,-0.8% vs this route's past average,+2.7% vs similar-length routes this week,No,,Cost is within normal historical baseline and peer group range.
Mumbai-Delhi,2024-01-22,2.07,+0.8% vs this route's past average,+3.5% vs similar-length routes this week,No,,Cost is within normal historical baseline and peer group range.
Mumbai-Pune,2024-01-22,2.98,-0.9% vs this route's past average,+5.3% vs similar-length routes this week,No,,Cost is within normal historical baseline and peer group range.
Ahmedabad-Mumbai,2024-01-29,2.44,-0.3% vs this route's past average,-0.8% vs similar-length routes this week,No,,Cost is within normal historical baseline and peer group range.
Bangalore-Hyderabad,2024-01-29,2.40,-0.2% vs this route's past average,-3.2% vs similar-length routes this week,No,,Cost is within normal historical baseline and peer group range.
Chennai-Bangalore,2024-01-29,2.76,+0.9% vs this route's past average,-7.2% vs similar-length routes this week,No,,Cost is within normal historical baseline and peer group range.
Delhi-Jaipur,2024-01-29,2.96,+0.5% vs this route's past average,+3.0% vs similar-length routes this week,No,,Cost is within normal historical baseline and peer group range.
Delhi-Kolkata,2024-01-29,1.99,-0.5% vs this route's past average,-2.9% vs similar-length routes this week,No,,Cost is within normal historical baseline and peer group range.
Kolkata-Bhubaneswar,2024-01-29,2.52,+1.0% vs this route's past average,+4.1% vs similar-length routes this week,No,,Cost is within normal historical baseline and peer group range.
Mumbai-Delhi,2024-01-29,2.05,-0.4% vs this route's past average,+3.0% vs similar-length routes this week,No,,Cost is within normal historical baseline and peer group range.
Mumbai-Pune,2024-01-29,2.99,-0.3% vs this route's past average,+4.5% vs similar-length routes this week,No,,Cost is within normal historical baseline and peer group range.
Ahmedabad-Mumbai,2024-02-05,2.48,+1.4% vs this route's past average,+1.6% vs similar-length routes this week,No,,Cost is within normal historical baseline and peer group range.
Bangalore-Hyderabad,2024-02-05,2.40,-0.2% vs this route's past average,-3.2% vs similar-length routes this week,No,,Cost is within normal historical baseline and peer group range.
Chennai-Bangalore,2024-02-05,2.75,+0.4% vs this route's past average,-7.6% vs similar-length routes this week,No,,Cost is within normal historical baseline and peer group range.
Delhi-Jaipur,2024-02-05,2.95,+0.1% vs this route's past average,+2.6% vs similar-length routes this week,No,,Cost is within normal historical baseline and peer group range.
Delhi-Kolkata,2024-02-05,1.99,-0.4% vs this route's past average,-2.5% vs similar-length routes this week,No,,Cost is within normal historical baseline and peer group range.
Kolkata-Bhubaneswar,2024-02-05,2.48,-0.8% vs this route's past average,+1.6% vs similar-length routes this week,No,,Cost is within normal historical baseline and peer group range.
Mumbai-Delhi,2024-02-05,2.04,-0.8% vs this route's past average,+2.5% vs similar-length routes this week,No,,Cost is within normal historical baseline and peer group range.
Mumbai-Pune,2024-02-05,3.00,+0.1% vs this route's past average,+5.3% vs similar-length routes this week,No,,Cost is within normal historical baseline and peer group range.
Ahmedabad-Mumbai,2024-02-12,2.46,+0.3% vs this route's past average,+0.2% vs similar-length routes this week,No,,Cost is within normal historical baseline and peer group range.
Bangalore-Hyderabad,2024-02-12,2.40,-0.1% vs this route's past average,-3.4% vs similar-length routes this week,No,,Cost is within normal historical baseline and peer group range.
Chennai-Bangalore,2024-02-12,2.77,+1.0% vs this route's past average,-6.6% vs similar-length routes this week,No,,Cost is within normal historical baseline and peer group range.
Delhi-Jaipur,2024-02-12,2.96,+0.4% vs this route's past average,+3.1% vs similar-length routes this week,No,,Cost is within normal historical baseline and peer group range.
Delhi-Kolkata,2024-02-12,2.00,+0.2% vs this route's past average,-2.9% vs similar-length routes this week,No,,Cost is within normal historical baseline and peer group range.
Kolkata-Bhubaneswar,2024-02-12,2.51,+0.5% vs this route's past average,+3.3% vs similar-length routes this week,No,,Cost is within normal historical baseline and peer group range.
Mumbai-Delhi,2024-02-12,2.06,+0.3% vs this route's past average,+3.0% vs similar-length routes this week,No,,Cost is within normal historical baseline and peer group range.
Mumbai-Pune,2024-02-12,2.97,-0.9% vs this route's past average,+3.7% vs similar-length routes this week,No,,Cost is within normal historical baseline and peer group range.
Ahmedabad-Mumbai,2024-02-19,2.44,-0.5% vs this route's past average,-0.8% vs similar-length routes this week,No,,Cost is within normal historical baseline and peer group range.
Bangalore-Hyderabad,2024-02-19,2.43,+1.1% vs this route's past average,-1.4% vs similar-length routes this week,No,,Cost is within normal historical baseline and peer group range.
Chennai-Bangalore,2024-02-19,2.78,+1.2% vs this route's past average,-6.6% vs similar-length routes this week,No,,Cost is within normal historical baseline and peer group range.
Delhi-Jaipur,2024-02-19,2.97,+0.7% vs this route's past average,+3.1% vs similar-length routes this week,No,,Cost is within normal historical baseline and peer group range.
Delhi-Kolkata,2024-02-19,1.99,-0.4% vs this route's past average,-2.9% vs similar-length routes this week,No,,Cost is within normal historical baseline and peer group range.
Kolkata-Bhubaneswar,2024-02-19,2.49,-0.3% vs this route's past average,+2.3% vs similar-length routes this week,No,,Cost is within normal historical baseline and peer group range.
Mumbai-Delhi,2024-02-19,2.05,-0.2% vs this route's past average,+3.0% vs similar-length routes this week,No,,Cost is within normal historical baseline and peer group range.
Mumbai-Pune,2024-02-19,2.98,-0.5% vs this route's past average,+3.7% vs similar-length routes this week,No,,Cost is within normal historical baseline and peer group range.
Ahmedabad-Mumbai,2024-02-26,2.44,-0.5% vs this route's past average,-0.2% vs similar-length routes this week,No,,Cost is within normal historical baseline and peer group range.
Bangalore-Hyderabad,2024-02-26,2.39,-0.7% vs this route's past average,-3.2% vs similar-length routes this week,No,,Cost is within normal historical baseline and peer group range.
Chennai-Bangalore,2024-02-26,2.76,+0.4% vs this route's past average,-7.4% vs similar-length routes this week,No,,Cost is within normal historical baseline and peer group range.
Delhi-Jaipur,2024-02-26,2.95,-0.1% vs this route's past average,+2.3% vs similar-length routes this week,No,,Cost is within normal historical baseline and peer group range.
Delhi-Kolkata,2024-02-26,2.00,+0.2% vs this route's past average,-2.0% vs similar-length routes this week,No,,Cost is within normal historical baseline and peer group range.
Kolkata-Bhubaneswar,2024-02-26,2.50,+0.1% vs this route's past average,+3.5% vs similar-length routes this week,No,,Cost is within normal historical baseline and peer group range.
Mumbai-Delhi,2024-02-26,2.04,-0.7% vs this route's past average,+2.0% vs similar-length routes this week,No,,Cost is within normal historical baseline and peer group range.
Mumbai-Pune,2024-02-26,3.01,+0.6% vs this route's past average,+5.4% vs similar-length routes this week,No,,Cost is within normal historical baseline and peer group range.
Ahmedabad-Mumbai,2024-03-04,2.45,-0.1% vs this route's past average,-0.2% vs similar-length routes this week,No,,Cost is within normal historical baseline and peer group range.
Bangalore-Hyderabad,2024-03-04,2.40,-0.2% vs this route's past average,-3.2% vs similar-length routes this week,No,,Cost is within normal historical baseline and peer group range.
Chennai-Bangalore,2024-03-04,2.76,+0.3% vs this route's past average,-6.8% vs similar-length routes this week,No,,Cost is within normal historical baseline and peer group range.
Delhi-Jaipur,2024-03-04,2.94,-0.5% vs this route's past average,+2.4% vs similar-length routes this week,No,,Cost is within normal historical baseline and peer group range.
Delhi-Kolkata,2024-03-04,1.99,-0.3% vs this route's past average,-2.0% vs similar-length routes this week,No,,Cost is within normal historical baseline and peer group range.
Kolkata-Bhubaneswar,2024-03-04,2.51,+0.5% vs this route's past average,+3.5% vs similar-length routes this week,No,,Cost is within normal historical baseline and peer group range.
Mumbai-Delhi,2024-03-04,2.03,-1.0% vs this route's past average,+2.0% vs similar-length routes this week,No,,Cost is within normal historical baseline and peer group range.
Mumbai-Pune,2024-03-04,2.98,-0.5% vs this route's past average,+4.6% vs similar-length routes this week,No,,Cost is within normal historical baseline and peer group range.
Ahmedabad-Mumbai,2024-03-11,2.42,-1.3% vs this route's past average,-1.4% vs similar-length routes this week,No,,Cost is within normal historical baseline and peer group range.
Bangalore-Hyderabad,2024-03-11,2.41,+0.2% vs this route's past average,-2.0% vs similar-length routes this week,No,,Cost is within normal historical baseline and peer group range.
Chennai-Bangalore,2024-03-11,2.73,-0.8% vs this route's past average,-8.7% vs similar-length routes this week,No,,Cost is within normal historical baseline and peer group range.
Delhi-Jaipur,2024-03-11,2.97,+0.6% vs this route's past average,+3.5% vs similar-length routes this week,No,,Cost is within normal historical baseline and peer group range.
Delhi-Kolkata,2024-03-11,2.00,+0.3% vs this route's past average,-2.0% vs similar-length routes this week,No,,Cost is within normal historical baseline and peer group range.
Kolkata-Bhubaneswar,2024-03-11,2.50,+0.0% vs this route's past average,+3.5% vs similar-length routes this week,No,,Cost is within normal historical baseline and peer group range.
Mumbai-Delhi,2024-03-11,2.04,-0.5% vs this route's past average,+2.0% vs similar-length routes this week,No,,Cost is within normal historical baseline and peer group range.
Mumbai-Pune,2024-03-11,3.01,+0.7% vs this route's past average,+5.6% vs similar-length routes this week,No,,Cost is within normal historical baseline and peer group range.
Ahmedabad-Mumbai,2024-03-18,2.45,+0.2% vs this route's past average,+0.2% vs similar-length routes this week,No,,Cost is within normal historical baseline and peer group range.
Bangalore-Hyderabad,2024-03-18,2.40,-0.2% vs this route's past average,-2.8% vs similar-length routes this week,No,,Cost is within normal historical baseline and peer group range.
Chennai-Bangalore,2024-03-18,2.75,-0.1% vs this route's past average,-7.4% vs similar-length routes this week,No,,Cost is within normal historical baseline and peer group range.
Delhi-Jaipur,2024-03-18,2.94,-0.5% vs this route's past average,+2.3% vs similar-length routes this week,No,,Cost is within normal historical baseline and peer group range.
Delhi-Kolkata,2024-03-18,2.00,+0.3% vs this route's past average,-3.4% vs similar-length routes this week,No,,Cost is within normal historical baseline and peer group range.
Kolkata-Bhubaneswar,2024-03-18,2.49,-0.4% vs this route's past average,+2.7% vs similar-length routes this week,No,,Cost is within normal historical baseline and peer group range.
Mumbai-Delhi,2024-03-18,2.07,+1.1% vs this route's past average,+3.5% vs similar-length routes this week,No,,Cost is within normal historical baseline and peer group range.
Mumbai-Pune,2024-03-18,3.00,+0.3% vs this route's past average,+5.4% vs similar-length routes this week,No,,Cost is within normal historical baseline and peer group range.
Ahmedabad-Mumbai,2024-03-25,2.46,+0.5% vs this route's past average,-0.2% vs similar-length routes this week,No,,Cost is within normal historical baseline and peer group range.
Bangalore-Hyderabad,2024-03-25,2.42,+0.7% vs this route's past average,-2.6% vs similar-length routes this week,No,,Cost is within normal historical baseline and peer group range.
Chennai-Bangalore,2024-03-25,2.74,-0.6% vs this route's past average,-7.6% vs similar-length routes this week,No,,Cost is within normal historical baseline and peer group range.
Delhi-Jaipur,2024-03-25,2.94,-0.5% vs this route's past average,+2.6% vs similar-length routes this week,No,,Cost is within normal historical baseline and peer group range.
Delhi-Kolkata,2024-03-25,2.00,+0.3% vs this route's past average,-2.4% vs similar-length routes this week,No,,Cost is within normal historical baseline and peer group range.
Kolkata-Bhubaneswar,2024-03-25,2.51,+0.4% vs this route's past average,+2.9% vs similar-length routes this week,No,,Cost is within normal historical baseline and peer group range.
Mumbai-Delhi,2024-03-25,2.05,+0.1% vs this route's past average,+2.5% vs similar-length routes this week,No,,Cost is within normal historical baseline and peer group range.
Mumbai-Pune,2024-03-25,2.99,-0.1% vs this route's past average,+5.3% vs similar-length routes this week,No,,Cost is within normal historical baseline and peer group range.
Ahmedabad-Mumbai,2024-04-01,2.45,+0.0% vs this route's past average,-0.2% vs similar-length routes this week,No,,Cost is within normal historical baseline and peer group range.
Bangalore-Hyderabad,2024-04-01,2.42,+0.6% vs this route's past average,-2.0% vs similar-length routes this week,No,,Cost is within normal historical baseline and peer group range.
Chennai-Bangalore,2024-04-01,2.76,+0.2% vs this route's past average,-6.9% vs similar-length routes this week,No,,Cost is within normal historical baseline and peer group range.
Delhi-Jaipur,2024-04-01,2.96,+0.3% vs this route's past average,+3.3% vs similar-length routes this week,No,,Cost is within normal historical baseline and peer group range.
Delhi-Kolkata,2024-04-01,2.00,+0.2% vs this route's past average,-2.9% vs similar-length routes this week,No,,Cost is within normal historical baseline and peer group range.
Kolkata-Bhubaneswar,2024-04-01,2.49,-0.4% vs this route's past average,+2.3% vs similar-length routes this week,No,,Cost is within normal historical baseline and peer group range.
Mumbai-Delhi,2024-04-01,2.06,+0.6% vs this route's past average,+3.0% vs similar-length routes this week,No,,Cost is within normal historical baseline and peer group range.
Mumbai-Pune,2024-04-01,2.97,-0.8% vs this route's past average,+3.8% vs similar-length routes this week,No,,Cost is within normal historical baseline and peer group range.
Ahmedabad-Mumbai,2024-04-08,2.47,+1.0% vs this route's past average,+0.8% vs similar-length routes this week,No,,Cost is within normal historical baseline and peer group range.
Bangalore-Hyderabad,2024-04-08,2.40,-0.4% vs this route's past average,-3.4% vs similar-length routes this week,No,,Cost is within normal historical baseline and peer group range.
Chennai-Bangalore,2024-04-08,2.74,-0.6% vs this route's past average,-7.7% vs similar-length routes this week,No,,Cost is within normal historical baseline and peer group range.
Delhi-Jaipur,2024-04-08,2.93,-0.8% vs this route's past average,+1.9% vs similar-length routes this week,No,,Cost is within normal historical baseline and peer group range.
Delhi-Kolkata,2024-04-08,2.00,+0.1% vs this route's past average,-2.4% vs similar-length routes this week,No,,Cost is within normal historical baseline and peer group range.
Kolkata-Bhubaneswar,2024-04-08,2.50,+0.0% vs this route's past average,+2.7% vs similar-length routes this week,No,,Cost is within normal historical baseline and peer group range.
Mumbai-Delhi,2024-04-08,2.05,+0.0% vs this route's past average,+2.5% vs similar-length routes this week,No,,Cost is within normal historical baseline and peer group range.
Mumbai-Pune,2024-04-08,3.01,+0.7% vs this route's past average,+6.2% vs similar-length routes this week,No,,Cost is within normal historical baseline and peer group range.
Ahmedabad-Mumbai,2024-04-15,2.42,-1.1% vs this route's past average,-1.2% vs similar-length routes this week,No,,Cost is within normal historical baseline and peer group range.
Bangalore-Hyderabad,2024-04-15,2.40,-0.4% vs this route's past average,-2.4% vs similar-length routes this week,No,,Cost is within normal historical baseline and peer group range.
Chennai-Bangalore,2024-04-15,2.75,-0.1% vs this route's past average,-6.6% vs similar-length routes this week,No,,Cost is within normal historical baseline and peer group range.
Delhi-Jaipur,2024-04-15,2.92,-1.0% vs this route's past average,+2.1% vs similar-length routes this week,No,,Cost is within normal historical baseline and peer group range.
Delhi-Kolkata,2024-04-15,1.97,-1.4% vs this route's past average,-3.9% vs similar-length routes this week,No,,Cost is within normal historical baseline and peer group range.
Kolkata-Bhubaneswar,2024-04-15,2.50,+0.1% vs this route's past average,+3.7% vs similar-length routes this week,No,,Cost is within normal historical baseline and peer group range.
Mumbai-Delhi,2024-04-15,2.05,+0.1% vs this route's past average,+4.1% vs similar-length routes this week,No,,Cost is within normal historical baseline and peer group range.
Mumbai-Pune,2024-04-15,2.97,-0.8% vs this route's past average,+4.8% vs similar-length routes this week,No,,Cost is within normal historical baseline and peer group range.
Ahmedabad-Mumbai,2024-04-22,2.46,+0.6% vs this route's past average,+0.0% vs similar-length routes this week,No,,Cost is within normal historical baseline and peer group range.
Bangalore-Hyderabad,2024-04-22,2.41,+0.2% vs this route's past average,-3.0% vs similar-length routes this week,No,,Cost is within normal historical baseline and peer group range.
Chennai-Bangalore,2024-04-22,2.76,+0.4% vs this route's past average,-7.1% vs similar-length routes this week,No,,Cost is within normal historical baseline and peer group range.
Delhi-Jaipur,2024-04-22,2.94,-0.1% vs this route's past average,+2.1% vs similar-length routes this week,No,,Cost is within normal historical baseline and peer group range.
Delhi-Kolkata,2024-04-22,2.00,+0.3% vs this route's past average,-1.5% vs similar-length routes this week,No,,Cost is within normal historical baseline and peer group range.
Kolkata-Bhubaneswar,2024-04-22,2.51,+0.4% vs this route's past average,+3.1% vs similar-length routes this week,No,,Cost is within normal historical baseline and peer group range.
Mumbai-Delhi,2024-04-22,2.03,-0.9% vs this route's past average,+1.5% vs similar-length routes this week,No,,Cost is within normal historical baseline and peer group range.
Mumbai-Pune,2024-04-22,3.00,+0.3% vs this route's past average,+5.3% vs similar-length routes this week,No,,Cost is within normal historical baseline and peer group range.
Ahmedabad-Mumbai,2024-04-29,2.46,+0.5% vs this route's past average,+0.8% vs similar-length routes this week,No,,Cost is within normal historical baseline and peer group range.
Bangalore-Hyderabad,2024-04-29,2.38,-1.1% vs this route's past average,-4.0% vs similar-length routes this week,No,,Cost is within normal historical baseline and peer group range.
Chennai-Bangalore,2024-04-29,2.77,+0.8% vs this route's past average,-6.4% vs similar-length routes this week,No,,Cost is within normal historical baseline and peer group range.
Delhi-Jaipur,2024-04-29,2.93,-0.4% vs this route's past average,+1.7% vs similar-length routes this week,No,,Cost is within normal historical baseline and peer group range.
Delhi-Kolkata,2024-04-29,2.02,+1.3% vs this route's past average,-1.5% vs similar-length routes this week,No,,Cost is within normal historical baseline and peer group range.
Kolkata-Bhubaneswar,2024-04-29,2.50,-0.0% vs this route's past average,+3.3% vs similar-length routes this week,No,,Cost is within normal historical baseline and peer group range.
Mumbai-Delhi,2024-04-29,2.05,+0.1% vs this route's past average,+1.5% vs similar-length routes this week,No,,Cost is within normal historical baseline and peer group range.
Mumbai-Pune,2024-04-29,2.99,-0.0% vs this route's past average,+4.9% vs similar-length routes this week,No,,Cost is within normal historical baseline and peer group range.
Ahmedabad-Mumbai,2024-05-06,2.45,+0.1% vs this route's past average,+0.4% vs similar-length routes this week,No,,Cost is within normal historical baseline and peer group range.
Bangalore-Hyderabad,2024-05-06,2.37,-1.5% vs this route's past average,-4.4% vs similar-length routes this week,No,,Cost is within normal historical baseline and peer group range.
Chennai-Bangalore,2024-05-06,2.74,-0.4% vs this route's past average,-7.1% vs similar-length routes this week,No,,Cost is within normal historical baseline and peer group range.
Delhi-Jaipur,2024-05-06,2.92,-0.7% vs this route's past average,+2.1% vs similar-length routes this week,No,,Cost is within normal historical baseline and peer group range.
Delhi-Kolkata,2024-05-06,1.99,-0.4% vs this route's past average,-2.0% vs similar-length routes this week,No,,Cost is within normal historical baseline and peer group range.
Kolkata-Bhubaneswar,2024-05-06,2.51,+0.4% vs this route's past average,+4.1% vs similar-length routes this week,No,,Cost is within normal historical baseline and peer group range.
Mumbai-Delhi,2024-05-06,2.03,-1.0% vs this route's past average,+2.0% vs similar-length routes this week,No,,Cost is within normal historical baseline and peer group range.
Mumbai-Pune,2024-05-06,2.98,-0.4% vs this route's past average,+5.3% vs similar-length routes this week,No,,Cost is within normal historical baseline and peer group range.
Ahmedabad-Mumbai,2024-05-13,2.43,-0.9% vs this route's past average,-0.4% vs similar-length routes this week,No,,Cost is within normal historical baseline and peer group range.
Bangalore-Hyderabad,2024-05-13,2.40,-0.0% vs this route's past average,-2.2% vs similar-length routes this week,No,,Cost is within normal historical baseline and peer group range.
Chennai-Bangalore,2024-05-13,2.76,+0.3% vs this route's past average,-7.5% vs similar-length routes this week,No,,Cost is within normal historical baseline and peer group range.
Delhi-Jaipur,2024-05-13,2.95,+0.5% vs this route's past average,+2.1% vs similar-length routes this week,No,,Cost is within normal historical baseline and peer group range.
Delhi-Kolkata,2024-05-13,1.99,-0.4% vs this route's past average,-2.5% vs similar-length routes this week,No,,Cost is within normal historical baseline and peer group range.
Kolkata-Bhubaneswar,2024-05-13,2.48,-0.8% vs this route's past average,+2.7% vs similar-length routes this week,No,,Cost is within normal historical baseline and peer group range.
Mumbai-Delhi,2024-05-13,2.04,-0.4% vs this route's past average,+2.5% vs similar-length routes this week,No,,Cost is within normal historical baseline and peer group range.
Mumbai-Pune,2024-05-13,3.02,+1.0% vs this route's past average,+5.8% vs similar-length routes this week,No,,Cost is within normal historical baseline and peer group range.
Ahmedabad-Mumbai,2024-05-20,2.44,-0.4% vs this route's past average,+0.2% vs similar-length routes this week,No,,Cost is within normal historical baseline and peer group range.
Bangalore-Hyderabad,2024-05-20,2.37,-1.2% vs this route's past average,-4.0% vs similar-length routes this week,No,,Cost is within normal historical baseline and peer group range.
Chennai-Bangalore,2024-05-20,2.76,+0.3% vs this route's past average,-7.2% vs similar-length routes this week,No,,Cost is within normal historical baseline and peer group range.
Delhi-Jaipur,2024-05-20,2.96,+0.8% vs this route's past average,+3.0% vs similar-length routes this week,No,,Cost is within normal historical baseline and peer group range.
Delhi-Kolkata,2024-05-20,1.99,-0.3% vs this route's past average,-2.5% vs similar-length routes this week,No,,Cost is within normal historical baseline and peer group range.
Kolkata-Bhubaneswar,2024-05-20,2.50,+0.0% vs this route's past average,+4.0% vs similar-length routes this week,No,,Cost is within normal historical baseline and peer group range.
Mumbai-Delhi,2024-05-20,2.04,-0.2% vs this route's past average,+2.5% vs similar-length routes this week,No,,Cost is within normal historical baseline and peer group range.
Mumbai-Pune,2024-05-20,2.99,-0.0% vs this route's past average,+4.5% vs similar-length routes this week,No,,Cost is within normal historical baseline and peer group range.
Ahmedabad-Mumbai,2024-05-27,2.45,+0.1% vs this route's past average,+0.6% vs similar-length routes this week,No,,Cost is within normal historical baseline and peer group range.
Bangalore-Hyderabad,2024-05-27,2.39,-0.2% vs this route's past average,-3.0% vs similar-length routes this week,No,,Cost is within normal historical baseline and peer group range.
Chennai-Bangalore,2024-05-27,2.75,-0.2% vs this route's past average,-7.7% vs similar-length routes this week,No,,Cost is within normal historical baseline and peer group range.
Delhi-Jaipur,2024-05-27,2.94,+0.0% vs this route's past average,+1.9% vs similar-length routes this week,No,,Cost is within normal historical baseline and peer group range.
Delhi-Kolkata,2024-05-27,1.98,-0.8% vs this route's past average,-3.4% vs similar-length routes this week,No,,Cost is within normal historical baseline and peer group range.
Kolkata-Bhubaneswar,2024-05-27,2.48,-0.8% vs this route's past average,+2.5% vs similar-length routes this week,No,,Cost is within normal historical baseline and peer group range.
Mumbai-Delhi,2024-05-27,2.05,+0.3% vs this route's past average,+3.5% vs similar-length routes this week,No,,Cost is within normal historical baseline and peer group range.
Mumbai-Pune,2024-05-27,3.02,+1.0% vs this route's past average,+6.2% vs similar-length routes this week,No,,Cost is within normal historical baseline and peer group range.
Ahmedabad-Mumbai,2024-06-03,2.44,-0.3% vs this route's past average,+0.4% vs similar-length routes this week,No,,Cost is within normal historical baseline and peer group range.
Bangalore-Hyderabad,2024-06-03,2.38,-0.4% vs this route's past average,-3.3% vs similar-length routes this week,No,,Cost is within normal historical baseline and peer group range.
Chennai-Bangalore,2024-06-03,2.75,-0.1% vs this route's past average,-7.3% vs similar-length routes this week,No,,Cost is within normal historical baseline and peer group range.
Delhi-Jaipur,2024-06-03,2.93,-0.2% vs this route's past average,+1.9% vs similar-length routes this week,No,,Cost is within normal historical baseline and peer group range.
Delhi-Kolkata,2024-06-03,2.01,+0.9% vs this route's past average,-2.0% vs similar-length routes this week,No,,Cost is within normal historical baseline and peer group range.
Kolkata-Bhubaneswar,2024-06-03,2.48,-0.7% vs this route's past average,+2.9% vs similar-length routes this week,No,,Cost is within normal historical baseline and peer group range.
Mumbai-Delhi,2024-06-03,2.05,+0.4% vs this route's past average,+2.0% vs similar-length routes this week,No,,Cost is within normal historical baseline and peer group range.
Mumbai-Pune,2024-06-03,3.00,+0.1% vs this route's past average,+5.6% vs similar-length routes this week,No,,Cost is within normal historical baseline and peer group range.
Ahmedabad-Mumbai,2024-06-10,2.45,+0.3% vs this route's past average,+0.4% vs similar-length routes this week,No,,Cost is within normal historical baseline and peer group range.
Bangalore-Hyderabad,2024-06-10,2.39,+0.1% vs this route's past average,-3.2% vs similar-length routes this week,No,,Cost is within normal historical baseline and peer group range.
Chennai-Bangalore,2024-06-10,2.74,-0.5% vs this route's past average,-7.6% vs similar-length routes this week,No,,Cost is within normal historical baseline and peer group range.
Delhi-Jaipur,2024-06-10,2.93,-0.2% vs this route's past average,+2.1% vs similar-length routes this week,No,,Cost is within normal historical baseline and peer group range.
Delhi-Kolkata,2024-06-10,1.99,-0.2% vs this route's past average,-2.9% vs similar-length routes this week,No,,Cost is within normal historical baseline and peer group range.
Kolkata-Bhubaneswar,2024-06-10,2.49,-0.2% vs this route's past average,+2.9% vs similar-length routes this week,No,,Cost is within normal historical baseline and peer group range.
Mumbai-Delhi,2024-06-10,2.05,+0.4% vs this route's past average,+3.0% vs similar-length routes this week,No,,Cost is within normal historical baseline and peer group range.
Mumbai-Pune,2024-06-10,3.00,+0.1% vs this route's past average,+5.8% vs similar-length routes this week,No,,Cost is within normal historical baseline and peer group range.
Ahmedabad-Mumbai,2024-06-17,2.43,-0.7% vs this route's past average,-1.0% vs similar-length routes this week,No,,Cost is within normal historical baseline and peer group range.
Bangalore-Hyderabad,2024-06-17,2.41,+1.0% vs this route's past average,-2.2% vs similar-length routes this week,No,,Cost is within normal historical baseline and peer group range.
Chennai-Bangalore,2024-06-17,2.75,-0.1% vs this route's past average,-7.4% vs similar-length routes this week,No,,Cost is within normal historical baseline and peer group range.
Delhi-Jaipur,2024-06-17,2.94,+0.1% vs this route's past average,+2.3% vs similar-length routes this week,No,,Cost is within normal historical baseline and peer group range.
Delhi-Kolkata,2024-06-17,2.00,+0.2% vs this route's past average,-2.4% vs similar-length routes this week,No,,Cost is within normal historical baseline and peer group range.
Kolkata-Bhubaneswar,2024-06-17,2.50,+0.3% vs this route's past average,+3.3% vs similar-length routes this week,No,,Cost is within normal historical baseline and peer group range.
Mumbai-Delhi,2024-06-17,2.05,+0.4% vs this route's past average,+2.5% vs similar-length routes this week,No,,Cost is within normal historical baseline and peer group range.
Mumbai-Pune,2024-06-17,3.00,+0.0% vs this route's past average,+5.4% vs similar-length routes this week,No,,Cost is within normal historical baseline and peer group range.
Ahmedabad-Mumbai,2024-06-24,2.46,+0.7% vs this route's past average,+0.8% vs similar-length routes this week,No,,Cost is within normal historical baseline and peer group range.
Bangalore-Hyderabad,2024-06-24,2.38,-0.3% vs this route's past average,-4.0% vs similar-length routes this week,No,,Cost is within normal historical baseline and peer group range.
Chennai-Bangalore,2024-06-24,2.77,+0.6% vs this route's past average,-6.4% vs similar-length routes this week,No,,Cost is within normal historical baseline and peer group range.
Delhi-Jaipur,2024-06-24,2.95,+0.4% vs this route's past average,+2.8% vs similar-length routes this week,No,,Cost is within normal historical baseline and peer group range.
Delhi-Kolkata,2024-06-24,2.01,+0.7% vs this route's past average,-1.5% vs similar-length routes this week,No,,Cost is within normal historical baseline and peer group range.
Kolkata-Bhubaneswar,2024-06-24,2.50,+0.3% vs this route's past average,+3.3% vs similar-length routes this week,No,,Cost is within normal historical baseline and peer group range.
Mumbai-Delhi,2024-06-24,2.04,-0.2% vs this route's past average,+1.5% vs similar-length routes this week,No,,Cost is within normal historical baseline and peer group range.
Mumbai-Pune,2024-06-24,2.97,-1.0% vs this route's past average,+3.8% vs similar-length routes this week,No,,Cost is within normal historical baseline and peer group range.
Ahmedabad-Mumbai,2024-07-01,2.45,+0.3% vs this route's past average,-0.2% vs similar-length routes this week,No,,Cost is within normal historical baseline and peer group range.
Bangalore-Hyderabad,2024-07-01,2.40,+0.6% vs this route's past average,-3.2% vs similar-length routes this week,No,,Cost is within normal historical baseline and peer group range.
Chennai-Bangalore,2024-07-01,2.76,+0.3% vs this route's past average,-6.9% vs similar-length routes this week,No,,Cost is within normal historical baseline and peer group range.
Delhi-Jaipur,2024-07-01,2.95,+0.3% vs this route's past average,+2.8% vs similar-length routes this week,No,,Cost is within normal historical baseline and peer group range.
Delhi-Kolkata,2024-07-01,1.99,-0.3% vs this route's past average,-2.9% vs similar-length routes this week,No,,Cost is within normal historical baseline and peer group range.
Kolkata-Bhubaneswar,2024-07-01,2.51,+0.7% vs this route's past average,+3.5% vs similar-length routes this week,No,,Cost is within normal historical baseline and peer group range.
Mumbai-Delhi,2024-07-01,2.05,+0.3% vs this route's past average,+3.0% vs similar-length routes this week,No,,Cost is within normal historical baseline and peer group range.
Mumbai-Pune,2024-07-01,2.98,-0.6% vs this route's past average,+4.4% vs similar-length routes this week,No,,Cost is within normal historical baseline and peer group range.
Ahmedabad-Mumbai,2024-07-08,2.43,-0.6% vs this route's past average,+0.0% vs similar-length routes this week,No,,Cost is within normal historical baseline and peer group range.
Bangalore-Hyderabad,2024-07-08,2.39,+0.0% vs this route's past average,-2.4% vs similar-length routes this week,No,,Cost is within normal historical baseline and peer group range.
Chennai-Bangalore,2024-07-08,2.77,+0.5% vs this route's past average,-7.7% vs similar-length routes this week,No,,Cost is within normal historical baseline and peer group range.
Delhi-Jaipur,2024-07-08,2.99,+1.6% vs this route's past average,+3.5% vs similar-length routes this week,No,,Cost is within normal historical baseline and peer group range.
Delhi-Kolkata,2024-07-08,1.99,-0.3% vs this route's past average,-2.9% vs similar-length routes this week,No,,Cost is within normal historical baseline and peer group range.
Kolkata-Bhubaneswar,2024-07-08,2.47,-0.9% vs this route's past average,+2.5% vs similar-length routes this week,No,,Cost is within normal historical baseline and peer group range.
Mumbai-Delhi,2024-07-08,2.05,+0.2% vs this route's past average,+3.0% vs similar-length routes this week,No,,Cost is within normal historical baseline and peer group range.
Mumbai-Pune,2024-07-08,3.01,+0.4% vs this route's past average,+4.5% vs similar-length routes this week,No,,Cost is within normal historical baseline and peer group range.
Ahmedabad-Mumbai,2024-07-15,2.45,+0.3% vs this route's past average,+0.0% vs similar-length routes this week,No,,Cost is within normal historical baseline and peer group range.
Bangalore-Hyderabad,2024-07-15,2.40,+0.5% vs this route's past average,-3.0% vs similar-length routes this week,No,,Cost is within normal historical baseline and peer group range.
Chennai-Bangalore,2024-07-15,2.76,+0.1% vs this route's past average,-7.1% vs similar-length routes this week,No,,Cost is within normal historical baseline and peer group range.
Delhi-Jaipur,2024-07-15,2.95,+0.0% vs this route's past average,+2.6% vs similar-length routes this week,No,,Cost is within normal historical baseline and peer group range.
Delhi-Kolkata,2024-07-15,2.02,+1.3% vs this route's past average,-2.4% vs similar-length routes this week,No,,Cost is within normal historical baseline and peer group range.
Kolkata-Bhubaneswar,2024-07-15,2.50,+0.4% vs this route's past average,+3.1% vs similar-length routes this week,No,,Cost is within normal historical baseline and peer group range.
Mumbai-Delhi,2024-07-15,2.07,+1.1% vs this route's past average,+2.5% vs similar-length routes this week,No,,Cost is within normal historical baseline and peer group range.
Mumbai-Pune,2024-07-15,2.99,-0.2% vs this route's past average,+4.7% vs similar-length routes this week,No,,Cost is within normal historical baseline and peer group range.
Ahmedabad-Mumbai,2024-07-22,2.47,+1.0% vs this route's past average,+0.4% vs similar-length routes this week,No,,Cost is within normal historical baseline and peer group range.
Bangalore-Hyderabad,2024-07-22,2.41,+0.7% vs this route's past average,-3.2% vs similar-length routes this week,No,,Cost is within normal historical baseline and peer group range.
Chennai-Bangalore,2024-07-22,2.75,-0.2% vs this route's past average,-7.4% vs similar-length routes this week,No,,Cost is within normal historical baseline and peer group range.
Delhi-Jaipur,2024-07-22,2.95,+0.1% vs this route's past average,+2.8% vs similar-length routes this week,No,,Cost is within normal historical baseline and peer group range.
Delhi-Kolkata,2024-07-22,2.00,+0.1% vs this route's past average,-1.5% vs similar-length routes this week,No,,Cost is within normal historical baseline and peer group range.
Kolkata-Bhubaneswar,2024-07-22,2.51,+0.8% vs this route's past average,+2.9% vs similar-length routes this week,No,,Cost is within normal historical baseline and peer group range.
Mumbai-Delhi,2024-07-22,2.03,-1.0% vs this route's past average,+1.5% vs similar-length routes this week,No,,Cost is within normal historical baseline and peer group range.
Mumbai-Pune,2024-07-22,2.99,-0.2% vs this route's past average,+4.9% vs similar-length routes this week,No,,Cost is within normal historical baseline and peer group range.
Ahmedabad-Mumbai,2024-07-29,2.44,-0.3% vs this route's past average,-0.8% vs similar-length routes this week,No,,Cost is within normal historical baseline and peer group range.
Bangalore-Hyderabad,2024-07-29,2.40,+0.2% vs this route's past average,-3.2% vs similar-length routes this week,No,,Cost is within normal historical baseline and peer group range.
Chennai-Bangalore,2024-07-29,2.75,-0.2% vs this route's past average,-7.4% vs similar-length routes this week,No,,Cost is within normal historical baseline and peer group range.
Delhi-Jaipur,2024-07-29,2.95,+0.0% vs this route's past average,+2.8% vs similar-length routes this week,No,,Cost is within normal historical baseline and peer group range.
Delhi-Kolkata,2024-07-29,2.01,+0.4% vs this route's past average,-2.9% vs similar-length routes this week,No,,Cost is within normal historical baseline and peer group range.
Kolkata-Bhubaneswar,2024-07-29,2.52,+1.0% vs this route's past average,+4.1% vs similar-length routes this week,No,,Cost is within normal historical baseline and peer group range.
Mumbai-Delhi,2024-07-29,2.07,+1.0% vs this route's past average,+3.0% vs similar-length routes this week,No,,Cost is within normal historical baseline and peer group range.
Mumbai-Pune,2024-07-29,2.99,-0.1% vs this route's past average,+4.9% vs similar-length routes this week,No,,Cost is within normal historical baseline and peer group range.
Ahmedabad-Mumbai,2024-08-05,2.46,+0.5% vs this route's past average,+0.2% vs similar-length routes this week,No,,Cost is within normal historical baseline and peer group range.
Bangalore-Hyderabad,2024-08-05,2.40,+0.1% vs this route's past average,-3.4% vs similar-length routes this week,No,,Cost is within normal historical baseline and peer group range.
Chennai-Bangalore,2024-08-05,2.76,+0.1% vs this route's past average,-7.7% vs similar-length routes this week,No,,Cost is within normal historical baseline and peer group range.
Delhi-Jaipur,2024-08-05,2.97,+0.6% vs this route's past average,+2.9% vs similar-length routes this week,No,,Cost is within normal historical baseline and peer group range.
Delhi-Kolkata,2024-08-05,2.01,+0.4% vs this route's past average,-2.0% vs similar-length routes this week,No,,Cost is within normal historical baseline and peer group range.
Kolkata-Bhubaneswar,2024-08-05,2.51,+0.4% vs this route's past average,+3.3% vs similar-length routes this week,No,,Cost is within normal historical baseline and peer group range.
Mumbai-Delhi,2024-08-05,2.05,-0.1% vs this route's past average,+2.0% vs similar-length routes this week,No,,Cost is within normal historical baseline and peer group range.
Mumbai-Pune,2024-08-05,3.01,+0.6% vs this route's past average,+5.1% vs similar-length routes this week,No,,Cost is within normal historical baseline and peer group range.
Ahmedabad-Mumbai,2024-08-12,2.42,-1.2% vs this route's past average,-0.8% vs similar-length routes this week,No,,Cost is within normal historical baseline and peer group range.
Bangalore-Hyderabad,2024-08-12,2.39,-0.4% vs this route's past average,-2.6% vs similar-length routes this week,No,,Cost is within normal historical baseline and peer group range.
Chennai-Bangalore,2024-08-12,2.74,-0.7% vs this route's past average,-7.9% vs similar-length routes this week,No,,Cost is within normal historical baseline and peer group range.
Delhi-Jaipur,2024-08-12,2.95,-0.2% vs this route's past average,+2.8% vs similar-length routes this week,No,,Cost is within normal historical baseline and peer group range.
Delhi-Kolkata,2024-08-12,2.00,-0.2% vs this route's past average,-2.9% vs similar-length routes this week,No,,Cost is within normal historical baseline and peer group range.
Kolkata-Bhubaneswar,2024-08-12,2.49,-0.5% vs this route's past average,+3.5% vs similar-length routes this week,No,,Cost is within normal historical baseline and peer group range.
Mumbai-Delhi,2024-08-12,2.06,+0.4% vs this route's past average,+3.0% vs similar-length routes this week,No,,Cost is within normal historical baseline and peer group range.
Mumbai-Pune,2024-08-12,3.00,+0.3% vs this route's past average,+5.4% vs similar-length routes this week,No,,Cost is within normal historical baseline and peer group range.
Ahmedabad-Mumbai,2024-08-19,2.46,+0.5% vs this route's past average,+0.2% vs similar-length routes this week,No,,Cost is within normal historical baseline and peer group range.
Bangalore-Hyderabad,2024-08-19,2.40,+0.2% vs this route's past average,-3.4% vs similar-length routes this week,No,,Cost is within normal historical baseline and peer group range.
Chennai-Bangalore,2024-08-19,2.75,-0.3% vs this route's past average,-7.7% vs similar-length routes this week,No,,Cost is within normal historical baseline and peer group range.
Delhi-Jaipur,2024-08-19,2.95,-0.3% vs this route's past average,+2.4% vs similar-length routes this week,No,,Cost is within normal historical baseline and peer group range.
Delhi-Kolkata,2024-08-19,2.01,+0.3% vs this route's past average,-2.0% vs similar-length routes this week,No,,Cost is within normal historical baseline and peer group range.
Kolkata-Bhubaneswar,2024-08-19,2.51,+0.3% vs this route's past average,+3.3% vs similar-length routes this week,No,,Cost is within normal historical baseline and peer group range.
Mumbai-Delhi,2024-08-19,2.05,-0.1% vs this route's past average,+2.0% vs similar-length routes this week,No,,Cost is within normal historical baseline and peer group range.
Mumbai-Pune,2024-08-19,3.01,+0.6% vs this route's past average,+5.6% vs similar-length routes this week,No,,Cost is within normal historical baseline and peer group range.
Ahmedabad-Mumbai,2024-08-26,2.45,+0.1% vs this route's past average,-0.2% vs similar-length routes this week,No,,Cost is within normal historical baseline and peer group range.
Bangalore-Hyderabad,2024-08-26,2.39,-0.4% vs this route's past average,-3.8% vs similar-length routes this week,No,,Cost is within normal historical baseline and peer group range.
Chennai-Bangalore,2024-08-26,2.76,+0.2% vs this route's past average,-6.8% vs similar-length routes this week,No,,Cost is within normal historical baseline and peer group range.
Delhi-Jaipur,2024-08-26,2.92,-1.3% vs this route's past average,+1.4% vs similar-length routes this week,No,,Cost is within normal historical baseline and peer group range.
Delhi-Kolkata,2024-08-26,2.00,-0.2% vs this route's past average,-2.0% vs similar-length routes this week,No,,Cost is within normal historical baseline and peer group range.
Kolkata-Bhubaneswar,2024-08-26,2.52,+0.7% vs this route's past average,+4.1% vs similar-length routes this week,No,,Cost is within normal historical baseline and peer group range.
Mumbai-Delhi,2024-08-26,2.04,-0.7% vs this route's past average,+2.0% vs similar-length routes this week,No,,Cost is within normal historical baseline and peer group range.
Mumbai-Pune,2024-08-26,3.00,+0.1% vs this route's past average,+5.6% vs similar-length routes this week,No,,Cost is within normal historical baseline and peer group range.
Ahmedabad-Mumbai,2024-09-02,2.46,+0.5% vs this route's past average,+0.2% vs similar-length routes this week,No,,Cost is within normal historical baseline and peer group range.
Bangalore-Hyderabad,2024-09-02,2.41,+0.5% vs this route's past average,-2.8% vs similar-length routes this week,No,,Cost is within normal historical baseline and peer group range.
Chennai-Bangalore,2024-09-02,2.74,-0.5% vs this route's past average,-7.9% vs similar-length routes this week,No,,Cost is within normal historical baseline and peer group range.
Delhi-Jaipur,2024-09-02,2.93,-0.8% vs this route's past average,+1.7% vs similar-length routes this week,No,,Cost is within normal historical baseline and peer group range.
Delhi-Kolkata,2024-09-02,1.99,-0.7% vs this route's past average,-2.9% vs similar-length routes this week,No,,Cost is within normal historical baseline and peer group range.
Kolkata-Bhubaneswar,2024-09-02,2.50,-0.1% vs this route's past average,+2.7% vs similar-length routes this week,No,,Cost is within normal historical baseline and peer group range.
Mumbai-Delhi,2024-09-02,2.05,-0.1% vs this route's past average,+3.0% vs similar-length routes this week,No,,Cost is within normal historical baseline and peer group range.
Mumbai-Pune,2024-09-02,3.02,+0.7% vs this route's past average,+6.5% vs similar-length routes this week,No,,Cost is within normal historical baseline and peer group range.
Ahmedabad-Mumbai,2024-09-09,2.47,+0.8% vs this route's past average,+0.6% vs similar-length routes this week,No,,Cost is within normal historical baseline and peer group range.
Bangalore-Hyderabad,2024-09-09,2.40,-0.0% vs this route's past average,-3.6% vs similar-length routes this week,No,,Cost is within normal historical baseline and peer group range.
Chennai-Bangalore,2024-09-09,2.76,+0.3% vs this route's past average,-7.5% vs similar-length routes this week,No,,Cost is within normal historical baseline and peer group range.
Delhi-Jaipur,2024-09-09,2.97,+0.8% vs this route's past average,+3.1% vs similar-length routes this week,No,,Cost is within normal historical baseline and peer group range.
Delhi-Kolkata,2024-09-09,2.00,-0.2% vs this route's past average,-2.0% vs similar-length routes this week,No,,Cost is within normal historical baseline and peer group range.
Kolkata-Bhubaneswar,2024-09-09,2.51,+0.1% vs this route's past average,+3.1% vs similar-length routes this week,No,,Cost is within normal historical baseline and peer group range.
Mumbai-Delhi,2024-09-09,2.04,-0.6% vs this route's past average,+2.0% vs similar-length routes this week,No,,Cost is within normal historical baseline and peer group range.
Mumbai-Pune,2024-09-09,3.00,-0.0% vs this route's past average,+4.7% vs similar-length routes this week,No,,Cost is within normal historical baseline and peer group range.
Ahmedabad-Mumbai,2024-09-16,2.44,-0.6% vs this route's past average,+0.4% vs similar-length routes this week,No,,Cost is within normal historical baseline and peer group range.
Bangalore-Hyderabad,2024-09-16,2.39,-0.4% vs this route's past average,-2.6% vs similar-length routes this week,No,,Cost is within normal historical baseline and peer group range.
Chennai-Bangalore,2024-09-16,2.76,+0.3% vs this route's past average,-7.5% vs similar-length routes this week,No,,Cost is within normal historical baseline and peer group range.
Delhi-Jaipur,2024-09-16,2.95,+0.0% vs this route's past average,+2.1% vs similar-length routes this week,No,,Cost is within normal historical baseline and peer group range.
Delhi-Kolkata,2024-09-16,1.99,-0.6% vs this route's past average,-2.5% vs similar-length routes this week,No,,Cost is within normal historical baseline and peer group range.
Kolkata-Bhubaneswar,2024-09-16,2.47,-1.5% vs this route's past average,+2.3% vs similar-length routes this week,No,,Cost is within normal historical baseline and peer group range.
Mumbai-Delhi,2024-09-16,2.04,-0.4% vs this route's past average,+2.5% vs similar-length routes this week,No,,Cost is within normal historical baseline and peer group range.
Mumbai-Pune,2024-09-16,3.02,+0.6% vs this route's past average,+5.8% vs similar-length routes this week,No,,Cost is within normal historical baseline and peer group range.
Ahmedabad-Mumbai,2024-09-23,2.44,-0.4% vs this route's past average,-1.2% vs similar-length routes this week,No,,Cost is within normal historical baseline and peer group range.
Bangalore-Hyderabad,2024-09-23,2.42,+0.9% vs this route's past average,-2.4% vs similar-length routes this week,No,,Cost is within normal historical baseline and peer group range.
Chennai-Bangalore,2024-09-23,2.79,+1.4% vs this route's past average,-6.4% vs similar-length routes this week,No,,Cost is within normal historical baseline and peer group range.
Delhi-Jaipur,2024-09-23,2.97,+0.7% vs this route's past average,+2.8% vs similar-length routes this week,No,,Cost is within normal historical baseline and peer group range.
Delhi-Kolkata,2024-09-23,1.99,-0.6% vs this route's past average,-2.5% vs similar-length routes this week,No,,Cost is within normal historical baseline and peer group range.
Kolkata-Bhubaneswar,2024-09-23,2.52,+0.6% vs this route's past average,+3.7% vs similar-length routes this week,No,,Cost is within normal historical baseline and peer group range.
Mumbai-Delhi,2024-09-23,2.04,-0.5% vs this route's past average,+2.5% vs similar-length routes this week,No,,Cost is within normal historical baseline and peer group range.
Mumbai-Pune,2024-09-23,2.99,-0.5% vs this route's past average,+3.8% vs similar-length routes this week,No,,Cost is within normal historical baseline and peer group range.
Ahmedabad-Mumbai,2024-09-30,2.45,+0.0% vs this route's past average,-0.4% vs similar-length routes this week,No,,Cost is within normal historical baseline and peer group range.
Bangalore-Hyderabad,2024-09-30,2.41,+0.4% vs this route's past average,-2.8% vs similar-length routes this week,No,,Cost is within normal historical baseline and peer group range.
Chennai-Bangalore,2024-09-30,2.72,-1.4% vs this route's past average,-8.3% vs similar-length routes this week,No,,Cost is within normal historical baseline and peer group range.
Delhi-Jaipur,2024-09-30,2.92,-1.1% vs this route's past average,+1.9% vs similar-length routes this week,No,,Cost is within normal historical baseline and peer group range.
Delhi-Kolkata,2024-09-30,1.99,-0.4% vs this route's past average,-2.9% vs similar-length routes this week,No,,Cost is within normal historical baseline and peer group range.
Kolkata-Bhubaneswar,2024-09-30,2.51,+0.2% vs this route's past average,+3.3% vs similar-length routes this week,No,,Cost is within normal historical baseline and peer group range.
Mumbai-Delhi,2024-09-30,2.05,+0.2% vs this route's past average,+3.0% vs similar-length routes this week,No,,Cost is within normal historical baseline and peer group range.
Mumbai-Pune,2024-09-30,3.01,+0.1% vs this route's past average,+6.7% vs similar-length routes this week,No,,Cost is within normal historical baseline and peer group range.
Ahmedabad-Mumbai,2024-10-07,2.47,+0.9% vs this route's past average,+1.0% vs similar-length routes this week,No,,Cost is within normal historical baseline and peer group range.
Bangalore-Hyderabad,2024-10-07,2.40,-0.1% vs this route's past average,-3.2% vs similar-length routes this week,No,,Cost is within normal historical baseline and peer group range.
Chennai-Bangalore,2024-10-07,2.74,-0.5% vs this route's past average,-8.4% vs similar-length routes this week,No,,Cost is within normal historical baseline and peer group range.
Delhi-Jaipur,2024-10-07,2.98,+1.2% vs this route's past average,+3.8% vs similar-length routes this week,No,,Cost is within normal historical baseline and peer group range.
Delhi-Kolkata,2024-10-07,1.99,-0.3% vs this route's past average,-2.5% vs similar-length routes this week,No,,Cost is within normal historical baseline and peer group range.
Kolkata-Bhubaneswar,2024-10-07,2.49,-0.5% vs this route's past average,+2.3% vs similar-length routes this week,No,,Cost is within normal historical baseline and peer group range.
Mumbai-Delhi,2024-10-07,2.04,-0.3% vs this route's past average,+2.5% vs similar-length routes this week,No,,Cost is within normal historical baseline and peer group range.
Mumbai-Pune,2024-10-07,3.00,-0.2% vs this route's past average,+4.9% vs similar-length routes this week,No,,Cost is within normal historical baseline and peer group range.
Ahmedabad-Mumbai,2024-10-14,2.45,-0.2% vs this route's past average,-0.8% vs similar-length routes this week,No,,Cost is within normal historical baseline and peer group range.
Bangalore-Hyderabad,2024-10-14,2.43,+1.1% vs this route's past average,-2.0% vs similar-length routes this week,No,,Cost is within normal historical baseline and peer group range.
Chennai-Bangalore,2024-10-14,2.76,+0.3% vs this route's past average,-7.2% vs similar-length routes this week,No,,Cost is within normal historical baseline and peer group range.
Delhi-Jaipur,2024-10-14,2.93,-0.6% vs this route's past average,+1.4% vs similar-length routes this week,No,,Cost is within normal historical baseline and peer group range.
Delhi-Kolkata,2024-10-14,2.01,+0.8% vs this route's past average,-1.5% vs similar-length routes this week,No,,Cost is within normal historical baseline and peer group range.
Kolkata-Bhubaneswar,2024-10-14,2.51,+0.2% vs this route's past average,+2.9% vs similar-length routes this week,No,,Cost is within normal historical baseline and peer group range.
Mumbai-Delhi,2024-10-14,2.04,-0.2% vs this route's past average,+1.5% vs similar-length routes this week,No,,Cost is within normal historical baseline and peer group range.
Mumbai-Pune,2024-10-14,3.02,+0.5% vs this route's past average,+6.2% vs similar-length routes this week,No,,Cost is within normal historical baseline and peer group range.
Ahmedabad-Mumbai,2024-10-21,2.46,+0.3% vs this route's past average,+0.2% vs similar-length routes this week,No,,Cost is within normal historical baseline and peer group range.
Bangalore-Hyderabad,2024-10-21,2.40,-0.3% vs this route's past average,-3.4% vs similar-length routes this week,No,,Cost is within normal historical baseline and peer group range.
Chennai-Bangalore,2024-10-21,2.74,-0.5% vs this route's past average,-7.4% vs similar-length routes this week,No,,Cost is within normal historical baseline and peer group range.
Delhi-Jaipur,2024-10-21,2.93,-0.6% vs this route's past average,+2.3% vs similar-length routes this week,No,,Cost is within normal historical baseline and peer group range.
Delhi-Kolkata,2024-10-21,2.00,+0.3% vs this route's past average,-1.5% vs similar-length routes this week,No,,Cost is within normal historical baseline and peer group range.
Kolkata-Bhubaneswar,2024-10-21,2.51,+0.2% vs this route's past average,+3.3% vs similar-length routes this week,No,,Cost is within normal historical baseline and peer group range.
Mumbai-Delhi,2024-10-21,2.03,-0.6% vs this route's past average,+1.5% vs similar-length routes this week,No,,Cost is within normal historical baseline and peer group range.
Mumbai-Pune,2024-10-21,2.99,-0.6% vs this route's past average,+5.5% vs similar-length routes this week,No,,Cost is within normal historical baseline and peer group range.
Ahmedabad-Mumbai,2024-10-28,2.47,+0.6% vs this route's past average,+0.6% vs similar-length routes this week,No,,Cost is within normal historical baseline and peer group range.
Bangalore-Hyderabad,2024-10-28,2.40,-0.3% vs this route's past average,-3.6% vs similar-length routes this week,No,,Cost is within normal historical baseline and peer group range.
Chennai-Bangalore,2024-10-28,2.76,+0.3% vs this route's past average,-7.1% vs similar-length routes this week,No,,Cost is within normal historical baseline and peer group range.
Delhi-Jaipur,2024-10-28,2.95,+0.1% vs this route's past average,+2.6% vs similar-length routes this week,No,,Cost is within normal historical baseline and peer group range.
Delhi-Kolkata,2024-10-28,1.99,-0.3% vs this route's past average,-2.5% vs similar-length routes this week,No,,Cost is within normal historical baseline and peer group range.
Kolkata-Bhubaneswar,2024-10-28,2.51,+0.3% vs this route's past average,+3.1% vs similar-length routes this week,No,,Cost is within normal historical baseline and peer group range.
Mumbai-Delhi,2024-10-28,2.04,-0.1% vs this route's past average,+2.5% vs similar-length routes this week,No,,Cost is within normal historical baseline and peer group range.
Mumbai-Pune,2024-10-28,2.99,-0.5% vs this route's past average,+4.7% vs similar-length routes this week,No,,Cost is within normal historical baseline and peer group range.
Ahmedabad-Mumbai,2024-11-04,2.46,+0.2% vs this route's past average,+0.8% vs similar-length routes this week,No,,Cost is within normal historical baseline and peer group range.
Bangalore-Hyderabad,2024-11-04,2.38,-1.1% vs this route's past average,-4.0% vs similar-length routes this week,No,,Cost is within normal historical baseline and peer group range.
Chennai-Bangalore,2024-11-04,2.76,+0.2% vs this route's past average,-7.8% vs similar-length routes this week,No,,Cost is within normal historical baseline and peer group range.
Delhi-Jaipur,2024-11-04,2.97,+0.7% vs this route's past average,+2.8% vs similar-length routes this week,No,,Cost is within normal historical baseline and peer group range.
Delhi-Kolkata,2024-11-04,2.00,+0.3% vs this route's past average,-2.4% vs similar-length routes this week,No,,Cost is within normal historical baseline and peer group range.
Kolkata-Bhubaneswar,2024-11-04,2.50,-0.1% vs this route's past average,+3.3% vs similar-length routes this week,No,,Cost is within normal historical baseline and peer group range.
Mumbai-Delhi,2024-11-04,2.05,+0.5% vs this route's past average,+2.5% vs similar-length routes this week,No,,Cost is within normal historical baseline and peer group range.
Mumbai-Pune,2024-11-04,3.02,+0.6% vs this route's past average,+5.4% vs similar-length routes this week,No,,Cost is within normal historical baseline and peer group range.
Ahmedabad-Mumbai,2024-11-11,2.46,+0.2% vs this route's past average,+0.0% vs similar-length routes this week,No,,Cost is within normal historical baseline and peer group range.
Bangalore-Hyderabad,2024-11-11,2.39,-0.6% vs this route's past average,-4.2% vs similar-length routes this week,No,,Cost is within normal historical baseline and peer group range.
Chennai-Bangalore,2024-11-11,2.77,+0.6% vs this route's past average,-22.6% vs similar-length routes this week,No,,Cost is within normal historical baseline and peer group range.
Delhi-Jaipur,2024-11-11,4.14,+40.3% vs this route's past average,+43.0% vs similar-length routes this week,Yes,,No matching note found for this route or date range. Cost rise looks unexplained and worth a human review.
Delhi-Kolkata,2024-11-11,2.02,+1.3% vs this route's past average,-1.9% vs similar-length routes this week,No,,Cost is within normal historical baseline and peer group range.
Kolkata-Bhubaneswar,2024-11-11,2.53,+1.1% vs this route's past average,+4.3% vs similar-length routes this week,No,,Cost is within normal historical baseline and peer group range.
Mumbai-Delhi,2024-11-11,2.06,+0.9% vs this route's past average,+2.0% vs similar-length routes this week,No,,Cost is within normal historical baseline and peer group range.
Mumbai-Pune,2024-11-11,3.02,+0.5% vs this route's past average,-12.6% vs similar-length routes this week,No,,Cost is within normal historical baseline and peer group range.
Ahmedabad-Mumbai,2024-11-18,2.46,+0.1% vs this route's past average,+0.4% vs similar-length routes this week,No,,Cost is within normal historical baseline and peer group range.
Bangalore-Hyderabad,2024-11-18,2.41,+0.3% vs this route's past average,-2.6% vs similar-length routes this week,No,,Cost is within normal historical baseline and peer group range.
Chennai-Bangalore,2024-11-18,2.74,-0.5% vs this route's past average,-7.6% vs similar-length routes this week,No,,Cost is within normal historical baseline and peer group range.
Delhi-Jaipur,2024-11-18,2.93,-5.4% vs this route's past average,+2.1% vs similar-length routes this week,No,,Cost is within normal historical baseline and peer group range.
Delhi-Kolkata,2024-11-18,1.99,-0.4% vs this route's past average,-2.9% vs similar-length routes this week,No,,Cost is within normal historical baseline and peer group range.
Kolkata-Bhubaneswar,2024-11-18,2.49,-0.8% vs this route's past average,+2.3% vs similar-length routes this week,No,,Cost is within normal historical baseline and peer group range.
Mumbai-Delhi,2024-11-18,2.05,+0.3% vs this route's past average,+3.0% vs similar-length routes this week,No,,Cost is within normal historical baseline and peer group range.
Mumbai-Pune,2024-11-18,3.00,-0.2% vs this route's past average,+5.8% vs similar-length routes this week,No,,Cost is within normal historical baseline and peer group range.
Ahmedabad-Mumbai,2024-11-25,2.44,-0.8% vs this route's past average,+0.2% vs similar-length routes this week,No,,Cost is within normal historical baseline and peer group range.
Bangalore-Hyderabad,2024-11-25,2.39,-0.5% vs this route's past average,-2.8% vs similar-length routes this week,No,,Cost is within normal historical baseline and peer group range.
Chennai-Bangalore,2024-11-25,2.78,+1.1% vs this route's past average,-6.9% vs similar-length routes this week,No,,Cost is within normal historical baseline and peer group range.
Delhi-Jaipur,2024-11-25,2.95,-4.6% vs this route's past average,+1.7% vs similar-length routes this week,No,,Cost is within normal historical baseline and peer group range.
Delhi-Kolkata,2024-11-25,2.01,+0.6% vs this route's past average,-1.5% vs similar-length routes this week,No,,Cost is within normal historical baseline and peer group range.
Kolkata-Bhubaneswar,2024-11-25,2.48,-1.0% vs this route's past average,+2.7% vs similar-length routes this week,No,,Cost is within normal historical baseline and peer group range.
Mumbai-Delhi,2024-11-25,2.04,-0.2% vs this route's past average,+1.5% vs similar-length routes this week,No,,Cost is within normal historical baseline and peer group range.
Mumbai-Pune,2024-11-25,3.02,+0.5% vs this route's past average,+5.4% vs similar-length routes this week,No,,Cost is within normal historical baseline and peer group range.
Ahmedabad-Mumbai,2024-12-02,2.44,-0.8% vs this route's past average,+0.4% vs similar-length routes this week,No,,Cost is within normal historical baseline and peer group range.
Bangalore-Hyderabad,2024-12-02,2.38,-0.8% vs this route's past average,-3.3% vs similar-length routes this week,No,,Cost is within normal historical baseline and peer group range.
Chennai-Bangalore,2024-12-02,2.75,-0.2% vs this route's past average,-8.0% vs similar-length routes this week,No,,Cost is within normal historical baseline and peer group range.
Delhi-Jaipur,2024-12-02,2.98,-3.8% vs this route's past average,+3.7% vs similar-length routes this week,No,,Cost is within normal historical baseline and peer group range.
Delhi-Kolkata,2024-12-02,1.99,-0.6% vs this route's past average,-3.4% vs similar-length routes this week,No,,Cost is within normal historical baseline and peer group range.
Kolkata-Bhubaneswar,2024-12-02,2.48,-0.9% vs this route's past average,+2.9% vs similar-length routes this week,No,,Cost is within normal historical baseline and peer group range.
Mumbai-Delhi,2024-12-02,2.06,+0.8% vs this route's past average,+3.5% vs similar-length routes this week,No,,Cost is within normal historical baseline and peer group range.
Mumbai-Pune,2024-12-02,3.00,-0.2% vs this route's past average,+4.7% vs similar-length routes this week,No,,Cost is within normal historical baseline and peer group range.
Ahmedabad-Mumbai,2024-12-09,2.42,-1.4% vs this route's past average,-1.6% vs similar-length routes this week,No,,Cost is within normal historical baseline and peer group range.
Bangalore-Hyderabad,2024-12-09,2.42,+0.9% vs this route's past average,-1.6% vs similar-length routes this week,No,,Cost is within normal historical baseline and peer group range.
Chennai-Bangalore,2024-12-09,2.75,-0.3% vs this route's past average,-8.3% vs similar-length routes this week,No,,Cost is within normal historical baseline and peer group range.
Delhi-Jaipur,2024-12-09,2.97,-4.1% vs this route's past average,+2.8% vs similar-length routes this week,No,,Cost is within normal historical baseline and peer group range.
Delhi-Kolkata,2024-12-09,2.00,-0.1% vs this route's past average,-2.4% vs similar-length routes this week,No,,Cost is within normal historical baseline and peer group range.
Kolkata-Bhubaneswar,2024-12-09,2.50,-0.0% vs this route's past average,+3.3% vs similar-length routes this week,No,,Cost is within normal historical baseline and peer group range.
Mumbai-Delhi,2024-12-09,2.05,+0.2% vs this route's past average,+2.5% vs similar-length routes this week,No,,Cost is within normal historical baseline and peer group range.
Mumbai-Pune,2024-12-09,3.03,+0.7% vs this route's past average,+5.9% vs similar-length routes this week,No,,Cost is within normal historical baseline and peer group range.
Ahmedabad-Mumbai,2024-12-16,2.46,+0.4% vs this route's past average,+0.2% vs similar-length routes this week,No,,Cost is within normal historical baseline and peer group range.
Bangalore-Hyderabad,2024-12-16,2.40,+0.2% vs this route's past average,-3.4% vs similar-length routes this week,No,,Cost is within normal historical baseline and peer group range.
Chennai-Bangalore,2024-12-16,2.75,-0.2% vs this route's past average,-7.4% vs similar-length routes this week,No,,Cost is within normal historical baseline and peer group range.
Delhi-Jaipur,2024-12-16,2.95,-4.9% vs this route's past average,+2.8% vs similar-length routes this week,No,,Cost is within normal historical baseline and peer group range.
Delhi-Kolkata,2024-12-16,2.01,+0.5% vs this route's past average,-2.0% vs similar-length routes this week,No,,Cost is within normal historical baseline and peer group range.
Kolkata-Bhubaneswar,2024-12-16,2.51,+0.4% vs this route's past average,+3.3% vs similar-length routes this week,No,,Cost is within normal historical baseline and peer group range.
Mumbai-Delhi,2024-12-16,2.05,+0.1% vs this route's past average,+2.0% vs similar-length routes this week,No,,Cost is within normal historical baseline and peer group range.
Mumbai-Pune,2024-12-16,2.99,-0.6% vs this route's past average,+4.9% vs similar-length routes this week,No,,Cost is within normal historical baseline and peer group range.
Ahmedabad-Mumbai,2024-12-23,2.45,-0.1% vs this route's past average,+0.2% vs similar-length routes this week,No,,Cost is within normal historical baseline and peer group range.
Bangalore-Hyderabad,2024-12-23,2.39,-0.3% vs this route's past average,-3.4% vs similar-length routes this week,No,,Cost is within normal historical baseline and peer group range.
Chennai-Bangalore,2024-12-23,2.75,-0.3% vs this route's past average,-7.4% vs similar-length routes this week,No,,Cost is within normal historical baseline and peer group range.
Delhi-Jaipur,2024-12-23,2.93,-5.6% vs this route's past average,+1.7% vs similar-length routes this week,No,,Cost is within normal historical baseline and peer group range.
Delhi-Kolkata,2024-12-23,1.99,-0.6% vs this route's past average,-3.4% vs similar-length routes this week,No,,Cost is within normal historical baseline and peer group range.
Kolkata-Bhubaneswar,2024-12-23,2.50,+0.0% vs this route's past average,+3.3% vs similar-length routes this week,No,,Cost is within normal historical baseline and peer group range.
Mumbai-Delhi,2024-12-23,2.06,+0.5% vs this route's past average,+3.5% vs similar-length routes this week,No,,Cost is within normal historical baseline and peer group range.
Mumbai-Pune,2024-12-23,3.01,+0.0% vs this route's past average,+6.0% vs similar-length routes this week,No,,Cost is within normal historical baseline and peer group range.
Ahmedabad-Mumbai,2024-12-30,2.44,-0.4% vs this route's past average,-0.4% vs similar-length routes this week,No,,Cost is within normal historical baseline and peer group range.
Bangalore-Hyderabad,2024-12-30,2.40,+0.2% vs this route's past average,-2.8% vs similar-length routes this week,No,,Cost is within normal historical baseline and peer group range.
Chennai-Bangalore,2024-12-30,2.75,-0.2% vs this route's past average,-7.7% vs similar-length routes this week,No,,Cost is within normal historical baseline and peer group range.
Delhi-Jaipur,2024-12-30,2.95,-4.9% vs this route's past average,+2.4% vs similar-length routes this week,No,,Cost is within normal historical baseline and peer group range.
Delhi-Kolkata,2024-12-30,2.00,-0.1% vs this route's past average,-2.4% vs similar-length routes this week,No,,Cost is within normal historical baseline and peer group range.
Kolkata-Bhubaneswar,2024-12-30,2.50,+0.1% vs this route's past average,+3.3% vs similar-length routes this week,No,,Cost is within normal historical baseline and peer group range.
Mumbai-Delhi,2024-12-30,2.05,-0.1% vs this route's past average,+2.5% vs similar-length routes this week,No,,Cost is within normal historical baseline and peer group range.
Mumbai-Pune,2024-12-30,3.01,-0.0% vs this route's past average,+5.6% vs similar-length routes this week,No,,Cost is within normal historical baseline and peer group range.
Ahmedabad-Mumbai,2025-01-06,2.44,-0.3% vs this route's past average,-0.2% vs similar-length routes this week,No,,Cost is within normal historical baseline and peer group range.
Bangalore-Hyderabad,2025-01-06,2.41,+0.5% vs this route's past average,-2.0% vs similar-length routes this week,No,,Cost is within normal historical baseline and peer group range.
Chennai-Bangalore,2025-01-06,2.75,-0.2% vs this route's past average,-6.6% vs similar-length routes this week,No,,Cost is within normal historical baseline and peer group range.
Delhi-Jaipur,2025-01-06,2.91,-6.1% vs this route's past average,+1.6% vs similar-length routes this week,No,,Cost is within normal historical baseline and peer group range.
Delhi-Kolkata,2025-01-06,1.99,-0.6% vs this route's past average,-3.4% vs similar-length routes this week,No,,Cost is within normal historical baseline and peer group range.
Kolkata-Bhubaneswar,2025-01-06,2.48,-0.8% vs this route's past average,+2.3% vs similar-length routes this week,No,,Cost is within normal historical baseline and peer group range.
Mumbai-Delhi,2025-01-06,2.06,+0.4% vs this route's past average,+3.5% vs similar-length routes this week,No,,Cost is within normal historical baseline and peer group range.
Mumbai-Pune,2025-01-06,2.98,-1.0% vs this route's past average,+5.3% vs similar-length routes this week,No,,Cost is within normal historical baseline and peer group range.
Ahmedabad-Mumbai,2025-01-13,2.46,+0.7% vs this route's past average,+0.2% vs similar-length routes this week,No,,Cost is within normal historical baseline and peer group range.
Bangalore-Hyderabad,2025-01-13,2.41,+0.4% vs this route's past average,-2.8% vs similar-length routes this week,No,,Cost is within normal historical baseline and peer group range.
Chennai-Bangalore,2025-01-13,2.75,-0.1% vs this route's past average,-6.9% vs similar-length routes this week,No,,Cost is within normal historical baseline and peer group range.
Delhi-Jaipur,2025-01-13,2.92,-0.9% vs this route's past average,+1.7% vs similar-length routes this week,No,,Cost is within normal historical baseline and peer group range.
Delhi-Kolkata,2025-01-13,2.00,+0.1% vs this route's past average,-2.4% vs similar-length routes this week,No,,Cost is within normal historical baseline and peer group range.
Kolkata-Bhubaneswar,2025-01-13,2.50,+0.3% vs this route's past average,+2.7% vs similar-length routes this week,No,,Cost is within normal historical baseline and peer group range.
Mumbai-Delhi,2025-01-13,2.05,-0.1% vs this route's past average,+2.5% vs similar-length routes this week,No,,Cost is within normal historical baseline and peer group range.
Mumbai-Pune,2025-01-13,2.99,-0.5% vs this route's past average,+5.5% vs similar-length routes this week,No,,Cost is within normal historical baseline and peer group range.
Ahmedabad-Mumbai,2025-01-20,3.28,+34.2% vs this route's past average,+33.9% vs similar-length routes this week,No (justified),N002,Matches note N002 dated 2025-01-20: a regional festival week saw a temporary surcharge applied by transporters on the Ahmedabad-Mumbai corridor due to high demand and limited truck availability. The cost rise has a clear explanation.
Bangalore-Hyderabad,2025-01-20,2.40,+0.0% vs this route's past average,-17.0% vs similar-length routes this week,No,,Cost is within normal historical baseline and peer group range.
Chennai-Bangalore,2025-01-20,2.75,-0.1% vs this route's past average,-8.0% vs similar-length routes this week,No,,Cost is within normal historical baseline and peer group range.
Delhi-Jaipur,2025-01-20,2.98,+1.2% vs this route's past average,+3.7% vs similar-length routes this week,No,,Cost is within normal historical baseline and peer group range.
Delhi-Kolkata,2025-01-20,1.99,-0.4% vs this route's past average,-2.5% vs similar-length routes this week,No,,Cost is within normal historical baseline and peer group range.
Kolkata-Bhubaneswar,2025-01-20,2.50,+0.3% vs this route's past average,-12.0% vs similar-length routes this week,No,,Cost is within normal historical baseline and peer group range.
Mumbai-Delhi,2025-01-20,2.04,-0.6% vs this route's past average,+2.5% vs similar-length routes this week,No,,Cost is within normal historical baseline and peer group range.
Mumbai-Pune,2025-01-20,3.00,-0.1% vs this route's past average,+4.7% vs similar-length routes this week,No,,Cost is within normal historical baseline and peer group range.
Ahmedabad-Mumbai,2025-01-27,2.45,-3.9% vs this route's past average,-0.2% vs similar-length routes this week,No,,Cost is within normal historical baseline and peer group range.
Bangalore-Hyderabad,2025-01-27,2.41,+0.4% vs this route's past average,-2.6% vs similar-length routes this week,No,,Cost is within normal historical baseline and peer group range.
Chennai-Bangalore,2025-01-27,2.75,+0.0% vs this route's past average,-6.9% vs similar-length routes this week,No,,Cost is within normal historical baseline and peer group range.
Delhi-Jaipur,2025-01-27,2.92,-1.0% vs this route's past average,+1.7% vs similar-length routes this week,No,,Cost is within normal historical baseline and peer group range.
Delhi-Kolkata,2025-01-27,2.01,+0.7% vs this route's past average,-2.0% vs similar-length routes this week,No,,Cost is within normal historical baseline and peer group range.
Kolkata-Bhubaneswar,2025-01-27,2.50,+0.2% vs this route's past average,+2.9% vs similar-length routes this week,No,,Cost is within normal historical baseline and peer group range.
Mumbai-Delhi,2025-01-27,2.05,-0.1% vs this route's past average,+2.0% vs similar-length routes this week,No,,Cost is within normal historical baseline and peer group range.
Mumbai-Pune,2025-01-27,2.99,-0.4% vs this route's past average,+5.5% vs similar-length routes this week,No,,Cost is within normal historical baseline and peer group range.
Ahmedabad-Mumbai,2025-02-03,2.44,-4.3% vs this route's past average,-0.2% vs similar-length routes this week,No,,Cost is within normal historical baseline and peer group range.
Bangalore-Hyderabad,2025-02-03,2.40,-0.2% vs this route's past average,-2.6% vs similar-length routes this week,No,,Cost is within normal historical baseline and peer group range.
Chennai-Bangalore,2025-02-03,2.75,+0.0% vs this route's past average,-7.9% vs similar-length routes this week,No,,Cost is within normal historical baseline and peer group range.
Delhi-Jaipur,2025-02-03,2.96,+0.6% vs this route's past average,+2.8% vs similar-length routes this week,No,,Cost is within normal historical baseline and peer group range.
Delhi-Kolkata,2025-02-03,2.01,+0.6% vs this route's past average,-1.5% vs similar-length routes this week,No,,Cost is within normal historical baseline and peer group range.
Kolkata-Bhubaneswar,2025-02-03,2.49,-0.4% vs this route's past average,+2.9% vs similar-length routes this week,No,,Cost is within normal historical baseline and peer group range.
Mumbai-Delhi,2025-02-03,2.04,-0.5% vs this route's past average,+1.5% vs similar-length routes this week,No,,Cost is within normal historical baseline and peer group range.
Mumbai-Pune,2025-02-03,3.01,+0.3% vs this route's past average,+5.4% vs similar-length routes this week,No,,Cost is within normal historical baseline and peer group range.
Ahmedabad-Mumbai,2025-02-10,2.46,-3.6% vs this route's past average,-0.4% vs similar-length routes this week,No,,Cost is within normal historical baseline and peer group range.
Bangalore-Hyderabad,2025-02-10,2.42,+0.7% vs this route's past average,-2.8% vs similar-length routes this week,No,,Cost is within normal historical baseline and peer group range.
Chennai-Bangalore,2025-02-10,2.73,-0.7% vs this route's past average,-8.5% vs similar-length routes this week,No,,Cost is within normal historical baseline and peer group range.
Delhi-Jaipur,2025-02-10,2.96,+0.7% vs this route's past average,+3.1% vs similar-length routes this week,No,,Cost is within normal historical baseline and peer group range.
Delhi-Kolkata,2025-02-10,2.00,+0.0% vs this route's past average,-2.4% vs similar-length routes this week,No,,Cost is within normal historical baseline and peer group range.
Kolkata-Bhubaneswar,2025-02-10,2.52,+0.9% vs this route's past average,+3.3% vs similar-length routes this week,No,,Cost is within normal historical baseline and peer group range.
Mumbai-Delhi,2025-02-10,2.05,+0.0% vs this route's past average,+2.5% vs similar-length routes this week,No,,Cost is within normal historical baseline and peer group range.
Mumbai-Pune,2025-02-10,3.01,+0.4% vs this route's past average,+5.8% vs similar-length routes this week,No,,Cost is within normal historical baseline and peer group range.
Ahmedabad-Mumbai,2025-02-17,2.46,-3.6% vs this route's past average,+0.0% vs similar-length routes this week,No,,Cost is within normal historical baseline and peer group range.
Bangalore-Hyderabad,2025-02-17,2.41,+0.2% vs this route's past average,-3.0% vs similar-length routes this week,No,,Cost is within normal historical baseline and peer group range.
Chennai-Bangalore,2025-02-17,2.77,+0.8% vs this route's past average,-6.9% vs similar-length routes this week,No,,Cost is within normal historical baseline and peer group range.
Delhi-Jaipur,2025-02-17,2.94,-0.0% vs this route's past average,+1.7% vs similar-length routes this week,No,,Cost is within normal historical baseline and peer group range.
Delhi-Kolkata,2025-02-17,1.99,-0.4% vs this route's past average,-2.5% vs similar-length routes this week,No,,Cost is within normal historical baseline and peer group range.
Kolkata-Bhubaneswar,2025-02-17,2.51,+0.5% vs this route's past average,+3.1% vs similar-length routes this week,No,,Cost is within normal historical baseline and peer group range.
Mumbai-Delhi,2025-02-17,2.04,-0.5% vs this route's past average,+2.5% vs similar-length routes this week,No,,Cost is within normal historical baseline and peer group range.
Mumbai-Pune,2025-02-17,3.01,+0.3% vs this route's past average,+5.4% vs similar-length routes this week,No,,Cost is within normal historical baseline and peer group range.
Ahmedabad-Mumbai,2025-02-24,2.48,-2.9% vs this route's past average,+1.4% vs similar-length routes this week,No,,Cost is within normal historical baseline and peer group range.
Bangalore-Hyderabad,2025-02-24,2.40,-0.3% vs this route's past average,-3.4% vs similar-length routes this week,No,,Cost is within normal historical baseline and peer group range.
Chennai-Bangalore,2025-02-24,3.81,+38.5% vs this route's past average,+28.3% vs similar-length routes this week,No (justified),N001,"Matches note N001 dated 2025-02-24: heavy flooding on the Chennai-Bangalore highway disrupted normal truck movement from Feb 24 to Mar 8, forcing longer detours and higher trip costs. Roads were passable again by Mar 9. The cost rise has a clear explanation."
Delhi-Jaipur,2025-02-24,2.94,-0.1% vs this route's past average,-13.7% vs similar-length routes this week,No,,Cost is within normal historical baseline and peer group range.
Delhi-Kolkata,2025-02-24,2.00,+0.1% vs this route's past average,-2.0% vs similar-length routes this week,No,,Cost is within normal historical baseline and peer group range.
Kolkata-Bhubaneswar,2025-02-24,2.49,-0.4% vs this route's past average,+2.0% vs similar-length routes this week,No,,Cost is within normal historical baseline and peer group range.
Mumbai-Delhi,2025-02-24,2.04,-0.4% vs this route's past average,+2.0% vs similar-length routes this week,No,,Cost is within normal historical baseline and peer group range.
Mumbai-Pune,2025-02-24,3.00,+0.0% vs this route's past average,-11.1% vs similar-length routes this week,No,,Cost is within normal historical baseline and peer group range.
Ahmedabad-Mumbai,2025-03-03,2.46,-3.9% vs this route's past average,+0.2% vs similar-length routes this week,No,,Cost is within normal historical baseline and peer group range.
Bangalore-Hyderabad,2025-03-03,2.40,-0.3% vs this route's past average,-3.4% vs similar-length routes this week,No,,Cost is within normal historical baseline and peer group range.
Chennai-Bangalore,2025-03-03,3.79,+31.5% vs this route's past average,+26.5% vs similar-length routes this week,No (justified),N001,"Matches note N001 dated 2025-02-24: heavy flooding on the Chennai-Bangalore highway disrupted normal truck movement from Feb 24 to Mar 8, forcing longer detours and higher trip costs. Roads were passable again by Mar 9. The cost rise has a clear explanation."
Delhi-Jaipur,2025-03-03,2.95,+0.3% vs this route's past average,-13.6% vs similar-length routes this week,No,,Cost is within normal historical baseline and peer group range.
Delhi-Kolkata,2025-03-03,2.01,+0.6% vs this route's past average,-2.0% vs similar-length routes this week,No,,Cost is within normal historical baseline and peer group range.
Kolkata-Bhubaneswar,2025-03-03,2.51,+0.5% vs this route's past average,+3.3% vs similar-length routes this week,No,,Cost is within normal historical baseline and peer group range.
Mumbai-Delhi,2025-03-03,2.05,+0.2% vs this route's past average,+2.0% vs similar-length routes this week,No,,Cost is within normal historical baseline and peer group range.
Mumbai-Pune,2025-03-03,3.04,+1.4% vs this route's past average,-9.8% vs similar-length routes this week,No,,Cost is within normal historical baseline and peer group range.
Ahmedabad-Mumbai,2025-03-10,2.44,-4.7% vs this route's past average,-0.4% vs similar-length routes this week,No,,Cost is within normal historical baseline and peer group range.
Bangalore-Hyderabad,2025-03-10,2.41,+0.2% vs this route's past average,-2.2% vs similar-length routes this week,No,,Cost is within normal historical baseline and peer group range.
Chennai-Bangalore,2025-03-10,2.74,-9.0% vs this route's past average,-7.9% vs similar-length routes this week,No,,Cost is within normal historical baseline and peer group range.
Delhi-Jaipur,2025-03-10,2.95,+0.1% vs this route's past average,+2.8% vs similar-length routes this week,No,,Cost is within normal historical baseline and peer group range.
Delhi-Kolkata,2025-03-10,2.00,-0.1% vs this route's past average,-2.0% vs similar-length routes this week,No,,Cost is within normal historical baseline and peer group range.
Kolkata-Bhubaneswar,2025-03-10,2.49,-0.5% vs this route's past average,+2.7% vs similar-length routes this week,No,,Cost is within normal historical baseline and peer group range.
Mumbai-Delhi,2025-03-10,2.04,-0.2% vs this route's past average,+2.0% vs similar-length routes this week,No,,Cost is within normal historical baseline and peer group range.
Mumbai-Pune,2025-03-10,3.00,-0.2% vs this route's past average,+5.4% vs similar-length routes this week,No,,Cost is within normal historical baseline and peer group range.
Ahmedabad-Mumbai,2025-03-17,2.45,-4.3% vs this route's past average,+0.0% vs similar-length routes this week,No,,Cost is within normal historical baseline and peer group range.
Bangalore-Hyderabad,2025-03-17,2.40,-0.3% vs this route's past average,-3.0% vs similar-length routes this week,No,,Cost is within normal historical baseline and peer group range.
Chennai-Bangalore,2025-03-17,2.76,-8.3% vs this route's past average,-7.2% vs similar-length routes this week,No,,Cost is within normal historical baseline and peer group range.
Delhi-Jaipur,2025-03-17,2.96,+0.3% vs this route's past average,+3.0% vs similar-length routes this week,No,,Cost is within normal historical baseline and peer group range.
Delhi-Kolkata,2025-03-17,2.01,+0.4% vs this route's past average,-2.4% vs similar-length routes this week,No,,Cost is within normal historical baseline and peer group range.
Kolkata-Bhubaneswar,2025-03-17,2.50,-0.0% vs this route's past average,+3.1% vs similar-length routes this week,No,,Cost is within normal historical baseline and peer group range.
Mumbai-Delhi,2025-03-17,2.06,+0.8% vs this route's past average,+2.5% vs similar-length routes this week,No,,Cost is within normal historical baseline and peer group range.
Mumbai-Pune,2025-03-17,2.99,-0.6% vs this route's past average,+4.5% vs similar-length routes this week,No,,Cost is within normal historical baseline and peer group range.
Ahmedabad-Mumbai,2025-03-24,2.46,+0.2% vs this route's past average,+0.2% vs similar-length routes this week,No,,Cost is within normal historical baseline and peer group range.
Bangalore-Hyderabad,2025-03-24,2.40,-0.3% vs this route's past average,-3.4% vs similar-length routes this week,No,,Cost is within normal historical baseline and peer group range.
Chennai-Bangalore,2025-03-24,2.75,-8.7% vs this route's past average,-7.7% vs similar-length routes this week,No,,Cost is within normal historical baseline and peer group range.
Delhi-Jaipur,2025-03-24,2.95,+0.1% vs this route's past average,+2.4% vs similar-length routes this week,No,,Cost is within normal historical baseline and peer group range.
Delhi-Kolkata,2025-03-24,2.02,+0.8% vs this route's past average,-2.4% vs similar-length routes this week,No,,Cost is within normal historical baseline and peer group range.
Kolkata-Bhubaneswar,2025-03-24,2.51,+0.3% vs this route's past average,+3.3% vs similar-length routes this week,No,,Cost is within normal historical baseline and peer group range.
Mumbai-Delhi,2025-03-24,2.07,+1.2% vs this route's past average,+2.5% vs similar-length routes this week,No,,Cost is within normal historical baseline and peer group range.
Mumbai-Pune,2025-03-24,3.01,+0.1% vs this route's past average,+5.6% vs similar-length routes this week,No,,Cost is within normal historical baseline and peer group range.
Ahmedabad-Mumbai,2025-03-31,2.47,+0.6% vs this route's past average,+1.0% vs similar-length routes this week,No,,Cost is within normal historical baseline and peer group range.
Bangalore-Hyderabad,2025-03-31,2.39,-0.6% vs this route's past average,-3.8% vs similar-length routes this week,No,,Cost is within normal historical baseline and peer group range.
Chennai-Bangalore,2025-03-31,2.77,-8.0% vs this route's past average,-7.0% vs similar-length routes this week,No,,Cost is within normal historical baseline and peer group range.
Delhi-Jaipur,2025-03-31,2.96,+0.3% vs this route's past average,+2.6% vs similar-length routes this week,No,,Cost is within normal historical baseline and peer group range.
Delhi-Kolkata,2025-03-31,2.01,+0.2% vs this route's past average,-2.4% vs similar-length routes this week,No,,Cost is within normal historical baseline and peer group range.
Kolkata-Bhubaneswar,2025-03-31,2.50,-0.1% vs this route's past average,+2.9% vs similar-length routes this week,No,,Cost is within normal historical baseline and peer group range.
Mumbai-Delhi,2025-03-31,2.06,+0.5% vs this route's past average,+2.5% vs similar-length routes this week,No,,Cost is within normal historical baseline and peer group range.
Mumbai-Pune,2025-03-31,3.00,-0.3% vs this route's past average,+4.7% vs similar-length routes this week,No,,Cost is within normal historical baseline and peer group range.
Ahmedabad-Mumbai,2025-04-07,2.46,+0.0% vs this route's past average,-0.4% vs similar-length routes this week,No,,Cost is within normal historical baseline and peer group range.
Bangalore-Hyderabad,2025-04-07,2.42,+0.7% vs this route's past average,-2.8% vs similar-length routes this week,No,,Cost is within normal historical baseline and peer group range.
Chennai-Bangalore,2025-04-07,2.74,-9.1% vs this route's past average,-7.6% vs similar-length routes this week,No,,Cost is within normal historical baseline and peer group range.
Delhi-Jaipur,2025-04-07,2.94,-0.4% vs this route's past average,+2.6% vs similar-length routes this week,No,,Cost is within normal historical baseline and peer group range.
Delhi-Kolkata,2025-04-07,1.97,-1.7% vs this route's past average,-4.4% vs similar-length routes this week,No,,Cost is within normal historical baseline and peer group range.
Kolkata-Bhubaneswar,2025-04-07,2.52,+0.6% vs this route's past average,+3.3% vs similar-length routes this week,No,,Cost is within normal historical baseline and peer group range.
Mumbai-Delhi,2025-04-07,2.06,+0.4% vs this route's past average,+4.6% vs similar-length routes this week,No,,Cost is within normal historical baseline and peer group range.
Mumbai-Pune,2025-04-07,2.99,-0.6% vs this route's past average,+5.3% vs similar-length routes this week,No,,Cost is within normal historical baseline and peer group range.
Ahmedabad-Mumbai,2025-04-14,2.45,-0.4% vs this route's past average,-0.6% vs similar-length routes this week,No,,Cost is within normal historical baseline and peer group range.
Bangalore-Hyderabad,2025-04-14,2.40,-0.2% vs this route's past average,-3.6% vs similar-length routes this week,No,,Cost is within normal historical baseline and peer group range.
Chennai-Bangalore,2025-04-14,2.73,-9.5% vs this route's past average,-7.9% vs similar-length routes this week,No,,Cost is within normal historical baseline and peer group range.
Delhi-Jaipur,2025-04-14,2.94,-0.3% vs this route's past average,+2.8% vs similar-length routes this week,No,,Cost is within normal historical baseline and peer group range.
Delhi-Kolkata,2025-04-14,2.00,-0.1% vs this route's past average,-2.0% vs similar-length routes this week,No,,Cost is within normal historical baseline and peer group range.
Kolkata-Bhubaneswar,2025-04-14,2.53,+1.0% vs this route's past average,+4.3% vs similar-length routes this week,No,,Cost is within normal historical baseline and peer group range.
Mumbai-Delhi,2025-04-14,2.04,-0.6% vs this route's past average,+2.0% vs similar-length routes this week,No,,Cost is within normal historical baseline and peer group range.
Mumbai-Pune,2025-04-14,2.99,-0.5% vs this route's past average,+5.5% vs similar-length routes this week,No,,Cost is within normal historical baseline and peer group range.
Ahmedabad-Mumbai,2025-04-21,2.45,-0.4% vs this route's past average,+0.2% vs similar-length routes this week,No,,Cost is within normal historical baseline and peer group range.
Bangalore-Hyderabad,2025-04-21,2.40,-0.1% vs this route's past average,-2.8% vs similar-length routes this week,No,,Cost is within normal historical baseline and peer group range.
Chennai-Bangalore,2025-04-21,2.75,-8.7% vs this route's past average,-7.7% vs similar-length routes this week,No,,Cost is within normal historical baseline and peer group range.
Delhi-Jaipur,2025-04-21,2.95,+0.0% vs this route's past average,+2.4% vs similar-length routes this week,No,,Cost is within normal historical baseline and peer group range.
Delhi-Kolkata,2025-04-21,2.00,-0.1% vs this route's past average,-2.4% vs similar-length routes this week,No,,Cost is within normal historical baseline and peer group range.
Kolkata-Bhubaneswar,2025-04-21,2.49,-0.6% vs this route's past average,+2.7% vs similar-length routes this week,No,,Cost is within normal historical baseline and peer group range.
Mumbai-Delhi,2025-04-21,2.05,-0.1% vs this route's past average,+2.5% vs similar-length routes this week,No,,Cost is within normal historical baseline and peer group range.
Mumbai-Pune,2025-04-21,3.01,+0.2% vs this route's past average,+5.6% vs similar-length routes this week,No,,Cost is within normal historical baseline and peer group range.
Ahmedabad-Mumbai,2025-04-28,2.43,-1.0% vs this route's past average,-0.6% vs similar-length routes this week,No,,Cost is within normal historical baseline and peer group range.
Bangalore-Hyderabad,2025-04-28,2.39,-0.5% vs this route's past average,-3.0% vs similar-length routes this week,No,,Cost is within normal historical baseline and peer group range.
Chennai-Bangalore,2025-04-28,2.74,-4.8% vs this route's past average,-7.9% vs similar-length routes this week,No,,Cost is within normal historical baseline and peer group range.
Delhi-Jaipur,2025-04-28,2.96,+0.3% vs this route's past average,+3.3% vs similar-length routes this week,No,,Cost is within normal historical baseline and peer group range.
Delhi-Kolkata,2025-04-28,2.00,-0.1% vs this route's past average,-2.0% vs similar-length routes this week,No,,Cost is within normal historical baseline and peer group range.
Kolkata-Bhubaneswar,2025-04-28,2.50,-0.2% vs this route's past average,+3.7% vs similar-length routes this week,No,,Cost is within normal historical baseline and peer group range.
Mumbai-Delhi,2025-04-28,2.04,-0.7% vs this route's past average,+2.0% vs similar-length routes this week,No,,Cost is within normal historical baseline and peer group range.
Mumbai-Pune,2025-04-28,2.99,-0.5% vs this route's past average,+4.9% vs similar-length routes this week,No,,Cost is within normal historical baseline and peer group range.
Ahmedabad-Mumbai,2025-05-05,2.59,+5.7% vs this route's past average,-0.6% vs similar-length routes this week,No,,Cost is within normal historical baseline and peer group range.
Bangalore-Hyderabad,2025-05-05,2.55,+6.2% vs this route's past average,-2.9% vs similar-length routes this week,No,,Cost is within normal historical baseline and peer group range.
Chennai-Bangalore,2025-05-05,2.91,+5.9% vs this route's past average,-7.8% vs similar-length routes this week,No,,Cost is within normal historical baseline and peer group range.
Delhi-Jaipur,2025-05-05,3.13,+6.1% vs this route's past average,+2.8% vs similar-length routes this week,No,,Cost is within normal historical baseline and peer group range.
Delhi-Kolkata,2025-05-05,2.12,+5.9% vs this route's past average,-2.3% vs similar-length routes this week,No,,Cost is within normal historical baseline and peer group range.
Kolkata-Bhubaneswar,2025-05-05,2.66,+6.2% vs this route's past average,+3.5% vs similar-length routes this week,No,,Cost is within normal historical baseline and peer group range.
Mumbai-Delhi,2025-05-05,2.17,+5.7% vs this route's past average,+2.4% vs similar-length routes this week,No,,Cost is within normal historical baseline and peer group range.
Mumbai-Pune,2025-05-05,3.18,+6.1% vs this route's past average,+5.3% vs similar-length routes this week,No,,Cost is within normal historical baseline and peer group range.
Ahmedabad-Mumbai,2025-05-12,2.59,+4.9% vs this route's past average,+0.2% vs similar-length routes this week,No,,Cost is within normal historical baseline and peer group range.
Bangalore-Hyderabad,2025-05-12,2.53,+4.6% vs this route's past average,-3.3% vs similar-length routes this week,No,,Cost is within normal historical baseline and peer group range.
Chennai-Bangalore,2025-05-12,2.91,+5.1% vs this route's past average,-7.3% vs similar-length routes this week,No,,Cost is within normal historical baseline and peer group range.
Delhi-Jaipur,2025-05-12,3.10,+4.2% vs this route's past average,+1.8% vs similar-length routes this week,No,,Cost is within normal historical baseline and peer group range.
Delhi-Kolkata,2025-05-12,2.12,+5.1% vs this route's past average,-2.3% vs similar-length routes this week,No,,Cost is within normal historical baseline and peer group range.
Kolkata-Bhubaneswar,2025-05-12,2.64,+4.5% vs this route's past average,+3.1% vs similar-length routes this week,No,,Cost is within normal historical baseline and peer group range.
Mumbai-Delhi,2025-05-12,2.17,+4.9% vs this route's past average,+2.4% vs similar-length routes this week,No,,Cost is within normal historical baseline and peer group range.
Mumbai-Pune,2025-05-12,3.18,+5.3% vs this route's past average,+5.8% vs similar-length routes this week,No,,Cost is within normal historical baseline and peer group range.
Ahmedabad-Mumbai,2025-05-19,2.60,+4.5% vs this route's past average,-0.6% vs similar-length routes this week,No,,Cost is within normal historical baseline and peer group range.
Bangalore-Hyderabad,2025-05-19,2.56,+5.1% vs this route's past average,-2.8% vs similar-length routes this week,No,,Cost is within normal historical baseline and peer group range.
Chennai-Bangalore,2025-05-19,2.91,+4.4% vs this route's past average,-8.2% vs similar-length routes this week,No,,Cost is within normal historical baseline and peer group range.
Delhi-Jaipur,2025-05-19,3.14,+5.0% vs this route's past average,+2.8% vs similar-length routes this week,No,,Cost is within normal historical baseline and peer group range.
Delhi-Kolkata,2025-05-19,2.13,+4.9% vs this route's past average,-1.8% vs similar-length routes this week,No,,Cost is within normal historical baseline and peer group range.
Kolkata-Bhubaneswar,2025-05-19,2.67,+5.0% vs this route's past average,+3.5% vs similar-length routes this week,No,,Cost is within normal historical baseline and peer group range.
Mumbai-Delhi,2025-05-19,2.17,+4.2% vs this route's past average,+1.9% vs similar-length routes this week,No,,Cost is within normal historical baseline and peer group range.
Mumbai-Pune,2025-05-19,3.20,+5.1% vs this route's past average,+5.8% vs similar-length routes this week,No,,Cost is within normal historical baseline and peer group range.
Ahmedabad-Mumbai,2025-05-26,2.58,+3.0% vs this route's past average,-1.0% vs similar-length routes this week,No,,Cost is within normal historical baseline and peer group range.
Bangalore-Hyderabad,2025-05-26,2.55,+3.9% vs this route's past average,-2.7% vs similar-length routes this week,No,,Cost is within normal historical baseline and peer group range.
Chennai-Bangalore,2025-05-26,2.90,+3.3% vs this route's past average,-7.8% vs similar-length routes this week,No,,Cost is within normal historical baseline and peer group range.
Delhi-Jaipur,2025-05-26,3.13,+3.8% vs this route's past average,+3.3% vs similar-length routes this week,No,,Cost is within normal historical baseline and peer group range.
Delhi-Kolkata,2025-05-26,2.12,+3.7% vs this route's past average,-2.3% vs similar-length routes this week,No,,Cost is within normal historical baseline and peer group range.
Kolkata-Bhubaneswar,2025-05-26,2.66,+3.8% vs this route's past average,+3.7% vs similar-length routes this week,No,,Cost is within normal historical baseline and peer group range.
Mumbai-Delhi,2025-05-26,2.17,+3.6% vs this route's past average,+2.4% vs similar-length routes this week,No,,Cost is within normal historical baseline and peer group range.
Mumbai-Pune,2025-05-26,3.16,+3.0% vs this route's past average,+4.8% vs similar-length routes this week,No,,Cost is within normal historical baseline and peer group range.
Ahmedabad-Mumbai,2025-06-02,2.59,+2.8% vs this route's past average,-0.4% vs similar-length routes this week,No,,Cost is within normal historical baseline and peer group range.
Bangalore-Hyderabad,2025-06-02,2.56,+3.4% vs this route's past average,-2.1% vs similar-length routes this week,No,,Cost is within normal historical baseline and peer group range.
Chennai-Bangalore,2025-06-02,2.91,+3.1% vs this route's past average,-7.8% vs similar-length routes this week,No,,Cost is within normal historical baseline and peer group range.
Delhi-Jaipur,2025-06-02,3.11,+2.4% vs this route's past average,+1.8% vs similar-length routes this week,No,,Cost is within normal historical baseline and peer group range.
Delhi-Kolkata,2025-06-02,2.12,+3.0% vs this route's past average,-3.2% vs similar-length routes this week,No,,Cost is within normal historical baseline and peer group range.
Kolkata-Bhubaneswar,2025-06-02,2.64,+2.2% vs this route's past average,+2.5% vs similar-length routes this week,No,,Cost is within normal historical baseline and peer group range.
Mumbai-Delhi,2025-06-02,2.19,+3.9% vs this route's past average,+3.3% vs similar-length routes this week,No,,Cost is within normal historical baseline and peer group range.
Mumbai-Pune,2025-06-02,3.20,+3.6% vs this route's past average,+6.3% vs similar-length routes this week,No,,Cost is within normal historical baseline and peer group range.
Ahmedabad-Mumbai,2025-06-09,2.60,+2.6% vs this route's past average,+0.6% vs similar-length routes this week,No,,Cost is within normal historical baseline and peer group range.
Bangalore-Hyderabad,2025-06-09,2.53,+1.5% vs this route's past average,-3.4% vs similar-length routes this week,No,,Cost is within normal historical baseline and peer group range.
Chennai-Bangalore,2025-06-09,2.88,+1.2% vs this route's past average,-8.9% vs similar-length routes this week,No,,Cost is within normal historical baseline and peer group range.
Delhi-Jaipur,2025-06-09,3.12,+2.0% vs this route's past average,+2.6% vs similar-length routes this week,No,,Cost is within normal historical baseline and peer group range.
Delhi-Kolkata,2025-06-09,2.12,+2.1% vs this route's past average,-2.3% vs similar-length routes this week,No,,Cost is within normal historical baseline and peer group range.
Kolkata-Bhubaneswar,2025-06-09,2.64,+1.6% vs this route's past average,+2.9% vs similar-length routes this week,No,,Cost is within normal historical baseline and peer group range.
Mumbai-Delhi,2025-06-09,2.17,+2.1% vs this route's past average,+2.4% vs similar-length routes this week,No,,Cost is within normal historical baseline and peer group range.
Mumbai-Pune,2025-06-09,3.20,+2.8% vs this route's past average,+6.7% vs similar-length routes this week,No,,Cost is within normal historical baseline and peer group range.
Ahmedabad-Mumbai,2025-06-16,2.60,+1.8% vs this route's past average,+0.0% vs similar-length routes this week,No,,Cost is within normal historical baseline and peer group range.
Bangalore-Hyderabad,2025-06-16,2.56,+2.0% vs this route's past average,-2.3% vs similar-length routes this week,No,,Cost is within normal historical baseline and peer group range.
Chennai-Bangalore,2025-06-16,2.89,+0.9% vs this route's past average,-8.7% vs similar-length routes this week,No,,Cost is within normal historical baseline and peer group range.
Delhi-Jaipur,2025-06-16,3.16,+2.6% vs this route's past average,+4.3% vs similar-length routes this week,No,,Cost is within normal historical baseline and peer group range.
Delhi-Kolkata,2025-06-16,2.13,+1.9% vs this route's past average,-2.3% vs similar-length routes this week,No,,Cost is within normal historical baseline and peer group range.
Kolkata-Bhubaneswar,2025-06-16,2.64,+1.1% vs this route's past average,+2.3% vs similar-length routes this week,No,,Cost is within normal historical baseline and peer group range.
Mumbai-Delhi,2025-06-16,2.18,+1.8% vs this route's past average,+2.3% vs similar-length routes this week,No,,Cost is within normal historical baseline and peer group range.
Mumbai-Pune,2025-06-16,3.17,+1.0% vs this route's past average,+4.8% vs similar-length routes this week,No,,Cost is within normal historical baseline and peer group range.
Ahmedabad-Mumbai,2025-06-23,2.60,+1.1% vs this route's past average,+0.2% vs similar-length routes this week,No,,Cost is within normal historical baseline and peer group range.
Bangalore-Hyderabad,2025-06-23,2.54,+0.4% vs this route's past average,-3.2% vs similar-length routes this week,No,,Cost is within normal historical baseline and peer group range.
Chennai-Bangalore,2025-06-23,2.93,+1.7% vs this route's past average,-7.6% vs similar-length routes this week,No,,Cost is within normal historical baseline and peer group range.
Delhi-Jaipur,2025-06-23,3.14,+1.1% vs this route's past average,+2.4% vs similar-length routes this week,No,,Cost is within normal historical baseline and peer group range.
Delhi-Kolkata,2025-06-23,2.12,+0.6% vs this route's past average,-1.9% vs similar-length routes this week,No,,Cost is within normal historical baseline and peer group range.
Kolkata-Bhubaneswar,2025-06-23,2.65,+0.7% vs this route's past average,+3.1% vs similar-length routes this week,No,,Cost is within normal historical baseline and peer group range.
Mumbai-Delhi,2025-06-23,2.16,+0.1% vs this route's past average,+1.9% vs similar-length routes this week,No,,Cost is within normal historical baseline and peer group range.
Mumbai-Pune,2025-06-23,3.20,+1.3% vs this route's past average,+5.4% vs similar-length routes this week,No,,Cost is within normal historical baseline and peer group range.
Ahmedabad-Mumbai,2025-06-30,2.59,-0.1% vs this route's past average,-0.4% vs similar-length routes this week,No,,Cost is within normal historical baseline and peer group range.
Bangalore-Hyderabad,2025-06-30,2.55,+0.1% vs this route's past average,-2.7% vs similar-length routes this week,No,,Cost is within normal historical baseline and peer group range.
Chennai-Bangalore,2025-06-30,2.91,+0.2% vs this route's past average,-7.0% vs similar-length routes this week,No,,Cost is within normal historical baseline and peer group range.
Delhi-Jaipur,2025-06-30,3.10,-0.9% vs this route's past average,+2.1% vs similar-length routes this week,No,,Cost is within normal historical baseline and peer group range.
Delhi-Kolkata,2025-06-30,2.13,+0.4% vs this route's past average,-1.4% vs similar-length routes this week,No,,Cost is within normal historical baseline and peer group range.
Kolkata-Bhubaneswar,2025-06-30,2.65,+0.0% vs this route's past average,+3.1% vs similar-length routes this week,No,,Cost is within normal historical baseline and peer group range.
Mumbai-Delhi,2025-06-30,2.16,-0.6% vs this route's past average,+1.4% vs similar-length routes this week,No,,Cost is within normal historical baseline and peer group range.
Mumbai-Pune,2025-06-30,3.16,-0.8% vs this route's past average,+5.2% vs similar-length routes this week,No,,Cost is within normal historical baseline and peer group range.
Ahmedabad-Mumbai,2025-07-07,2.61,+0.6% vs this route's past average,+0.6% vs similar-length routes this week,No,,Cost is within normal historical baseline and peer group range.
Bangalore-Hyderabad,2025-07-07,2.54,-0.3% vs this route's past average,-3.4% vs similar-length routes this week,No,,Cost is within normal historical baseline and peer group range.
Chennai-Bangalore,2025-07-07,2.93,+0.9% vs this route's past average,-6.5% vs similar-length routes this week,No,,Cost is within normal historical baseline and peer group range.
Delhi-Jaipur,2025-07-07,3.12,-0.2% vs this route's past average,+2.6% vs similar-length routes this week,No,,Cost is within normal historical baseline and peer group range.
Delhi-Kolkata,2025-07-07,2.11,-0.6% vs this route's past average,-3.2% vs similar-length routes this week,No,,Cost is within normal historical baseline and peer group range.
Kolkata-Bhubaneswar,2025-07-07,2.65,+0.0% vs this route's past average,+2.9% vs similar-length routes this week,No,,Cost is within normal historical baseline and peer group range.
Mumbai-Delhi,2025-07-07,2.18,+0.4% vs this route's past average,+3.3% vs similar-length routes this week,No,,Cost is within normal historical baseline and peer group range.
Mumbai-Pune,2025-07-07,3.15,-1.1% vs this route's past average,+4.1% vs similar-length routes this week,No,,Cost is within normal historical baseline and peer group range.
Ahmedabad-Mumbai,2025-07-14,2.59,-0.2% vs this route's past average,-0.2% vs similar-length routes this week,No,,Cost is within normal historical baseline and peer group range.
Bangalore-Hyderabad,2025-07-14,2.53,-0.7% vs this route's past average,-3.6% vs similar-length routes this week,No,,Cost is within normal historical baseline and peer group range.
Chennai-Bangalore,2025-07-14,2.91,+0.1% vs this route's past average,-7.5% vs similar-length routes this week,No,,Cost is within normal historical baseline and peer group range.
Delhi-Jaipur,2025-07-14,3.11,-0.6% vs this route's past average,+2.1% vs similar-length routes this week,No,,Cost is within normal historical baseline and peer group range.
Delhi-Kolkata,2025-07-14,2.12,-0.1% vs this route's past average,-2.3% vs similar-length routes this week,No,,Cost is within normal historical baseline and peer group range.
Kolkata-Bhubaneswar,2025-07-14,2.66,+0.4% vs this route's past average,+3.9% vs similar-length routes this week,No,,Cost is within normal historical baseline and peer group range.
Mumbai-Delhi,2025-07-14,2.17,-0.1% vs this route's past average,+2.4% vs similar-length routes this week,No,,Cost is within normal historical baseline and peer group range.
Mumbai-Pune,2025-07-14,3.18,+0.0% vs this route's past average,+5.6% vs similar-length routes this week,No,,Cost is within normal historical baseline and peer group range.
Ahmedabad-Mumbai,2025-07-21,2.59,-0.2% vs this route's past average,-0.4% vs similar-length routes this week,No,,Cost is within normal historical baseline and peer group range.
Bangalore-Hyderabad,2025-07-21,2.55,+0.2% vs this route's past average,-2.7% vs similar-length routes this week,No,,Cost is within normal historical baseline and peer group range.
Chennai-Bangalore,2025-07-21,2.92,+0.4% vs this route's past average,-7.3% vs similar-length routes this week,No,,Cost is within normal historical baseline and peer group range.
Delhi-Jaipur,2025-07-21,3.14,+0.5% vs this route's past average,+3.3% vs similar-length routes this week,No,,Cost is within normal historical baseline and peer group range.
Delhi-Kolkata,2025-07-21,2.12,-0.1% vs this route's past average,-3.2% vs similar-length routes this week,No,,Cost is within normal historical baseline and peer group range.
Kolkata-Bhubaneswar,2025-07-21,2.65,+0.0% vs this route's past average,+3.1% vs similar-length routes this week,No,,Cost is within normal historical baseline and peer group range.
Mumbai-Delhi,2025-07-21,2.19,+0.8% vs this route's past average,+3.3% vs similar-length routes this week,No,,Cost is within normal historical baseline and peer group range.
Mumbai-Pune,2025-07-21,3.16,-0.6% vs this route's past average,+4.3% vs similar-length routes this week,No,,Cost is within normal historical baseline and peer group range.
Ahmedabad-Mumbai,2025-07-28,2.61,+0.5% vs this route's past average,-0.0% vs similar-length routes this week,No,,Cost is within normal historical baseline and peer group range.
Bangalore-Hyderabad,2025-07-28,2.56,+0.6% vs this route's past average,-2.8% vs similar-length routes this week,No,,Cost is within normal historical baseline and peer group range.
Chennai-Bangalore,2025-07-28,2.92,+0.3% vs this route's past average,-7.2% vs similar-length routes this week,No,,Cost is within normal historical baseline and peer group range.
Delhi-Jaipur,2025-07-28,3.12,-0.2% vs this route's past average,+2.5% vs similar-length routes this week,No,,Cost is within normal historical baseline and peer group range.
Delhi-Kolkata,2025-07-28,2.12,-0.1% vs this route's past average,-2.3% vs similar-length routes this week,No,,Cost is within normal historical baseline and peer group range.
Kolkata-Bhubaneswar,2025-07-28,2.66,+0.5% vs this route's past average,+2.9% vs similar-length routes this week,No,,Cost is within normal historical baseline and peer group range.
Mumbai-Delhi,2025-07-28,2.17,-0.2% vs this route's past average,+2.4% vs similar-length routes this week,No,,Cost is within normal historical baseline and peer group range.
Mumbai-Pune,2025-07-28,3.17,-0.2% vs this route's past average,+5.0% vs similar-length routes this week,No,,Cost is within normal historical baseline and peer group range.
Ahmedabad-Mumbai,2025-08-04,2.60,+0.0% vs this route's past average,+0.0% vs similar-length routes this week,No,,Cost is within normal historical baseline and peer group range.
Bangalore-Hyderabad,2025-08-04,2.54,-0.2% vs this route's past average,-3.4% vs similar-length routes this week,No,,Cost is within normal historical baseline and peer group range.
Chennai-Bangalore,2025-08-04,2.91,-0.0% vs this route's past average,-8.3% vs similar-length routes this week,No,,Cost is within normal historical baseline and peer group range.
Delhi-Jaipur,2025-08-04,3.15,+0.8% vs this route's past average,+3.1% vs similar-length routes this week,No,,Cost is within normal historical baseline and peer group range.
Delhi-Kolkata,2025-08-04,2.14,+0.9% vs this route's past average,-1.8% vs similar-length routes this week,No,,Cost is within normal historical baseline and peer group range.
Kolkata-Bhubaneswar,2025-08-04,2.66,+0.4% vs this route's past average,+3.5% vs similar-length routes this week,No,,Cost is within normal historical baseline and peer group range.
Mumbai-Delhi,2025-08-04,2.18,+0.3% vs this route's past average,+1.9% vs similar-length routes this week,No,,Cost is within normal historical baseline and peer group range.
Mumbai-Pune,2025-08-04,3.20,+0.8% vs this route's past average,+5.6% vs similar-length routes this week,No,,Cost is within normal historical baseline and peer group range.
Ahmedabad-Mumbai,2025-08-11,2.60,+0.0% vs this route's past average,-0.2% vs similar-length routes this week,No,,Cost is within normal historical baseline and peer group range.
Bangalore-Hyderabad,2025-08-11,2.56,+0.5% vs this route's past average,-2.5% vs similar-length routes this week,No,,Cost is within normal historical baseline and peer group range.
Chennai-Bangalore,2025-08-11,2.93,+0.5% vs this route's past average,-7.0% vs similar-length routes this week,No,,Cost is within normal historical baseline and peer group range.
Delhi-Jaipur,2025-08-11,3.12,-0.3% vs this route's past average,+2.1% vs similar-length routes this week,No,,Cost is within normal historical baseline and peer group range.
Delhi-Kolkata,2025-08-11,2.12,-0.2% vs this route's past average,-2.8% vs similar-length routes this week,No,,Cost is within normal historical baseline and peer group range.
Kolkata-Bhubaneswar,2025-08-11,2.65,-0.1% vs this route's past average,+2.7% vs similar-length routes this week,No,,Cost is within normal historical baseline and peer group range.
Mumbai-Delhi,2025-08-11,2.18,+0.3% vs this route's past average,+2.8% vs similar-length routes this week,No,,Cost is within normal historical baseline and peer group range.
Mumbai-Pune,2025-08-11,3.18,+0.2% vs this route's past average,+5.1% vs similar-length routes this week,No,,Cost is within normal historical baseline and peer group range.
Ahmedabad-Mumbai,2025-08-18,2.60,+0.0% vs this route's past average,-0.2% vs similar-length routes this week,No,,Cost is within normal historical baseline and peer group range.
Bangalore-Hyderabad,2025-08-18,2.54,-0.2% vs this route's past average,-3.6% vs similar-length routes this week,No,,Cost is within normal historical baseline and peer group range.
Chennai-Bangalore,2025-08-18,2.93,+0.3% vs this route's past average,-7.4% vs similar-length routes this week,No,,Cost is within normal historical baseline and peer group range.
Delhi-Jaipur,2025-08-18,3.14,+0.5% vs this route's past average,+2.6% vs similar-length routes this week,No,,Cost is within normal historical baseline and peer group range.
Delhi-Kolkata,2025-08-18,2.13,+0.4% vs this route's past average,-2.3% vs similar-length routes this week,No,,Cost is within normal historical baseline and peer group range.
Kolkata-Bhubaneswar,2025-08-18,2.67,+0.6% vs this route's past average,+3.9% vs similar-length routes this week,No,,Cost is within normal historical baseline and peer group range.
Mumbai-Delhi,2025-08-18,2.18,+0.3% vs this route's past average,+2.3% vs similar-length routes this week,No,,Cost is within normal historical baseline and peer group range.
Mumbai-Pune,2025-08-18,3.19,+0.5% vs this route's past average,+5.1% vs similar-length routes this week,No,,Cost is within normal historical baseline and peer group range.
Ahmedabad-Mumbai,2025-08-25,2.59,-0.3% vs this route's past average,-0.4% vs similar-length routes this week,No,,Cost is within normal historical baseline and peer group range.
Bangalore-Hyderabad,2025-08-25,2.53,-0.6% vs this route's past average,-3.8% vs similar-length routes this week,No,,Cost is within normal historical baseline and peer group range.
Chennai-Bangalore,2025-08-25,2.95,+1.0% vs this route's past average,-6.8% vs similar-length routes this week,No,,Cost is within normal historical baseline and peer group range.
Delhi-Jaipur,2025-08-25,3.14,+0.5% vs this route's past average,+2.3% vs similar-length routes this week,No,,Cost is within normal historical baseline and peer group range.
Delhi-Kolkata,2025-08-25,2.11,-0.6% vs this route's past average,-3.2% vs similar-length routes this week,No,,Cost is within normal historical baseline and peer group range.
Kolkata-Bhubaneswar,2025-08-25,2.67,+0.5% vs this route's past average,+4.3% vs similar-length routes this week,No,,Cost is within normal historical baseline and peer group range.
Mumbai-Delhi,2025-08-25,2.18,+0.2% vs this route's past average,+3.3% vs similar-length routes this week,No,,Cost is within normal historical baseline and peer group range.
Mumbai-Pune,2025-08-25,3.19,+0.5% vs this route's past average,+4.8% vs similar-length routes this week,No,,Cost is within normal historical baseline and peer group range.
Ahmedabad-Mumbai,2025-09-01,2.60,+0.0% vs this route's past average,-0.2% vs similar-length routes this week,No,,Cost is within normal historical baseline and peer group range.
Bangalore-Hyderabad,2025-09-01,2.54,-0.1% vs this route's past average,-3.6% vs similar-length routes this week,No,,Cost is within normal historical baseline and peer group range.
Chennai-Bangalore,2025-09-01,2.92,-0.2% vs this route's past average,-7.2% vs similar-length routes this week,No,,Cost is within normal historical baseline and peer group range.
Delhi-Jaipur,2025-09-01,3.12,-0.3% vs this route's past average,+2.5% vs similar-length routes this week,No,,Cost is within normal historical baseline and peer group range.
Delhi-Kolkata,2025-09-01,2.13,+0.4% vs this route's past average,-1.8% vs similar-length routes this week,No,,Cost is within normal historical baseline and peer group range.
Kolkata-Bhubaneswar,2025-09-01,2.67,+0.4% vs this route's past average,+3.9% vs similar-length routes this week,No,,Cost is within normal historical baseline and peer group range.
Mumbai-Delhi,2025-09-01,2.17,-0.4% vs this route's past average,+1.9% vs similar-length routes this week,No,,Cost is within normal historical baseline and peer group range.
Mumbai-Pune,2025-09-01,3.17,-0.2% vs this route's past average,+5.0% vs similar-length routes this week,No,,Cost is within normal historical baseline and peer group range.
Ahmedabad-Mumbai,2025-09-08,2.60,+0.1% vs this route's past average,+0.6% vs similar-length routes this week,No,,Cost is within normal historical baseline and peer group range.
Bangalore-Hyderabad,2025-09-08,2.52,-0.9% vs this route's past average,-4.0% vs similar-length routes this week,No,,Cost is within normal historical baseline and peer group range.
Chennai-Bangalore,2025-09-08,2.92,-0.1% vs this route's past average,-7.3% vs similar-length routes this week,No,,Cost is within normal historical baseline and peer group range.
Delhi-Jaipur,2025-09-08,3.12,-0.3% vs this route's past average,+2.3% vs similar-length routes this week,No,,Cost is within normal historical baseline and peer group range.
Delhi-Kolkata,2025-09-08,2.14,+0.8% vs this route's past average,-2.3% vs similar-length routes this week,No,,Cost is within normal historical baseline and peer group range.
Kolkata-Bhubaneswar,2025-09-08,2.65,-0.4% vs this route's past average,+3.5% vs similar-length routes this week,No,,Cost is within normal historical baseline and peer group range.
Mumbai-Delhi,2025-09-08,2.19,+0.6% vs this route's past average,+2.3% vs similar-length routes this week,No,,Cost is within normal historical baseline and peer group range.
Mumbai-Pune,2025-09-08,3.18,-0.0% vs this route's past average,+5.3% vs similar-length routes this week,No,,Cost is within normal historical baseline and peer group range.
Ahmedabad-Mumbai,2025-09-15,2.59,-0.3% vs this route's past average,-0.2% vs similar-length routes this week,No,,Cost is within normal historical baseline and peer group range.
Bangalore-Hyderabad,2025-09-15,2.53,-0.5% vs this route's past average,-3.6% vs similar-length routes this week,No,,Cost is within normal historical baseline and peer group range.
Chennai-Bangalore,2025-09-15,2.89,-1.2% vs this route's past average,-18.7% vs similar-length routes this week,No,,Cost is within normal historical baseline and peer group range.
Delhi-Jaipur,2025-09-15,3.14,+0.3% vs this route's past average,-8.5% vs similar-length routes this week,No,,Cost is within normal historical baseline and peer group range.
Delhi-Kolkata,2025-09-15,2.13,+0.2% vs this route's past average,-2.3% vs similar-length routes this week,No,,Cost is within normal historical baseline and peer group range.
Kolkata-Bhubaneswar,2025-09-15,2.66,+0.0% vs this route's past average,+3.9% vs similar-length routes this week,No,,Cost is within normal historical baseline and peer group range.
Mumbai-Delhi,2025-09-15,2.18,+0.0% vs this route's past average,+2.3% vs similar-length routes this week,No,,Cost is within normal historical baseline and peer group range.
Mumbai-Pune,2025-09-15,3.97,+24.8% vs this route's past average,+31.7% vs similar-length routes this week,Yes,,"The closest note (N006, 2025-09-22) mentions a logistics industry report noted overall demand for freight capacity remained stable this quarter with no major disruptions reported -- it does not describe a reason for a cost rise on this route. No genuine justification found; flagged for review."
Ahmedabad-Mumbai,2025-09-22,2.59,-0.3% vs this route's past average,-0.4% vs similar-length routes this week,No,,Cost is within normal historical baseline and peer group range.
Bangalore-Hyderabad,2025-09-22,2.55,+0.4% vs this route's past average,-2.7% vs similar-length routes this week,No,,Cost is within normal historical baseline and peer group range.
Chennai-Bangalore,2025-09-22,2.89,-1.1% vs this route's past average,-8.3% vs similar-length routes this week,No,,Cost is within normal historical baseline and peer group range.
Delhi-Jaipur,2025-09-22,3.11,-0.7% vs this route's past average,+2.3% vs similar-length routes this week,No,,Cost is within normal historical baseline and peer group range.
Delhi-Kolkata,2025-09-22,2.11,-0.8% vs this route's past average,-3.7% vs similar-length routes this week,No,,Cost is within normal historical baseline and peer group range.
Kolkata-Bhubaneswar,2025-09-22,2.65,-0.4% vs this route's past average,+3.1% vs similar-length routes this week,No,,Cost is within normal historical baseline and peer group range.
Mumbai-Delhi,2025-09-22,2.19,+0.5% vs this route's past average,+3.8% vs similar-length routes this week,No,,Cost is within normal historical baseline and peer group range.
Mumbai-Pune,2025-09-22,3.19,-2.8% vs this route's past average,+6.3% vs similar-length routes this week,No,,Cost is within normal historical baseline and peer group range.
Ahmedabad-Mumbai,2025-09-29,2.58,-0.6% vs this route's past average,-1.0% vs similar-length routes this week,No,,Cost is within normal historical baseline and peer group range.
Bangalore-Hyderabad,2025-09-29,2.56,+0.8% vs this route's past average,-2.1% vs similar-length routes this week,No,,Cost is within normal historical baseline and peer group range.
Chennai-Bangalore,2025-09-29,2.92,+0.1% vs this route's past average,-7.2% vs similar-length routes this week,No,,Cost is within normal historical baseline and peer group range.
Delhi-Jaipur,2025-09-29,3.13,-0.0% vs this route's past average,+3.0% vs similar-length routes this week,No,,Cost is within normal historical baseline and peer group range.
Delhi-Kolkata,2025-09-29,2.11,-0.8% vs this route's past average,-2.3% vs similar-length routes this week,No,,Cost is within normal historical baseline and peer group range.
Kolkata-Bhubaneswar,2025-09-29,2.65,-0.4% vs this route's past average,+3.1% vs similar-length routes this week,No,,Cost is within normal historical baseline and peer group range.
Mumbai-Delhi,2025-09-29,2.16,-1.0% vs this route's past average,+2.4% vs similar-length routes this week,No,,Cost is within normal historical baseline and peer group range.
Mumbai-Pune,2025-09-29,3.16,-3.8% vs this route's past average,+4.5% vs similar-length routes this week,No,,Cost is within normal historical baseline and peer group range.
Ahmedabad-Mumbai,2025-10-06,2.61,+0.6% vs this route's past average,-0.4% vs similar-length routes this week,No,,Cost is within normal historical baseline and peer group range.
Bangalore-Hyderabad,2025-10-06,2.57,+1.1% vs this route's past average,-2.7% vs similar-length routes this week,No,,Cost is within normal historical baseline and peer group range.
Chennai-Bangalore,2025-10-06,2.89,-1.0% vs this route's past average,-8.8% vs similar-length routes this week,No,,Cost is within normal historical baseline and peer group range.
Delhi-Jaipur,2025-10-06,3.15,+0.7% vs this route's past average,+3.6% vs similar-length routes this week,No,,Cost is within normal historical baseline and peer group range.
Delhi-Kolkata,2025-10-06,2.13,+0.4% vs this route's past average,-2.3% vs similar-length routes this week,No,,Cost is within normal historical baseline and peer group range.
Kolkata-Bhubaneswar,2025-10-06,2.67,+0.4% vs this route's past average,+3.1% vs similar-length routes this week,No,,Cost is within normal historical baseline and peer group range.
Mumbai-Delhi,2025-10-06,2.18,+0.1% vs this route's past average,+2.3% vs similar-length routes this week,No,,Cost is within normal historical baseline and peer group range.
Mumbai-Pune,2025-10-06,3.19,-2.7% vs this route's past average,+5.6% vs similar-length routes this week,No,,Cost is within normal historical baseline and peer group range.
Ahmedabad-Mumbai,2025-10-13,2.58,-0.6% vs this route's past average,+0.0% vs similar-length routes this week,No,,Cost is within normal historical baseline and peer group range.
Bangalore-Hyderabad,2025-10-13,2.53,-0.5% vs this route's past average,-2.9% vs similar-length routes this week,No,,Cost is within normal historical baseline and peer group range.
Chennai-Bangalore,2025-10-13,2.91,-0.1% vs this route's past average,-7.0% vs similar-length routes this week,No,,Cost is within normal historical baseline and peer group range.
Delhi-Jaipur,2025-10-13,3.09,-1.3% vs this route's past average,+1.6% vs similar-length routes this week,No,,Cost is within normal historical baseline and peer group range.
Delhi-Kolkata,2025-10-13,2.13,+0.3% vs this route's past average,-1.4% vs similar-length routes this week,No,,Cost is within normal historical baseline and peer group range.
Kolkata-Bhubaneswar,2025-10-13,2.63,-1.2% vs this route's past average,+2.9% vs similar-length routes this week,No,,Cost is within normal historical baseline and peer group range.
Mumbai-Delhi,2025-10-13,2.16,-0.9% vs this route's past average,+1.4% vs similar-length routes this week,No,,Cost is within normal historical baseline and peer group range.
Mumbai-Pune,2025-10-13,3.17,-3.4% vs this route's past average,+5.7% vs similar-length routes this week,No,,Cost is within normal historical baseline and peer group range.
Ahmedabad-Mumbai,2025-10-20,2.61,+0.7% vs this route's past average,+0.4% vs similar-length routes this week,No,,Cost is within normal historical baseline and peer group range.
Bangalore-Hyderabad,2025-10-20,2.55,+0.3% vs this route's past average,-3.0% vs similar-length routes this week,No,,Cost is within normal historical baseline and peer group range.
Chennai-Bangalore,2025-10-20,2.90,-0.4% vs this route's past average,-7.5% vs similar-length routes this week,No,,Cost is within normal historical baseline and peer group range.
Delhi-Jaipur,2025-10-20,3.11,-0.5% vs this route's past average,+2.6% vs similar-length routes this week,No,,Cost is within normal historical baseline and peer group range.
Delhi-Kolkata,2025-10-20,2.12,-0.2% vs this route's past average,-1.9% vs similar-length routes this week,No,,Cost is within normal historical baseline and peer group range.
Kolkata-Bhubaneswar,2025-10-20,2.65,-0.2% vs this route's past average,+2.7% vs similar-length routes this week,No,,Cost is within normal historical baseline and peer group range.
Mumbai-Delhi,2025-10-20,2.16,-0.7% vs this route's past average,+1.9% vs similar-length routes this week,No,,Cost is within normal historical baseline and peer group range.
Mumbai-Pune,2025-10-20,3.16,-3.6% vs this route's past average,+5.2% vs similar-length routes this week,No,,Cost is within normal historical baseline and peer group range.
Ahmedabad-Mumbai,2025-10-27,2.61,+0.6% vs this route's past average,+0.4% vs similar-length routes this week,No,,Cost is within normal historical baseline and peer group range.
Bangalore-Hyderabad,2025-10-27,2.56,+0.6% vs this route's past average,-2.5% vs similar-length routes this week,No,,Cost is within normal historical baseline and peer group range.
Chennai-Bangalore,2025-10-27,2.93,+0.9% vs this route's past average,-6.8% vs similar-length routes this week,No,,Cost is within normal historical baseline and peer group range.
Delhi-Jaipur,2025-10-27,3.11,-0.4% vs this route's past average,+1.8% vs similar-length routes this week,No,,Cost is within normal historical baseline and peer group range.
Delhi-Kolkata,2025-10-27,2.12,-0.2% vs this route's past average,-1.9% vs similar-length routes this week,No,,Cost is within normal historical baseline and peer group range.
Kolkata-Bhubaneswar,2025-10-27,2.64,-0.5% vs this route's past average,+2.1% vs similar-length routes this week,No,,Cost is within normal historical baseline and peer group range.
Mumbai-Delhi,2025-10-27,2.16,-0.6% vs this route's past average,+1.9% vs similar-length routes this week,No,,Cost is within normal historical baseline and peer group range.
Mumbai-Pune,2025-10-27,3.18,-2.9% vs this route's past average,+5.3% vs similar-length routes this week,No,,Cost is within normal historical baseline and peer group range.
Ahmedabad-Mumbai,2025-11-03,2.62,+0.9% vs this route's past average,+0.6% vs similar-length routes this week,No,,Cost is within normal historical baseline and peer group range.
Bangalore-Hyderabad,2025-11-03,2.54,-0.2% vs this route's past average,-4.0% vs similar-length routes this week,No,,Cost is within normal historical baseline and peer group range.
Chennai-Bangalore,2025-11-03,2.91,+0.1% vs this route's past average,-7.3% vs similar-length routes this week,No,,Cost is within normal historical baseline and peer group range.
Delhi-Jaipur,2025-11-03,3.11,-0.3% vs this route's past average,+2.3% vs similar-length routes this week,No,,Cost is within normal historical baseline and peer group range.
Delhi-Kolkata,2025-11-03,2.12,-0.2% vs this route's past average,-2.3% vs similar-length routes this week,No,,Cost is within normal historical baseline and peer group range.
Kolkata-Bhubaneswar,2025-11-03,2.67,+0.8% vs this route's past average,+3.5% vs similar-length routes this week,No,,Cost is within normal historical baseline and peer group range.
Mumbai-Delhi,2025-11-03,2.17,-0.1% vs this route's past average,+2.4% vs similar-length routes this week,No,,Cost is within normal historical baseline and peer group range.
Mumbai-Pune,2025-11-03,3.17,-3.2% vs this route's past average,+5.3% vs similar-length routes this week,No,,Cost is within normal historical baseline and peer group range.
Ahmedabad-Mumbai,2025-11-10,2.61,+0.4% vs this route's past average,+0.8% vs similar-length routes this week,No,,Cost is within normal historical baseline and peer group range.
Bangalore-Hyderabad,2025-11-10,2.54,-0.3% vs this route's past average,-3.2% vs similar-length routes this week,No,,Cost is within normal historical baseline and peer group range.
Chennai-Bangalore,2025-11-10,2.92,+0.5% vs this route's past average,-7.3% vs similar-length routes this week,No,,Cost is within normal historical baseline and peer group range.
Delhi-Jaipur,2025-11-10,3.11,-0.3% vs this route's past average,+1.8% vs similar-length routes this week,No,,Cost is within normal historical baseline and peer group range.
Delhi-Kolkata,2025-11-10,2.11,-0.5% vs this route's past average,-3.2% vs similar-length routes this week,No,,Cost is within normal historical baseline and peer group range.
Kolkata-Bhubaneswar,2025-11-10,2.64,-0.5% vs this route's past average,+2.5% vs similar-length routes this week,No,,Cost is within normal historical baseline and peer group range.
Mumbai-Delhi,2025-11-10,2.18,+0.5% vs this route's past average,+3.3% vs similar-length routes this week,No,,Cost is within normal historical baseline and peer group range.
Mumbai-Pune,2025-11-10,3.19,-2.6% vs this route's past average,+5.8% vs similar-length routes this week,No,,Cost is within normal historical baseline and peer group range.
Ahmedabad-Mumbai,2025-11-17,2.62,+0.7% vs this route's past average,+1.0% vs similar-length routes this week,No,,Cost is within normal historical baseline and peer group range.
Bangalore-Hyderabad,2025-11-17,2.57,+0.8% vs this route's past average,-1.9% vs similar-length routes this week,No,,Cost is within normal historical baseline and peer group range.
Chennai-Bangalore,2025-11-17,2.91,+0.0% vs this route's past average,-7.9% vs similar-length routes this week,No,,Cost is within normal historical baseline and peer group range.
Delhi-Jaipur,2025-11-17,3.10,-0.5% vs this route's past average,+1.1% vs similar-length routes this week,No,,Cost is within normal historical baseline and peer group range.
Delhi-Kolkata,2025-11-17,2.12,+0.1% vs this route's past average,-1.9% vs similar-length routes this week,No,,Cost is within normal historical baseline and peer group range.
Kolkata-Bhubaneswar,2025-11-17,2.62,-1.1% vs this route's past average,+1.0% vs similar-length routes this week,No,,Cost is within normal historical baseline and peer group range.
Mumbai-Delhi,2025-11-17,2.16,-0.5% vs this route's past average,+1.9% vs similar-length routes this week,No,,Cost is within normal historical baseline and peer group range.
Mumbai-Pune,2025-11-17,3.22,+1.4% vs this route's past average,+7.2% vs similar-length routes this week,No,,Cost is within normal historical baseline and peer group range.
Ahmedabad-Mumbai,2025-11-24,2.59,-0.6% vs this route's past average,-0.2% vs similar-length routes this week,No,,Cost is within normal historical baseline and peer group range.
Bangalore-Hyderabad,2025-11-24,2.55,-0.1% vs this route's past average,-2.5% vs similar-length routes this week,No,,Cost is within normal historical baseline and peer group range.
Chennai-Bangalore,2025-11-24,2.90,-0.4% vs this route's past average,-7.8% vs similar-length routes this week,No,,Cost is within normal historical baseline and peer group range.
Delhi-Jaipur,2025-11-24,3.11,-0.1% vs this route's past average,+2.3% vs similar-length routes this week,No,,Cost is within normal historical baseline and peer group range.
Delhi-Kolkata,2025-11-24,2.13,+0.5% vs this route's past average,-1.4% vs similar-length routes this week,No,,Cost is within normal historical baseline and peer group range.
Kolkata-Bhubaneswar,2025-11-24,2.64,-0.2% vs this route's past average,+2.7% vs similar-length routes this week,No,,Cost is within normal historical baseline and peer group range.
Mumbai-Delhi,2025-11-24,2.16,-0.3% vs this route's past average,+1.4% vs similar-length routes this week,No,,Cost is within normal historical baseline and peer group range.
Mumbai-Pune,2025-11-24,3.18,+0.0% vs this route's past average,+5.8% vs similar-length routes this week,No,,Cost is within normal historical baseline and peer group range.
