shipment_id,origin,destination,route_type,material,quantity_tonnes,distance_km,freight_cost_inr,shipment_date,transporter
SHP00001,Mumbai,Pune,Short,Packaged Foods,13.7,151.9,6205,2024-01-01,Western Carriers
SHP00002,Delhi,Jaipur,Short,Steel Coils,16.3,276.7,13243,2024-01-01,Om Sai Transport
SHP00003,Delhi,Jaipur,Short,Electronics,10.4,280.0,8609,2024-01-01,Western Carriers
SHP00004,Delhi,Jaipur,Short,FMCG,13.3,280.4,11200,2024-01-01,Shivam Freight Co
SHP00005,Chennai,Bangalore,Short,FMCG,15.1,351.6,14623,2024-01-01,VRL Logistics
SHP00006,Ahmedabad,Mumbai,Medium,FMCG,22.7,526.8,28717,2024-01-01,Shivam Freight Co
SHP00007,Ahmedabad,Mumbai,Medium,Automobile Parts,18.0,531.8,23326,2024-01-01,Shivam Freight Co
SHP00008,Kolkata,Bhubaneswar,Medium,Electronics,22.9,440.9,25399,2024-01-01,Shivam Freight Co
SHP00009,Kolkata,Bhubaneswar,Medium,Packaged Foods,13.4,436.4,14542,2024-01-01,Om Sai Transport
SHP00010,Kolkata,Bhubaneswar,Medium,FMCG,15.7,442.9,17406,2024-01-01,VRL Logistics
SHP00011,Bangalore,Hyderabad,Medium,Electronics,14.0,567.7,19015,2024-01-01,Shivam Freight Co
SHP00012,Bangalore,Hyderabad,Medium,Steel Coils,12.6,570.9,17070,2024-01-01,SafeExpress
SHP00013,Mumbai,Delhi,Long,FMCG,13.3,1421.5,38206,2024-01-01,Shivam Freight Co
SHP00014,Mumbai,Delhi,Long,Textiles,10.5,1417.8,30074,2024-01-01,Shivam Freight Co
SHP00015,Mumbai,Delhi,Long,Textiles,24.1,1417.7,70582,2024-01-01,Om Sai Transport
SHP00016,Delhi,Kolkata,Long,Steel Coils,19.6,1513.1,59011,2024-01-01,Om Sai Transport
SHP00017,Delhi,Kolkata,Long,Automobile Parts,18.1,1512.0,55791,2024-01-01,TCI Freight
SHP00018,Mumbai,Pune,Short,FMCG,12.1,154.0,5555,2024-01-02,Shivam Freight Co
SHP00019,Delhi,Jaipur,Short,Packaged Foods,21.9,281.0,18490,2024-01-02,SafeExpress
SHP00020,Chennai,Bangalore,Short,Packaged Foods,24.6,350.2,23862,2024-01-02,Western Carriers
SHP00021,Chennai,Bangalore,Short,Textiles,20.2,351.8,19432,2024-01-02,Western Carriers
SHP00022,Ahmedabad,Mumbai,Medium,Electronics,16.8,529.5,21977,2024-01-02,VRL Logistics
SHP00023,Ahmedabad,Mumbai,Medium,Packaged Foods,21.4,533.8,27727,2024-01-02,Western Carriers
SHP00024,Kolkata,Bhubaneswar,Medium,Steel Coils,13.0,440.1,14059,2024-01-02,TCI Freight
SHP00025,Kolkata,Bhubaneswar,Medium,Chemicals,23.8,443.6,26511,2024-01-02,VRL Logistics
SHP00026,Kolkata,Bhubaneswar,Medium,FMCG,11.7,439.9,12642,2024-01-02,VRL Logistics
SHP00027,Bangalore,Hyderabad,Medium,Automobile Parts,24.2,573.0,32217,2024-01-02,Shivam Freight Co
SHP00028,Mumbai,Delhi,Long,Chemicals,11.9,1422.1,35652,2024-01-02,Om Sai Transport
SHP00029,Mumbai,Delhi,Long,Steel Coils,23.1,1418.1,68868,2024-01-02,TCI Freight
SHP00030,Mumbai,Delhi,Long,Automobile Parts,20.3,1422.0,61392,2024-01-02,Western Carriers
SHP00031,Delhi,Kolkata,Long,Packaged Foods,16.8,1513.2,50783,2024-01-02,VRL Logistics
SHP00032,Delhi,Kolkata,Long,Packaged Foods,18.3,1506.2,55819,2024-01-02,Shivam Freight Co
SHP00033,Mumbai,Pune,Short,Packaged Foods,23.6,147.8,10747,2024-01-03,TCI Freight
SHP00034,Delhi,Jaipur,Short,Chemicals,18.1,279.9,14842,2024-01-03,TCI Freight
SHP00035,Delhi,Jaipur,Short,Steel Coils,21.8,279.8,17929,2024-01-03,Shivam Freight Co
SHP00036,Delhi,Jaipur,Short,Automobile Parts,16.5,276.8,13221,2024-01-03,Western Carriers
SHP00037,Chennai,Bangalore,Short,Textiles,11.5,353.9,10850,2024-01-03,Shivam Freight Co
SHP00038,Chennai,Bangalore,Short,Automobile Parts,12.9,348.0,11990,2024-01-03,Om Sai Transport
SHP00039,Chennai,Bangalore,Short,Automobile Parts,13.7,348.2,12984,2024-01-03,TCI Freight
SHP00040,Ahmedabad,Mumbai,Medium,FMCG,22.5,534.0,29265,2024-01-03,Om Sai Transport
SHP00041,Ahmedabad,Mumbai,Medium,Automobile Parts,17.3,527.3,21561,2024-01-03,Shivam Freight Co
SHP00042,Ahmedabad,Mumbai,Medium,FMCG,10.0,527.3,12552,2024-01-03,SafeExpress
SHP00043,Kolkata,Bhubaneswar,Medium,Electronics,24.9,443.7,27325,2024-01-03,SafeExpress
SHP00044,Kolkata,Bhubaneswar,Medium,Chemicals,14.5,437.2,15938,2024-01-03,Western Carriers
SHP00045,Kolkata,Bhubaneswar,Medium,Chemicals,21.2,440.3,22627,2024-01-03,SafeExpress
SHP00046,Bangalore,Hyderabad,Medium,Steel Coils,24.4,567.3,32669,2024-01-03,Shivam Freight Co
SHP00047,Bangalore,Hyderabad,Medium,Packaged Foods,20.1,570.8,27248,2024-01-03,TCI Freight
SHP00048,Bangalore,Hyderabad,Medium,Automobile Parts,18.9,568.0,25892,2024-01-03,Western Carriers
SHP00049,Mumbai,Delhi,Long,Textiles,13.9,1418.5,40899,2024-01-03,Om Sai Transport
SHP00050,Mumbai,Delhi,Long,Automobile Parts,12.0,1418.1,35264,2024-01-03,VRL Logistics
SHP00051,Mumbai,Delhi,Long,Chemicals,24.0,1423.4,69001,2024-01-03,TCI Freight
SHP00052,Delhi,Kolkata,Long,Textiles,17.6,1510.3,53940,2024-01-03,Shivam Freight Co
SHP00053,Mumbai,Pune,Short,Textiles,16.6,148.3,7566,2024-01-04,TCI Freight
SHP00054,Mumbai,Pune,Short,Electronics,22.1,153.9,10448,2024-01-04,TCI Freight
SHP00055,Delhi,Jaipur,Short,Packaged Foods,23.2,276.8,18540,2024-01-04,Western Carriers
SHP00056,Delhi,Jaipur,Short,Electronics,14.1,280.4,11571,2024-01-04,VRL Logistics
SHP00057,Delhi,Jaipur,Short,Automobile Parts,19.5,277.6,15628,2024-01-04,VRL Logistics
SHP00058,Chennai,Bangalore,Short,Packaged Foods,16.4,346.7,15873,2024-01-04,VRL Logistics
SHP00059,Ahmedabad,Mumbai,Medium,Electronics,12.4,533.8,16442,2024-01-04,SafeExpress
SHP00060,Ahmedabad,Mumbai,Medium,Electronics,11.7,530.5,15729,2024-01-04,Om Sai Transport
SHP00061,Ahmedabad,Mumbai,Medium,Steel Coils,22.5,530.4,29812,2024-01-04,SafeExpress
SHP00062,Kolkata,Bhubaneswar,Medium,Packaged Foods,24.0,438.9,26232,2024-01-04,VRL Logistics
SHP00063,Kolkata,Bhubaneswar,Medium,FMCG,13.7,437.7,14423,2024-01-04,TCI Freight
SHP00064,Bangalore,Hyderabad,Medium,Steel Coils,21.2,573.8,30376,2024-01-04,Om Sai Transport
SHP00065,Bangalore,Hyderabad,Medium,Packaged Foods,22.2,573.8,31754,2024-01-04,Om Sai Transport
SHP00066,Mumbai,Delhi,Long,Electronics,16.2,1422.3,48231,2024-01-04,Om Sai Transport
SHP00067,Mumbai,Delhi,Long,FMCG,21.8,1418.1,63267,2024-01-04,Shivam Freight Co
SHP00068,Delhi,Kolkata,Long,FMCG,23.8,1507.6,72865,2024-01-04,Om Sai Transport
SHP00069,Mumbai,Pune,Short,FMCG,14.9,147.5,6578,2024-01-05,VRL Logistics
SHP00070,Mumbai,Pune,Short,FMCG,17.6,148.8,7782,2024-01-05,TCI Freight
SHP00071,Mumbai,Pune,Short,Textiles,10.4,148.6,4628,2024-01-05,Om Sai Transport
SHP00072,Delhi,Jaipur,Short,FMCG,18.9,276.3,15384,2024-01-05,VRL Logistics
SHP00073,Delhi,Jaipur,Short,Chemicals,24.8,279.5,20231,2024-01-05,Om Sai Transport
SHP00074,Chennai,Bangalore,Short,Electronics,17.8,349.5,17063,2024-01-05,Western Carriers
SHP00075,Chennai,Bangalore,Short,Automobile Parts,21.1,353.5,19965,2024-01-05,Shivam Freight Co
SHP00076,Chennai,Bangalore,Short,Electronics,23.8,353.6,22915,2024-01-05,Shivam Freight Co
SHP00077,Ahmedabad,Mumbai,Medium,Electronics,20.0,530.1,26134,2024-01-05,VRL Logistics
SHP00078,Ahmedabad,Mumbai,Medium,Automobile Parts,12.9,530.4,17096,2024-01-05,Western Carriers
SHP00079,Kolkata,Bhubaneswar,Medium,Packaged Foods,14.5,440.9,16252,2024-01-05,VRL Logistics
SHP00080,Bangalore,Hyderabad,Medium,Automobile Parts,19.1,572.3,25715,2024-01-05,SafeExpress
SHP00081,Bangalore,Hyderabad,Medium,FMCG,17.7,571.4,24244,2024-01-05,Western Carriers
SHP00082,Mumbai,Delhi,Long,Packaged Foods,20.0,1418.3,57270,2024-01-05,Om Sai Transport
SHP00083,Delhi,Kolkata,Long,Automobile Parts,12.2,1512.5,36611,2024-01-05,TCI Freight
SHP00084,Mumbai,Pune,Short,Electronics,23.3,149.6,10709,2024-01-06,Western Carriers
SHP00085,Delhi,Jaipur,Short,FMCG,19.8,278.0,15806,2024-01-06,Shivam Freight Co
SHP00086,Delhi,Jaipur,Short,Electronics,13.3,282.2,11129,2024-01-06,TCI Freight
SHP00087,Chennai,Bangalore,Short,FMCG,22.7,348.0,21640,2024-01-06,SafeExpress
SHP00088,Chennai,Bangalore,Short,FMCG,24.8,351.3,23999,2024-01-06,SafeExpress
SHP00089,Chennai,Bangalore,Short,FMCG,20.8,350.9,20033,2024-01-06,TCI Freight
SHP00090,Ahmedabad,Mumbai,Medium,Steel Coils,17.1,531.9,21998,2024-01-06,Western Carriers
SHP00091,Kolkata,Bhubaneswar,Medium,Electronics,13.6,439.9,14721,2024-01-06,VRL Logistics
SHP00092,Kolkata,Bhubaneswar,Medium,Packaged Foods,15.0,437.9,16457,2024-01-06,Om Sai Transport
SHP00093,Kolkata,Bhubaneswar,Medium,Steel Coils,15.7,437.2,16696,2024-01-06,Shivam Freight Co
SHP00094,Bangalore,Hyderabad,Medium,Automobile Parts,16.2,570.3,21801,2024-01-06,SafeExpress
SHP00095,Bangalore,Hyderabad,Medium,FMCG,18.8,573.2,25932,2024-01-06,TCI Freight
SHP00096,Mumbai,Delhi,Long,FMCG,14.5,1423.5,41825,2024-01-06,SafeExpress
SHP00097,Delhi,Kolkata,Long,Steel Coils,19.0,1510.4,56884,2024-01-06,VRL Logistics
SHP00098,Delhi,Kolkata,Long,Electronics,10.4,1509.5,31263,2024-01-06,SafeExpress
SHP00099,Delhi,Kolkata,Long,Chemicals,22.6,1511.8,69639,2024-01-06,TCI Freight
SHP00100,Mumbai,Pune,Short,Automobile Parts,19.9,150.7,8596,2024-01-07,Om Sai Transport
SHP00101,Mumbai,Pune,Short,Textiles,12.7,152.9,5606,2024-01-07,Om Sai Transport
SHP00102,Delhi,Jaipur,Short,FMCG,15.7,282.1,13161,2024-01-07,SafeExpress
SHP00103,Delhi,Jaipur,Short,Chemicals,11.2,278.0,8984,2024-01-07,Shivam Freight Co
SHP00104,Chennai,Bangalore,Short,Packaged Foods,11.0,347.8,11035,2024-01-07,Shivam Freight Co
SHP00105,Chennai,Bangalore,Short,Steel Coils,13.0,353.6,12771,2024-01-07,Om Sai Transport
SHP00106,Ahmedabad,Mumbai,Medium,Textiles,24.2,526.9,30497,2024-01-07,VRL Logistics
SHP00107,Ahmedabad,Mumbai,Medium,Packaged Foods,19.1,527.3,24361,2024-01-07,Om Sai Transport
SHP00108,Ahmedabad,Mumbai,Medium,Textiles,11.6,533.7,14546,2024-01-07,TCI Freight
SHP00109,Kolkata,Bhubaneswar,Medium,Electronics,20.7,439.2,22581,2024-01-07,Western Carriers
SHP00110,Kolkata,Bhubaneswar,Medium,Electronics,20.5,437.9,22501,2024-01-07,TCI Freight
SHP00111,Bangalore,Hyderabad,Medium,Textiles,15.2,572.3,21199,2024-01-07,Shivam Freight Co
SHP00112,Bangalore,Hyderabad,Medium,FMCG,15.1,570.0,21330,2024-01-07,SafeExpress
SHP00113,Bangalore,Hyderabad,Medium,FMCG,24.4,566.8,33984,2024-01-07,SafeExpress
SHP00114,Mumbai,Delhi,Long,Chemicals,17.8,1417.4,52679,2024-01-07,TCI Freight
SHP00115,Mumbai,Delhi,Long,Chemicals,17.0,1422.2,50834,2024-01-07,VRL Logistics
SHP00116,Delhi,Kolkata,Long,Steel Coils,11.3,1512.6,34337,2024-01-07,SafeExpress
SHP00117,Mumbai,Pune,Short,Steel Coils,10.4,149.0,4734,2024-01-08,SafeExpress
SHP00118,Mumbai,Pune,Short,Chemicals,22.0,147.7,9727,2024-01-08,Western Carriers
SHP00119,Mumbai,Pune,Short,Steel Coils,18.3,153.0,8441,2024-01-08,Shivam Freight Co
SHP00120,Delhi,Jaipur,Short,Electronics,21.4,279.9,17529,2024-01-08,Western Carriers
SHP00121,Delhi,Jaipur,Short,Steel Coils,21.9,279.9,17513,2024-01-08,SafeExpress
SHP00122,Chennai,Bangalore,Short,Textiles,15.5,351.3,15179,2024-01-08,SafeExpress
SHP00123,Chennai,Bangalore,Short,Automobile Parts,18.3,354.0,17913,2024-01-08,VRL Logistics
SHP00124,Ahmedabad,Mumbai,Medium,Chemicals,12.9,527.0,16212,2024-01-08,Western Carriers
SHP00125,Kolkata,Bhubaneswar,Medium,FMCG,14.1,441.9,15337,2024-01-08,TCI Freight
SHP00126,Bangalore,Hyderabad,Medium,Textiles,14.4,572.7,19797,2024-01-08,Shivam Freight Co
SHP00127,Mumbai,Delhi,Long,Electronics,24.6,1418.2,72567,2024-01-08,Om Sai Transport
SHP00128,Delhi,Kolkata,Long,Automobile Parts,10.2,1506.8,30726,2024-01-08,SafeExpress
SHP00129,Delhi,Kolkata,Long,FMCG,24.5,1508.7,73800,2024-01-08,SafeExpress
SHP00130,Mumbai,Pune,Short,Packaged Foods,11.1,149.2,4878,2024-01-09,Om Sai Transport
SHP00131,Delhi,Jaipur,Short,Chemicals,11.3,283.6,9162,2024-01-09,SafeExpress
SHP00132,Delhi,Jaipur,Short,Chemicals,21.9,280.9,17571,2024-01-09,SafeExpress
SHP00133,Delhi,Jaipur,Short,Automobile Parts,16.6,279.6,13597,2024-01-09,VRL Logistics
SHP00134,Chennai,Bangalore,Short,Steel Coils,21.1,350.9,20811,2024-01-09,Western Carriers
SHP00135,Ahmedabad,Mumbai,Medium,Steel Coils,13.6,526.6,17278,2024-01-09,Shivam Freight Co
SHP00136,Ahmedabad,Mumbai,Medium,Packaged Foods,20.3,529.3,25837,2024-01-09,Om Sai Transport
SHP00137,Ahmedabad,Mumbai,Medium,Packaged Foods,14.2,528.3,18321,2024-01-09,Western Carriers
SHP00138,Kolkata,Bhubaneswar,Medium,Steel Coils,19.4,442.3,21245,2024-01-09,SafeExpress
SHP00139,Kolkata,Bhubaneswar,Medium,Textiles,13.4,436.9,14200,2024-01-09,Om Sai Transport
SHP00140,Bangalore,Hyderabad,Medium,Textiles,18.9,572.3,25620,2024-01-09,SafeExpress
SHP00141,Mumbai,Delhi,Long,Chemicals,16.0,1418.4,45061,2024-01-09,SafeExpress
SHP00142,Mumbai,Delhi,Long,Electronics,19.0,1419.5,54885,2024-01-09,VRL Logistics
SHP00143,Mumbai,Delhi,Long,Electronics,10.4,1420.8,29288,2024-01-09,TCI Freight
SHP00144,Delhi,Kolkata,Long,Packaged Foods,20.1,1514.0,60617,2024-01-09,Om Sai Transport
SHP00145,Mumbai,Pune,Short,Automobile Parts,14.2,149.5,6484,2024-01-10,Western Carriers
SHP00146,Mumbai,Pune,Short,Automobile Parts,24.5,152.5,11175,2024-01-10,VRL Logistics
SHP00147,Mumbai,Pune,Short,Automobile Parts,11.6,148.6,5092,2024-01-10,Western Carriers
SHP00148,Delhi,Jaipur,Short,Automobile Parts,22.2,283.6,18605,2024-01-10,Shivam Freight Co
SHP00149,Delhi,Jaipur,Short,Automobile Parts,14.8,278.5,12385,2024-01-10,TCI Freight
SHP00150,Delhi,Jaipur,Short,Automobile Parts,10.0,282.6,8458,2024-01-10,SafeExpress
SHP00151,Chennai,Bangalore,Short,FMCG,21.3,348.9,19990,2024-01-10,Shivam Freight Co
SHP00152,Chennai,Bangalore,Short,Automobile Parts,18.2,347.6,17222,2024-01-10,Western Carriers
SHP00153,Chennai,Bangalore,Short,FMCG,10.4,349.9,9790,2024-01-10,Om Sai Transport
SHP00154,Ahmedabad,Mumbai,Medium,FMCG,18.3,530.4,23688,2024-01-10,Shivam Freight Co
SHP00155,Ahmedabad,Mumbai,Medium,Automobile Parts,11.8,529.7,15712,2024-01-10,Western Carriers
SHP00156,Kolkata,Bhubaneswar,Medium,Steel Coils,22.5,438.2,24809,2024-01-10,SafeExpress
SHP00157,Kolkata,Bhubaneswar,Medium,Chemicals,15.8,440.4,17468,2024-01-10,Western Carriers
SHP00158,Kolkata,Bhubaneswar,Medium,FMCG,23.0,443.0,24929,2024-01-10,SafeExpress
SHP00159,Bangalore,Hyderabad,Medium,FMCG,10.0,568.1,13626,2024-01-10,TCI Freight
SHP00160,Bangalore,Hyderabad,Medium,Automobile Parts,19.9,570.6,27384,2024-01-10,TCI Freight
SHP00161,Bangalore,Hyderabad,Medium,Automobile Parts,15.0,569.9,20533,2024-01-10,SafeExpress
SHP00162,Mumbai,Delhi,Long,FMCG,13.6,1423.8,40536,2024-01-10,SafeExpress
SHP00163,Delhi,Kolkata,Long,Electronics,23.7,1509.8,69274,2024-01-10,Western Carriers
SHP00164,Delhi,Kolkata,Long,Chemicals,17.4,1513.8,50289,2024-01-10,TCI Freight
SHP00165,Delhi,Kolkata,Long,Packaged Foods,11.5,1508.7,34216,2024-01-10,TCI Freight
SHP00166,Mumbai,Pune,Short,Steel Coils,16.1,151.8,7559,2024-01-11,Shivam Freight Co
SHP00167,Delhi,Jaipur,Short,FMCG,20.4,278.7,16842,2024-01-11,VRL Logistics
SHP00168,Delhi,Jaipur,Short,Textiles,22.9,282.8,18978,2024-01-11,Western Carriers
SHP00169,Chennai,Bangalore,Short,Electronics,10.5,353.0,10148,2024-01-11,Western Carriers
SHP00170,Chennai,Bangalore,Short,Automobile Parts,25.0,353.4,24858,2024-01-11,Shivam Freight Co
SHP00171,Ahmedabad,Mumbai,Medium,Packaged Foods,16.7,533.0,22320,2024-01-11,Shivam Freight Co
SHP00172,Ahmedabad,Mumbai,Medium,Automobile Parts,10.8,528.6,14125,2024-01-11,Om Sai Transport
SHP00173,Ahmedabad,Mumbai,Medium,Steel Coils,16.2,528.0,21438,2024-01-11,Om Sai Transport
SHP00174,Kolkata,Bhubaneswar,Medium,Chemicals,19.3,443.0,20741,2024-01-11,Om Sai Transport
SHP00175,Kolkata,Bhubaneswar,Medium,Electronics,19.6,437.9,21005,2024-01-11,Shivam Freight Co
SHP00176,Kolkata,Bhubaneswar,Medium,Chemicals,17.0,443.2,18312,2024-01-11,Om Sai Transport
SHP00177,Bangalore,Hyderabad,Medium,Electronics,14.5,573.9,19821,2024-01-11,VRL Logistics
SHP00178,Bangalore,Hyderabad,Medium,FMCG,14.5,569.7,19705,2024-01-11,SafeExpress
SHP00179,Mumbai,Delhi,Long,Textiles,18.6,1420.6,53931,2024-01-11,Shivam Freight Co
SHP00180,Mumbai,Delhi,Long,Chemicals,19.9,1423.8,56201,2024-01-11,Western Carriers
SHP00181,Delhi,Kolkata,Long,Textiles,21.2,1513.3,66104,2024-01-11,Om Sai Transport
SHP00182,Mumbai,Pune,Short,FMCG,12.9,147.8,5699,2024-01-12,Western Carriers
SHP00183,Mumbai,Pune,Short,Packaged Foods,20.2,152.1,9142,2024-01-12,Western Carriers
SHP00184,Delhi,Jaipur,Short,Steel Coils,10.5,282.3,8773,2024-01-12,Shivam Freight Co
SHP00185,Delhi,Jaipur,Short,Steel Coils,14.9,283.3,12519,2024-01-12,Om Sai Transport
SHP00186,Chennai,Bangalore,Short,Textiles,23.7,350.2,23524,2024-01-12,SafeExpress
SHP00187,Chennai,Bangalore,Short,FMCG,14.4,353.7,14458,2024-01-12,Shivam Freight Co
SHP00188,Ahmedabad,Mumbai,Medium,Electronics,24.5,527.1,32034,2024-01-12,Western Carriers
SHP00189,Kolkata,Bhubaneswar,Medium,Chemicals,21.9,438.9,24241,2024-01-12,Shivam Freight Co
SHP00190,Kolkata,Bhubaneswar,Medium,Chemicals,20.1,439.6,22883,2024-01-12,SafeExpress
SHP00191,Kolkata,Bhubaneswar,Medium,Steel Coils,24.1,442.6,27005,2024-01-12,SafeExpress
SHP00192,Bangalore,Hyderabad,Medium,Electronics,19.2,568.6,25605,2024-01-12,SafeExpress
SHP00193,Bangalore,Hyderabad,Medium,Steel Coils,14.5,573.3,19311,2024-01-12,Shivam Freight Co
SHP00194,Bangalore,Hyderabad,Medium,Packaged Foods,14.6,573.6,19520,2024-01-12,Om Sai Transport
SHP00195,Mumbai,Delhi,Long,Electronics,15.6,1419.1,47272,2024-01-12,TCI Freight
SHP00196,Delhi,Kolkata,Long,FMCG,23.3,1511.8,70542,2024-01-12,SafeExpress
SHP00197,Delhi,Kolkata,Long,Electronics,24.1,1510.9,71833,2024-01-12,VRL Logistics
SHP00198,Delhi,Kolkata,Long,Textiles,16.7,1507.7,49584,2024-01-12,Shivam Freight Co
SHP00199,Mumbai,Pune,Short,Automobile Parts,24.7,150.4,11401,2024-01-13,VRL Logistics
SHP00200,Mumbai,Pune,Short,Automobile Parts,11.8,147.5,5447,2024-01-13,Shivam Freight Co
SHP00201,Delhi,Jaipur,Short,Textiles,24.6,281.1,20228,2024-01-13,Om Sai Transport
SHP00202,Delhi,Jaipur,Short,FMCG,21.8,283.9,18219,2024-01-13,TCI Freight
SHP00203,Delhi,Jaipur,Short,Textiles,13.2,277.7,11081,2024-01-13,Om Sai Transport
SHP00204,Chennai,Bangalore,Short,Steel Coils,22.9,346.0,21852,2024-01-13,TCI Freight
SHP00205,Chennai,Bangalore,Short,Packaged Foods,12.6,348.0,12346,2024-01-13,Om Sai Transport
SHP00206,Chennai,Bangalore,Short,Textiles,21.8,346.1,20887,2024-01-13,Shivam Freight Co
SHP00207,Ahmedabad,Mumbai,Medium,Packaged Foods,16.3,527.0,20316,2024-01-13,SafeExpress
SHP00208,Kolkata,Bhubaneswar,Medium,Chemicals,11.6,440.1,12725,2024-01-13,Shivam Freight Co
SHP00209,Kolkata,Bhubaneswar,Medium,Textiles,23.6,441.8,26150,2024-01-13,SafeExpress
SHP00210,Bangalore,Hyderabad,Medium,Electronics,17.2,566.5,23493,2024-01-13,Shivam Freight Co
SHP00211,Mumbai,Delhi,Long,Packaged Foods,11.2,1416.6,32647,2024-01-13,Om Sai Transport
SHP00212,Mumbai,Delhi,Long,Textiles,19.5,1418.2,56769,2024-01-13,SafeExpress
SHP00213,Delhi,Kolkata,Long,FMCG,17.6,1508.4,54519,2024-01-13,Western Carriers
SHP00214,Delhi,Kolkata,Long,Chemicals,19.8,1506.9,62373,2024-01-13,Western Carriers
SHP00215,Delhi,Kolkata,Long,Automobile Parts,16.5,1512.9,52205,2024-01-13,VRL Logistics
SHP00216,Mumbai,Pune,Short,Electronics,11.4,149.3,5191,2024-01-14,VRL Logistics
SHP00217,Mumbai,Pune,Short,Packaged Foods,12.3,149.0,5701,2024-01-14,Shivam Freight Co
SHP00218,Delhi,Jaipur,Short,Steel Coils,21.2,279.5,17737,2024-01-14,TCI Freight
SHP00219,Chennai,Bangalore,Short,FMCG,20.1,350.5,18795,2024-01-14,Western Carriers
SHP00220,Chennai,Bangalore,Short,Packaged Foods,16.3,353.5,15684,2024-01-14,VRL Logistics
SHP00221,Chennai,Bangalore,Short,Steel Coils,15.3,350.8,14415,2024-01-14,Om Sai Transport
SHP00222,Ahmedabad,Mumbai,Medium,Packaged Foods,15.3,532.8,20205,2024-01-14,VRL Logistics
SHP00223,Kolkata,Bhubaneswar,Medium,Chemicals,24.6,442.8,27702,2024-01-14,Western Carriers
SHP00224,Kolkata,Bhubaneswar,Medium,FMCG,10.4,441.1,11717,2024-01-14,Western Carriers
SHP00225,Bangalore,Hyderabad,Medium,Textiles,21.4,568.2,29261,2024-01-14,Shivam Freight Co
SHP00226,Mumbai,Delhi,Long,Electronics,16.0,1420.5,45047,2024-01-14,Shivam Freight Co
SHP00227,Delhi,Kolkata,Long,Textiles,16.3,1507.7,47642,2024-01-14,VRL Logistics
SHP00228,Delhi,Kolkata,Long,Packaged Foods,21.7,1511.8,64178,2024-01-14,Shivam Freight Co
SHP00229,Delhi,Kolkata,Long,Packaged Foods,21.3,1507.2,61506,2024-01-14,VRL Logistics
SHP00230,Mumbai,Pune,Short,FMCG,16.6,149.9,7372,2024-01-15,TCI Freight
SHP00231,Mumbai,Pune,Short,Electronics,16.4,146.9,7140,2024-01-15,TCI Freight
SHP00232,Delhi,Jaipur,Short,Packaged Foods,13.3,278.5,11130,2024-01-15,Shivam Freight Co
SHP00233,Delhi,Jaipur,Short,FMCG,24.2,277.6,20014,2024-01-15,VRL Logistics
SHP00234,Delhi,Jaipur,Short,Automobile Parts,11.8,278.3,9679,2024-01-15,Om Sai Transport
SHP00235,Chennai,Bangalore,Short,FMCG,17.5,351.6,16765,2024-01-15,VRL Logistics
SHP00236,Chennai,Bangalore,Short,Packaged Foods,22.9,346.6,20951,2024-01-15,SafeExpress
SHP00237,Chennai,Bangalore,Short,Chemicals,22.9,353.4,21826,2024-01-15,SafeExpress
SHP00238,Ahmedabad,Mumbai,Medium,Steel Coils,16.1,528.3,21494,2024-01-15,TCI Freight
SHP00239,Ahmedabad,Mumbai,Medium,Automobile Parts,20.3,529.7,26528,2024-01-15,Shivam Freight Co
SHP00240,Kolkata,Bhubaneswar,Medium,Electronics,11.2,439.2,12288,2024-01-15,VRL Logistics
SHP00241,Kolkata,Bhubaneswar,Medium,Electronics,21.7,437.8,22989,2024-01-15,Shivam Freight Co
SHP00242,Kolkata,Bhubaneswar,Medium,Textiles,12.9,440.2,14132,2024-01-15,Western Carriers
SHP00243,Bangalore,Hyderabad,Medium,Steel Coils,13.5,572.5,18789,2024-01-15,Om Sai Transport
SHP00244,Bangalore,Hyderabad,Medium,Steel Coils,21.4,570.8,30310,2024-01-15,Western Carriers
SHP00245,Bangalore,Hyderabad,Medium,Automobile Parts,21.3,570.0,30251,2024-01-15,Western Carriers
SHP00246,Mumbai,Delhi,Long,Electronics,24.8,1421.1,73563,2024-01-15,VRL Logistics
SHP00247,Mumbai,Delhi,Long,Textiles,11.0,1417.2,32695,2024-01-15,VRL Logistics
SHP00248,Mumbai,Delhi,Long,Automobile Parts,15.3,1420.7,44916,2024-01-15,SafeExpress
SHP00249,Delhi,Kolkata,Long,FMCG,11.2,1512.7,33424,2024-01-15,Shivam Freight Co
SHP00250,Delhi,Kolkata,Long,Chemicals,17.6,1510.9,51631,2024-01-15,Western Carriers
SHP00251,Mumbai,Pune,Short,Chemicals,18.6,153.3,8648,2024-01-16,SafeExpress
SHP00252,Mumbai,Pune,Short,FMCG,24.4,150.0,11219,2024-01-16,VRL Logistics
SHP00253,Delhi,Jaipur,Short,Automobile Parts,12.6,280.0,10601,2024-01-16,SafeExpress
SHP00254,Chennai,Bangalore,Short,Automobile Parts,15.6,347.3,14791,2024-01-16,VRL Logistics
SHP00255,Chennai,Bangalore,Short,Textiles,10.8,351.4,10506,2024-01-16,Shivam Freight Co
SHP00256,Chennai,Bangalore,Short,Textiles,18.4,348.6,17584,2024-01-16,Western Carriers
SHP00257,Ahmedabad,Mumbai,Medium,Steel Coils,15.0,533.0,20067,2024-01-16,VRL Logistics
SHP00258,Ahmedabad,Mumbai,Medium,Steel Coils,19.8,528.5,26348,2024-01-16,TCI Freight
SHP00259,Ahmedabad,Mumbai,Medium,Electronics,11.3,531.7,15066,2024-01-16,VRL Logistics
SHP00260,Kolkata,Bhubaneswar,Medium,Chemicals,24.2,441.6,27760,2024-01-16,Shivam Freight Co
SHP00261,Kolkata,Bhubaneswar,Medium,Textiles,16.4,441.2,18327,2024-01-16,VRL Logistics
SHP00262,Kolkata,Bhubaneswar,Medium,Automobile Parts,13.2,437.4,14969,2024-01-16,Om Sai Transport
SHP00263,Bangalore,Hyderabad,Medium,Chemicals,14.4,567.2,19503,2024-01-16,TCI Freight
SHP00264,Mumbai,Delhi,Long,Steel Coils,15.1,1416.3,45200,2024-01-16,TCI Freight
SHP00265,Mumbai,Delhi,Long,FMCG,12.4,1419.0,37284,2024-01-16,TCI Freight
SHP00266,Mumbai,Delhi,Long,Automobile Parts,12.5,1422.5,37092,2024-01-16,VRL Logistics
SHP00267,Delhi,Kolkata,Long,FMCG,19.2,1513.8,59338,2024-01-16,SafeExpress
SHP00268,Mumbai,Pune,Short,FMCG,22.1,148.5,9676,2024-01-17,Om Sai Transport
SHP00269,Delhi,Jaipur,Short,Automobile Parts,16.9,283.9,13919,2024-01-17,TCI Freight
SHP00270,Delhi,Jaipur,Short,FMCG,24.5,280.2,20346,2024-01-17,TCI Freight
SHP00271,Delhi,Jaipur,Short,FMCG,13.8,277.1,11254,2024-01-17,VRL Logistics
SHP00272,Chennai,Bangalore,Short,Packaged Foods,17.7,351.7,16917,2024-01-17,Om Sai Transport
SHP00273,Ahmedabad,Mumbai,Medium,Steel Coils,16.6,527.2,21527,2024-01-17,SafeExpress
SHP00274,Ahmedabad,Mumbai,Medium,Automobile Parts,24.0,533.1,30814,2024-01-17,TCI Freight
SHP00275,Ahmedabad,Mumbai,Medium,Steel Coils,15.8,529.0,19860,2024-01-17,Shivam Freight Co
SHP00276,Kolkata,Bhubaneswar,Medium,Steel Coils,19.7,442.7,21817,2024-01-17,Shivam Freight Co
SHP00277,Bangalore,Hyderabad,Medium,Automobile Parts,12.1,571.6,16522,2024-01-17,TCI Freight
SHP00278,Bangalore,Hyderabad,Medium,FMCG,11.2,566.0,14873,2024-01-17,Om Sai Transport
SHP00279,Mumbai,Delhi,Long,Steel Coils,16.3,1420.9,48144,2024-01-17,VRL Logistics
SHP00280,Mumbai,Delhi,Long,Chemicals,13.6,1417.0,39842,2024-01-17,SafeExpress
SHP00281,Mumbai,Delhi,Long,Chemicals,22.6,1416.5,65818,2024-01-17,Shivam Freight Co
SHP00282,Delhi,Kolkata,Long,Chemicals,12.2,1507.9,36979,2024-01-17,VRL Logistics
SHP00283,Delhi,Kolkata,Long,Packaged Foods,16.2,1507.9,49567,2024-01-17,TCI Freight
SHP00284,Delhi,Kolkata,Long,Chemicals,11.0,1513.8,33602,2024-01-17,TCI Freight
SHP00285,Mumbai,Pune,Short,Textiles,10.7,153.0,4905,2024-01-18,VRL Logistics
SHP00286,Mumbai,Pune,Short,Steel Coils,15.4,152.0,6923,2024-01-18,Western Carriers
SHP00287,Delhi,Jaipur,Short,Packaged Foods,21.0,282.2,17529,2024-01-18,VRL Logistics
SHP00288,Chennai,Bangalore,Short,Electronics,21.7,347.4,20759,2024-01-18,SafeExpress
SHP00289,Chennai,Bangalore,Short,FMCG,22.2,351.1,21118,2024-01-18,SafeExpress
SHP00290,Chennai,Bangalore,Short,Packaged Foods,13.0,346.3,12559,2024-01-18,VRL Logistics
SHP00291,Ahmedabad,Mumbai,Medium,Packaged Foods,22.2,529.2,29500,2024-01-18,Western Carriers
SHP00292,Ahmedabad,Mumbai,Medium,FMCG,15.4,527.5,20649,2024-01-18,Western Carriers
SHP00293,Ahmedabad,Mumbai,Medium,Automobile Parts,11.9,528.7,15732,2024-01-18,Western Carriers
SHP00294,Kolkata,Bhubaneswar,Medium,Textiles,12.8,438.7,14095,2024-01-18,TCI Freight
SHP00295,Kolkata,Bhubaneswar,Medium,Automobile Parts,11.2,438.1,12186,2024-01-18,TCI Freight
SHP00296,Bangalore,Hyderabad,Medium,Electronics,14.8,570.4,20512,2024-01-18,VRL Logistics
SHP00297,Mumbai,Delhi,Long,Automobile Parts,12.5,1421.7,35927,2024-01-18,Shivam Freight Co
SHP00298,Mumbai,Delhi,Long,Automobile Parts,23.7,1421.8,68590,2024-01-18,VRL Logistics
SHP00299,Mumbai,Delhi,Long,Electronics,21.9,1421.1,61943,2024-01-18,Western Carriers
SHP00300,Delhi,Kolkata,Long,Steel Coils,20.2,1512.4,61858,2024-01-18,TCI Freight
SHP00301,Delhi,Kolkata,Long,Steel Coils,16.6,1511.4,49150,2024-01-18,Western Carriers
SHP00302,Delhi,Kolkata,Long,Chemicals,15.7,1508.9,47240,2024-01-18,Om Sai Transport
SHP00303,Mumbai,Pune,Short,Chemicals,21.4,149.0,9697,2024-01-19,VRL Logistics
SHP00304,Mumbai,Pune,Short,Packaged Foods,19.7,149.2,8823,2024-01-19,Shivam Freight Co
SHP00305,Delhi,Jaipur,Short,FMCG,23.7,280.1,19556,2024-01-19,VRL Logistics
SHP00306,Delhi,Jaipur,Short,Electronics,13.2,281.6,11170,2024-01-19,SafeExpress
SHP00307,Chennai,Bangalore,Short,Automobile Parts,16.8,352.8,16261,2024-01-19,Shivam Freight Co
SHP00308,Ahmedabad,Mumbai,Medium,Textiles,20.6,531.3,27369,2024-01-19,VRL Logistics
SHP00309,Ahmedabad,Mumbai,Medium,Electronics,20.7,532.8,27995,2024-01-19,Om Sai Transport
SHP00310,Kolkata,Bhubaneswar,Medium,Steel Coils,24.8,437.8,27945,2024-01-19,SafeExpress
SHP00311,Kolkata,Bhubaneswar,Medium,FMCG,18.3,436.2,20201,2024-01-19,TCI Freight
SHP00312,Kolkata,Bhubaneswar,Medium,Automobile Parts,23.3,437.0,25454,2024-01-19,Western Carriers
SHP00313,Bangalore,Hyderabad,Medium,Steel Coils,16.1,569.3,22353,2024-01-19,VRL Logistics
SHP00314,Bangalore,Hyderabad,Medium,Textiles,16.7,571.1,23357,2024-01-19,Om Sai Transport
SHP00315,Bangalore,Hyderabad,Medium,Steel Coils,21.7,573.0,30403,2024-01-19,Om Sai Transport
SHP00316,Mumbai,Delhi,Long,Steel Coils,17.8,1422.7,51299,2024-01-19,VRL Logistics
SHP00317,Delhi,Kolkata,Long,FMCG,24.1,1508.8,75800,2024-01-19,Shivam Freight Co
SHP00318,Mumbai,Pune,Short,Chemicals,14.1,153.7,6436,2024-01-20,TCI Freight
SHP00319,Mumbai,Pune,Short,Chemicals,19.6,146.7,8528,2024-01-20,Om Sai Transport
SHP00320,Mumbai,Pune,Short,Textiles,19.4,147.4,8586,2024-01-20,TCI Freight
SHP00321,Delhi,Jaipur,Short,Textiles,24.2,276.6,19411,2024-01-20,Western Carriers
SHP00322,Chennai,Bangalore,Short,Electronics,19.6,349.3,18499,2024-01-20,TCI Freight
SHP00323,Chennai,Bangalore,Short,FMCG,24.3,348.3,22856,2024-01-20,Western Carriers
SHP00324,Chennai,Bangalore,Short,Steel Coils,16.8,349.2,15973,2024-01-20,SafeExpress
SHP00325,Ahmedabad,Mumbai,Medium,Electronics,19.1,527.6,24380,2024-01-20,VRL Logistics
SHP00326,Ahmedabad,Mumbai,Medium,Steel Coils,22.9,531.9,30256,2024-01-20,VRL Logistics
SHP00327,Kolkata,Bhubaneswar,Medium,Steel Coils,17.0,438.6,18484,2024-01-20,Om Sai Transport
SHP00328,Bangalore,Hyderabad,Medium,FMCG,23.0,573.6,30796,2024-01-20,Om Sai Transport
SHP00329,Bangalore,Hyderabad,Medium,Steel Coils,24.0,572.5,32463,2024-01-20,Om Sai Transport
SHP00330,Mumbai,Delhi,Long,Packaged Foods,23.2,1419.7,67507,2024-01-20,SafeExpress
SHP00331,Mumbai,Delhi,Long,Textiles,24.5,1420.0,70500,2024-01-20,Shivam Freight Co
SHP00332,Mumbai,Delhi,Long,Electronics,17.4,1416.4,51290,2024-01-20,Western Carriers
SHP00333,Delhi,Kolkata,Long,Textiles,11.6,1506.1,34369,2024-01-20,Western Carriers
SHP00334,Delhi,Kolkata,Long,Packaged Foods,16.0,1508.9,47323,2024-01-20,TCI Freight
SHP00335,Delhi,Kolkata,Long,Automobile Parts,15.4,1510.5,46049,2024-01-20,TCI Freight
SHP00336,Mumbai,Pune,Short,Packaged Foods,24.8,148.2,11073,2024-01-21,Om Sai Transport
SHP00337,Mumbai,Pune,Short,Textiles,15.9,153.8,7401,2024-01-21,TCI Freight
SHP00338,Mumbai,Pune,Short,Chemicals,21.3,153.5,9662,2024-01-21,SafeExpress
SHP00339,Delhi,Jaipur,Short,Chemicals,20.7,276.3,17077,2024-01-21,SafeExpress
SHP00340,Chennai,Bangalore,Short,Automobile Parts,24.0,347.1,22263,2024-01-21,TCI Freight
SHP00341,Chennai,Bangalore,Short,FMCG,14.5,351.9,13647,2024-01-21,TCI Freight
SHP00342,Chennai,Bangalore,Short,FMCG,20.6,350.3,19271,2024-01-21,Shivam Freight Co
SHP00343,Ahmedabad,Mumbai,Medium,Electronics,16.2,526.9,20588,2024-01-21,Western Carriers
SHP00344,Ahmedabad,Mumbai,Medium,Electronics,19.0,531.0,24293,2024-01-21,TCI Freight
SHP00345,Ahmedabad,Mumbai,Medium,Steel Coils,20.8,530.6,26915,2024-01-21,TCI Freight
SHP00346,Kolkata,Bhubaneswar,Medium,Steel Coils,15.7,442.2,17716,2024-01-21,Shivam Freight Co
SHP00347,Kolkata,Bhubaneswar,Medium,Automobile Parts,20.5,440.6,22474,2024-01-21,VRL Logistics
SHP00348,Kolkata,Bhubaneswar,Medium,Chemicals,16.2,439.4,17721,2024-01-21,TCI Freight
SHP00349,Bangalore,Hyderabad,Medium,Chemicals,20.6,571.8,29005,2024-01-21,VRL Logistics
SHP00350,Bangalore,Hyderabad,Medium,Steel Coils,17.2,574.0,24173,2024-01-21,SafeExpress
SHP00351,Bangalore,Hyderabad,Medium,FMCG,15.1,573.3,21176,2024-01-21,Western Carriers
SHP00352,Mumbai,Delhi,Long,Textiles,17.3,1418.1,51768,2024-01-21,TCI Freight
SHP00353,Mumbai,Delhi,Long,FMCG,24.1,1418.4,72202,2024-01-21,VRL Logistics
SHP00354,Mumbai,Delhi,Long,Automobile Parts,20.4,1421.6,60070,2024-01-21,VRL Logistics
SHP00355,Delhi,Kolkata,Long,Automobile Parts,11.8,1508.2,35975,2024-01-21,SafeExpress
SHP00356,Delhi,Kolkata,Long,Textiles,24.3,1512.5,74673,2024-01-21,Shivam Freight Co
SHP00357,Delhi,Kolkata,Long,Automobile Parts,20.7,1508.3,62285,2024-01-21,Western Carriers
SHP00358,Mumbai,Pune,Short,Chemicals,22.4,147.7,9691,2024-01-22,Western Carriers
SHP00359,Mumbai,Pune,Short,Steel Coils,11.6,148.2,5131,2024-01-22,Om Sai Transport
SHP00360,Delhi,Jaipur,Short,Textiles,13.5,277.8,10593,2024-01-22,Western Carriers
SHP00361,Delhi,Jaipur,Short,Chemicals,20.2,279.8,15989,2024-01-22,Om Sai Transport
SHP00362,Delhi,Jaipur,Short,Automobile Parts,24.0,279.3,19533,2024-01-22,Western Carriers
SHP00363,Chennai,Bangalore,Short,Packaged Foods,19.7,348.6,18847,2024-01-22,Western Carriers
SHP00364,Chennai,Bangalore,Short,Packaged Foods,18.0,350.6,17194,2024-01-22,Om Sai Transport
SHP00365,Ahmedabad,Mumbai,Medium,FMCG,10.5,533.5,13840,2024-01-22,SafeExpress
SHP00366,Kolkata,Bhubaneswar,Medium,Packaged Foods,23.9,443.7,26404,2024-01-22,VRL Logistics
SHP00367,Kolkata,Bhubaneswar,Medium,Textiles,11.6,440.5,12776,2024-01-22,SafeExpress
SHP00368,Kolkata,Bhubaneswar,Medium,Steel Coils,18.1,443.9,19704,2024-01-22,TCI Freight
SHP00369,Bangalore,Hyderabad,Medium,Electronics,15.0,572.5,20761,2024-01-22,VRL Logistics
SHP00370,Mumbai,Delhi,Long,FMCG,21.9,1421.9,64849,2024-01-22,Om Sai Transport
SHP00371,Delhi,Kolkata,Long,Packaged Foods,22.4,1513.2,66512,2024-01-22,SafeExpress
SHP00372,Delhi,Kolkata,Long,Textiles,12.8,1511.4,37393,2024-01-22,Om Sai Transport
SHP00373,Delhi,Kolkata,Long,Textiles,15.8,1506.1,46567,2024-01-22,VRL Logistics
SHP00374,Mumbai,Pune,Short,Steel Coils,13.9,150.6,6171,2024-01-23,Shivam Freight Co
SHP00375,Mumbai,Pune,Short,Electronics,17.0,151.3,7521,2024-01-23,TCI Freight
SHP00376,Mumbai,Pune,Short,Electronics,23.3,153.4,10710,2024-01-23,Shivam Freight Co
SHP00377,Delhi,Jaipur,Short,Automobile Parts,13.3,278.9,11236,2024-01-23,Om Sai Transport
SHP00378,Delhi,Jaipur,Short,Electronics,24.8,279.6,20522,2024-01-23,TCI Freight
SHP00379,Chennai,Bangalore,Short,Electronics,22.4,352.4,22479,2024-01-23,TCI Freight
SHP00380,Chennai,Bangalore,Short,Electronics,11.2,353.0,11118,2024-01-23,VRL Logistics
SHP00381,Chennai,Bangalore,Short,Chemicals,18.5,346.6,17753,2024-01-23,TCI Freight
SHP00382,Ahmedabad,Mumbai,Medium,Packaged Foods,14.9,527.2,18917,2024-01-23,Western Carriers
SHP00383,Ahmedabad,Mumbai,Medium,Chemicals,18.7,527.6,23352,2024-01-23,SafeExpress
SHP00384,Ahmedabad,Mumbai,Medium,Automobile Parts,16.8,532.5,21537,2024-01-23,TCI Freight
SHP00385,Kolkata,Bhubaneswar,Medium,Textiles,14.6,441.4,15384,2024-01-23,Shivam Freight Co
SHP00386,Kolkata,Bhubaneswar,Medium,Textiles,18.7,442.0,19749,2024-01-23,Western Carriers
SHP00387,Bangalore,Hyderabad,Medium,Packaged Foods,11.0,573.5,15000,2024-01-23,VRL Logistics
SHP00388,Mumbai,Delhi,Long,Automobile Parts,24.7,1422.1,72032,2024-01-23,VRL Logistics
SHP00389,Delhi,Kolkata,Long,Packaged Foods,23.8,1509.6,73619,2024-01-23,Western Carriers
SHP00390,Delhi,Kolkata,Long,FMCG,23.1,1513.7,70944,2024-01-23,VRL Logistics
SHP00391,Mumbai,Pune,Short,FMCG,11.9,149.1,5301,2024-01-24,Shivam Freight Co
SHP00392,Mumbai,Pune,Short,Electronics,24.7,152.0,10989,2024-01-24,TCI Freight
SHP00393,Mumbai,Pune,Short,Automobile Parts,15.7,149.4,6801,2024-01-24,VRL Logistics
SHP00394,Delhi,Jaipur,Short,FMCG,20.9,283.5,16852,2024-01-24,Western Carriers
SHP00395,Chennai,Bangalore,Short,Automobile Parts,11.0,347.9,10512,2024-01-24,TCI Freight
SHP00396,Ahmedabad,Mumbai,Medium,Chemicals,10.7,528.0,13950,2024-01-24,Om Sai Transport
SHP00397,Kolkata,Bhubaneswar,Medium,Electronics,24.9,437.1,27331,2024-01-24,TCI Freight
SHP00398,Bangalore,Hyderabad,Medium,Steel Coils,22.3,572.2,29973,2024-01-24,Western Carriers
SHP00399,Bangalore,Hyderabad,Medium,Chemicals,16.2,570.2,21731,2024-01-24,TCI Freight
SHP00400,Bangalore,Hyderabad,Medium,Automobile Parts,23.7,573.0,32401,2024-01-24,TCI Freight
SHP00401,Mumbai,Delhi,Long,Textiles,20.1,1423.5,59310,2024-01-24,Western Carriers
SHP00402,Mumbai,Delhi,Long,FMCG,12.2,1419.3,35312,2024-01-24,TCI Freight
SHP00403,Delhi,Kolkata,Long,Packaged Foods,20.6,1508.4,62806,2024-01-24,TCI Freight
SHP00404,Mumbai,Pune,Short,Steel Coils,12.0,150.5,5334,2024-01-25,VRL Logistics
SHP00405,Mumbai,Pune,Short,Packaged Foods,23.8,151.2,10888,2024-01-25,TCI Freight
SHP00406,Delhi,Jaipur,Short,Packaged Foods,15.7,276.4,13028,2024-01-25,Shivam Freight Co
SHP00407,Chennai,Bangalore,Short,FMCG,18.4,351.8,17454,2024-01-25,VRL Logistics
SHP00408,Chennai,Bangalore,Short,Steel Coils,23.6,348.4,21932,2024-01-25,Western Carriers
SHP00409,Chennai,Bangalore,Short,Steel Coils,25.0,346.9,23383,2024-01-25,Western Carriers
SHP00410,Ahmedabad,Mumbai,Medium,Textiles,13.6,529.2,17617,2024-01-25,SafeExpress
SHP00411,Kolkata,Bhubaneswar,Medium,Automobile Parts,13.9,438.9,15229,2024-01-25,SafeExpress
SHP00412,Kolkata,Bhubaneswar,Medium,FMCG,24.7,436.8,26885,2024-01-25,VRL Logistics
SHP00413,Kolkata,Bhubaneswar,Medium,Chemicals,15.6,443.3,17194,2024-01-25,Om Sai Transport
SHP00414,Bangalore,Hyderabad,Medium,Automobile Parts,24.0,568.1,33301,2024-01-25,VRL Logistics
SHP00415,Mumbai,Delhi,Long,Chemicals,18.5,1417.8,52113,2024-01-25,Western Carriers
SHP00416,Mumbai,Delhi,Long,Automobile Parts,15.1,1423.5,43600,2024-01-25,Western Carriers
SHP00417,Delhi,Kolkata,Long,Steel Coils,21.0,1509.7,63568,2024-01-25,Western Carriers
SHP00418,Delhi,Kolkata,Long,Electronics,12.8,1510.4,39602,2024-01-25,Shivam Freight Co
SHP00419,Mumbai,Pune,Short,Automobile Parts,20.0,153.6,9327,2024-01-26,Om Sai Transport
SHP00420,Delhi,Jaipur,Short,Automobile Parts,12.3,276.5,10124,2024-01-26,VRL Logistics
SHP00421,Chennai,Bangalore,Short,Automobile Parts,19.2,351.3,18047,2024-01-26,Shivam Freight Co
SHP00422,Chennai,Bangalore,Short,Chemicals,18.3,346.1,16627,2024-01-26,Western Carriers
SHP00423,Chennai,Bangalore,Short,FMCG,24.7,348.2,22583,2024-01-26,Western Carriers
SHP00424,Ahmedabad,Mumbai,Medium,Steel Coils,11.4,526.9,14661,2024-01-26,TCI Freight
SHP00425,Kolkata,Bhubaneswar,Medium,Automobile Parts,16.0,438.1,17463,2024-01-26,SafeExpress
SHP00426,Kolkata,Bhubaneswar,Medium,Electronics,24.9,440.5,27163,2024-01-26,Shivam Freight Co
SHP00427,Bangalore,Hyderabad,Medium,Chemicals,11.4,572.1,15721,2024-01-26,SafeExpress
SHP00428,Bangalore,Hyderabad,Medium,Automobile Parts,10.1,566.4,13674,2024-01-26,SafeExpress
SHP00429,Bangalore,Hyderabad,Medium,Packaged Foods,15.0,571.2,21149,2024-01-26,TCI Freight
SHP00430,Mumbai,Delhi,Long,Automobile Parts,23.0,1417.7,69588,2024-01-26,VRL Logistics
SHP00431,Delhi,Kolkata,Long,Electronics,14.2,1511.5,41831,2024-01-26,Shivam Freight Co
SHP00432,Mumbai,Pune,Short,FMCG,13.1,146.1,5551,2024-01-27,Western Carriers
SHP00433,Mumbai,Pune,Short,Chemicals,23.9,152.6,10645,2024-01-27,Om Sai Transport
SHP00434,Delhi,Jaipur,Short,Electronics,18.1,281.4,15015,2024-01-27,Om Sai Transport
SHP00435,Delhi,Jaipur,Short,Electronics,20.3,282.3,16687,2024-01-27,VRL Logistics
SHP00436,Chennai,Bangalore,Short,Chemicals,11.1,347.9,10379,2024-01-27,TCI Freight
SHP00437,Chennai,Bangalore,Short,Textiles,21.6,349.2,19807,2024-01-27,SafeExpress
SHP00438,Ahmedabad,Mumbai,Medium,Chemicals,15.6,530.4,20006,2024-01-27,Western Carriers
SHP00439,Ahmedabad,Mumbai,Medium,Steel Coils,21.6,529.0,27750,2024-01-27,Western Carriers
SHP00440,Kolkata,Bhubaneswar,Medium,Electronics,20.7,437.2,22164,2024-01-27,SafeExpress
SHP00441,Kolkata,Bhubaneswar,Medium,Textiles,11.6,438.5,12146,2024-01-27,SafeExpress
SHP00442,Bangalore,Hyderabad,Medium,Chemicals,11.3,566.8,15200,2024-01-27,TCI Freight
SHP00443,Bangalore,Hyderabad,Medium,Chemicals,11.5,570.1,15346,2024-01-27,Shivam Freight Co
SHP00444,Mumbai,Delhi,Long,FMCG,10.2,1422.9,29823,2024-01-27,Shivam Freight Co
SHP00445,Mumbai,Delhi,Long,Steel Coils,18.4,1421.8,55005,2024-01-27,TCI Freight
SHP00446,Delhi,Kolkata,Long,Automobile Parts,12.1,1509.0,36273,2024-01-27,Om Sai Transport
SHP00447,Delhi,Kolkata,Long,Automobile Parts,16.5,1506.5,49620,2024-01-27,Shivam Freight Co
SHP00448,Delhi,Kolkata,Long,Automobile Parts,24.2,1508.9,73769,2024-01-27,TCI Freight
SHP00449,Mumbai,Pune,Short,Textiles,14.6,146.9,6596,2024-01-28,TCI Freight
SHP00450,Mumbai,Pune,Short,Automobile Parts,22.9,149.0,10283,2024-01-28,Western Carriers
SHP00451,Delhi,Jaipur,Short,Automobile Parts,19.0,278.4,16174,2024-01-28,VRL Logistics
SHP00452,Chennai,Bangalore,Short,Automobile Parts,14.4,353.7,13843,2024-01-28,TCI Freight
SHP00453,Chennai,Bangalore,Short,FMCG,14.9,352.3,14032,2024-01-28,SafeExpress
SHP00454,Ahmedabad,Mumbai,Medium,FMCG,25.0,527.6,31643,2024-01-28,TCI Freight
SHP00455,Ahmedabad,Mumbai,Medium,Steel Coils,20.9,526.2,27199,2024-01-28,SafeExpress
SHP00456,Ahmedabad,Mumbai,Medium,FMCG,22.5,532.4,28609,2024-01-28,SafeExpress
SHP00457,Kolkata,Bhubaneswar,Medium,Electronics,13.6,441.1,15249,2024-01-28,SafeExpress
SHP00458,Bangalore,Hyderabad,Medium,Chemicals,19.0,569.6,26511,2024-01-28,TCI Freight
SHP00459,Mumbai,Delhi,Long,Electronics,10.6,1419.3,32218,2024-01-28,TCI Freight
SHP00460,Mumbai,Delhi,Long,Steel Coils,23.7,1420.8,69678,2024-01-28,Western Carriers
SHP00461,Mumbai,Delhi,Long,Chemicals,12.5,1421.3,37515,2024-01-28,Western Carriers
SHP00462,Delhi,Kolkata,Long,Packaged Foods,15.0,1513.7,46438,2024-01-28,Shivam Freight Co
SHP00463,Delhi,Kolkata,Long,Chemicals,13.3,1506.8,40908,2024-01-28,TCI Freight
SHP00464,Mumbai,Pune,Short,Chemicals,15.9,149.6,7295,2024-01-29,Western Carriers
SHP00465,Delhi,Jaipur,Short,Packaged Foods,17.2,284.0,14293,2024-01-29,Shivam Freight Co
SHP00466,Delhi,Jaipur,Short,Textiles,21.0,282.7,17408,2024-01-29,SafeExpress
SHP00467,Chennai,Bangalore,Short,Electronics,17.1,349.9,16693,2024-01-29,SafeExpress
SHP00468,Chennai,Bangalore,Short,Packaged Foods,14.5,348.6,14313,2024-01-29,Shivam Freight Co
SHP00469,Chennai,Bangalore,Short,Steel Coils,19.7,352.8,19577,2024-01-29,Western Carriers
SHP00470,Ahmedabad,Mumbai,Medium,Automobile Parts,15.0,530.4,19136,2024-01-29,Om Sai Transport
SHP00471,Kolkata,Bhubaneswar,Medium,Packaged Foods,19.6,437.5,21761,2024-01-29,Western Carriers
SHP00472,Kolkata,Bhubaneswar,Medium,Automobile Parts,13.0,440.9,14639,2024-01-29,Shivam Freight Co
SHP00473,Kolkata,Bhubaneswar,Medium,FMCG,13.1,441.6,14869,2024-01-29,Shivam Freight Co
SHP00474,Bangalore,Hyderabad,Medium,Textiles,14.9,567.5,20353,2024-01-29,Western Carriers
SHP00475,Bangalore,Hyderabad,Medium,Chemicals,17.9,572.9,24864,2024-01-29,SafeExpress
SHP00476,Bangalore,Hyderabad,Medium,FMCG,18.8,570.9,25721,2024-01-29,SafeExpress
SHP00477,Mumbai,Delhi,Long,Packaged Foods,14.5,1421.6,42749,2024-01-29,Western Carriers
SHP00478,Mumbai,Delhi,Long,Steel Coils,11.8,1417.1,34252,2024-01-29,VRL Logistics
SHP00479,Mumbai,Delhi,Long,Steel Coils,17.7,1421.5,51772,2024-01-29,TCI Freight
SHP00480,Delhi,Kolkata,Long,Steel Coils,18.1,1509.9,55187,2024-01-29,TCI Freight
SHP00481,Mumbai,Pune,Short,Packaged Foods,14.7,147.1,6345,2024-01-30,VRL Logistics
SHP00482,Mumbai,Pune,Short,Automobile Parts,17.3,153.6,7717,2024-01-30,TCI Freight
SHP00483,Delhi,Jaipur,Short,Automobile Parts,17.4,279.3,14462,2024-01-30,SafeExpress
SHP00484,Delhi,Jaipur,Short,Steel Coils,18.5,277.3,15318,2024-01-30,VRL Logistics
SHP00485,Chennai,Bangalore,Short,Electronics,12.5,350.3,11684,2024-01-30,SafeExpress
SHP00486,Ahmedabad,Mumbai,Medium,Textiles,14.0,530.6,18285,2024-01-30,TCI Freight
SHP00487,Kolkata,Bhubaneswar,Medium,Automobile Parts,16.6,442.1,18492,2024-01-30,Shivam Freight Co
SHP00488,Bangalore,Hyderabad,Medium,Automobile Parts,14.5,572.0,20591,2024-01-30,VRL Logistics
SHP00489,Bangalore,Hyderabad,Medium,Packaged Foods,22.3,568.8,30798,2024-01-30,Om Sai Transport
SHP00490,Bangalore,Hyderabad,Medium,FMCG,21.1,567.7,29376,2024-01-30,Western Carriers
SHP00491,Mumbai,Delhi,Long,Steel Coils,12.1,1417.3,34973,2024-01-30,Shivam Freight Co
SHP00492,Mumbai,Delhi,Long,Steel Coils,18.0,1420.6,52971,2024-01-30,VRL Logistics
SHP00493,Delhi,Kolkata,Long,Electronics,14.0,1508.3,44068,2024-01-30,Shivam Freight Co
SHP00494,Delhi,Kolkata,Long,Packaged Foods,21.3,1507.1,65814,2024-01-30,VRL Logistics
SHP00495,Mumbai,Pune,Short,Textiles,12.0,151.6,5499,2024-01-31,Om Sai Transport
SHP00496,Delhi,Jaipur,Short,Electronics,12.1,279.1,10172,2024-01-31,SafeExpress
SHP00497,Delhi,Jaipur,Short,FMCG,11.1,279.0,9389,2024-01-31,Shivam Freight Co
SHP00498,Delhi,Jaipur,Short,Textiles,21.2,279.2,17873,2024-01-31,SafeExpress
SHP00499,Chennai,Bangalore,Short,Packaged Foods,23.0,350.7,23097,2024-01-31,Western Carriers
SHP00500,Chennai,Bangalore,Short,FMCG,19.5,353.8,19639,2024-01-31,Shivam Freight Co
SHP00501,Ahmedabad,Mumbai,Medium,Textiles,16.4,527.7,21330,2024-01-31,VRL Logistics
SHP00502,Ahmedabad,Mumbai,Medium,Chemicals,15.1,532.6,20116,2024-01-31,SafeExpress
SHP00503,Kolkata,Bhubaneswar,Medium,FMCG,10.7,442.1,12091,2024-01-31,SafeExpress
SHP00504,Kolkata,Bhubaneswar,Medium,Automobile Parts,23.9,436.1,26145,2024-01-31,Shivam Freight Co
SHP00505,Kolkata,Bhubaneswar,Medium,Steel Coils,16.4,443.9,18882,2024-01-31,Western Carriers
SHP00506,Bangalore,Hyderabad,Medium,Electronics,15.4,566.7,20351,2024-01-31,Western Carriers
SHP00507,Bangalore,Hyderabad,Medium,Electronics,15.9,567.3,21224,2024-01-31,Om Sai Transport
SHP00508,Mumbai,Delhi,Long,Steel Coils,10.0,1421.6,28992,2024-01-31,TCI Freight
SHP00509,Delhi,Kolkata,Long,Packaged Foods,10.1,1509.6,29805,2024-01-31,SafeExpress
SHP00510,Delhi,Kolkata,Long,Packaged Foods,17.2,1511.6,50590,2024-01-31,Western Carriers
SHP00511,Delhi,Kolkata,Long,Textiles,11.5,1512.4,34032,2024-01-31,Om Sai Transport
SHP00512,Mumbai,Pune,Short,Chemicals,20.2,151.1,8935,2024-02-01,Shivam Freight Co
SHP00513,Delhi,Jaipur,Short,Steel Coils,20.8,279.5,17352,2024-02-01,SafeExpress
SHP00514,Chennai,Bangalore,Short,FMCG,11.3,352.9,10866,2024-02-01,Shivam Freight Co
SHP00515,Chennai,Bangalore,Short,Textiles,15.8,350.7,15628,2024-02-01,Om Sai Transport
SHP00516,Ahmedabad,Mumbai,Medium,Chemicals,18.3,526.7,23350,2024-02-01,VRL Logistics
SHP00517,Ahmedabad,Mumbai,Medium,Electronics,20.4,532.2,26561,2024-02-01,VRL Logistics
SHP00518,Ahmedabad,Mumbai,Medium,Automobile Parts,19.1,527.6,24013,2024-02-01,VRL Logistics
SHP00519,Kolkata,Bhubaneswar,Medium,Chemicals,11.7,440.0,12983,2024-02-01,Shivam Freight Co
SHP00520,Bangalore,Hyderabad,Medium,FMCG,24.0,573.9,32625,2024-02-01,TCI Freight
SHP00521,Mumbai,Delhi,Long,FMCG,21.4,1421.5,63193,2024-02-01,Shivam Freight Co
SHP00522,Mumbai,Delhi,Long,Packaged Foods,11.0,1416.1,31479,2024-02-01,Shivam Freight Co
SHP00523,Mumbai,Delhi,Long,Electronics,16.0,1423.6,46075,2024-02-01,TCI Freight
SHP00524,Delhi,Kolkata,Long,Chemicals,11.2,1511.6,34453,2024-02-01,Om Sai Transport
SHP00525,Delhi,Kolkata,Long,Steel Coils,14.6,1508.2,44765,2024-02-01,Om Sai Transport
SHP00526,Mumbai,Pune,Short,Electronics,21.4,150.7,9754,2024-02-02,Shivam Freight Co
SHP00527,Mumbai,Pune,Short,Steel Coils,16.6,148.5,7546,2024-02-02,Shivam Freight Co
SHP00528,Delhi,Jaipur,Short,Electronics,19.2,276.9,15168,2024-02-02,Western Carriers
SHP00529,Delhi,Jaipur,Short,Steel Coils,12.6,281.3,10095,2024-02-02,Western Carriers
SHP00530,Chennai,Bangalore,Short,Electronics,17.8,353.6,16991,2024-02-02,VRL Logistics
SHP00531,Chennai,Bangalore,Short,Textiles,11.9,347.3,11156,2024-02-02,Western Carriers
SHP00532,Ahmedabad,Mumbai,Medium,Textiles,16.4,528.7,21756,2024-02-02,Western Carriers
SHP00533,Kolkata,Bhubaneswar,Medium,Automobile Parts,16.8,436.6,18754,2024-02-02,TCI Freight
SHP00534,Kolkata,Bhubaneswar,Medium,Chemicals,12.4,437.3,14095,2024-02-02,Western Carriers
SHP00535,Kolkata,Bhubaneswar,Medium,Packaged Foods,13.4,441.8,15228,2024-02-02,Shivam Freight Co
SHP00536,Bangalore,Hyderabad,Medium,FMCG,23.8,568.9,31587,2024-02-02,Shivam Freight Co
SHP00537,Bangalore,Hyderabad,Medium,Automobile Parts,23.7,570.4,32255,2024-02-02,Om Sai Transport
SHP00538,Mumbai,Delhi,Long,Chemicals,14.8,1423.3,43278,2024-02-02,VRL Logistics
SHP00539,Mumbai,Delhi,Long,Steel Coils,20.1,1417.0,56730,2024-02-02,TCI Freight
SHP00540,Delhi,Kolkata,Long,FMCG,17.0,1506.6,52245,2024-02-02,VRL Logistics
SHP00541,Delhi,Kolkata,Long,Steel Coils,18.3,1508.6,55692,2024-02-02,VRL Logistics
SHP00542,Mumbai,Pune,Short,Automobile Parts,13.6,151.9,6188,2024-02-03,Om Sai Transport
SHP00543,Mumbai,Pune,Short,Steel Coils,18.2,151.9,8424,2024-02-03,Shivam Freight Co
SHP00544,Delhi,Jaipur,Short,Packaged Foods,15.2,277.9,12958,2024-02-03,VRL Logistics
SHP00545,Chennai,Bangalore,Short,Steel Coils,21.1,349.0,19494,2024-02-03,TCI Freight
SHP00546,Chennai,Bangalore,Short,Steel Coils,16.3,353.9,15673,2024-02-03,Western Carriers
SHP00547,Chennai,Bangalore,Short,FMCG,10.7,348.2,9833,2024-02-03,TCI Freight
SHP00548,Ahmedabad,Mumbai,Medium,Chemicals,21.2,529.7,27458,2024-02-03,Om Sai Transport
SHP00549,Ahmedabad,Mumbai,Medium,Packaged Foods,15.9,531.1,20657,2024-02-03,SafeExpress
SHP00550,Kolkata,Bhubaneswar,Medium,FMCG,13.9,437.9,15252,2024-02-03,SafeExpress
SHP00551,Bangalore,Hyderabad,Medium,Steel Coils,16.8,568.6,22955,2024-02-03,Om Sai Transport
SHP00552,Bangalore,Hyderabad,Medium,Steel Coils,18.8,572.2,25768,2024-02-03,SafeExpress
SHP00553,Bangalore,Hyderabad,Medium,FMCG,16.1,569.7,22310,2024-02-03,Om Sai Transport
SHP00554,Mumbai,Delhi,Long,Electronics,11.8,1418.1,33736,2024-02-03,VRL Logistics
SHP00555,Mumbai,Delhi,Long,FMCG,20.5,1422.6,58516,2024-02-03,VRL Logistics
SHP00556,Delhi,Kolkata,Long,Electronics,15.3,1508.0,45195,2024-02-03,VRL Logistics
SHP00557,Delhi,Kolkata,Long,Automobile Parts,24.9,1508.1,72140,2024-02-03,SafeExpress
SHP00558,Delhi,Kolkata,Long,Packaged Foods,18.3,1510.4,53237,2024-02-03,Om Sai Transport
SHP00559,Mumbai,Pune,Short,FMCG,24.7,152.6,10888,2024-02-04,SafeExpress
SHP00560,Delhi,Jaipur,Short,FMCG,11.3,283.5,9410,2024-02-04,Shivam Freight Co
SHP00561,Delhi,Jaipur,Short,Automobile Parts,11.0,276.2,9037,2024-02-04,Om Sai Transport
SHP00562,Delhi,Jaipur,Short,Packaged Foods,22.7,276.7,18614,2024-02-04,Shivam Freight Co
SHP00563,Chennai,Bangalore,Short,Automobile Parts,18.6,347.3,18470,2024-02-04,SafeExpress
SHP00564,Ahmedabad,Mumbai,Medium,Textiles,15.3,529.4,19599,2024-02-04,VRL Logistics
SHP00565,Ahmedabad,Mumbai,Medium,Chemicals,12.2,529.6,15453,2024-02-04,Om Sai Transport
SHP00566,Ahmedabad,Mumbai,Medium,Automobile Parts,17.5,531.2,22471,2024-02-04,Shivam Freight Co
SHP00567,Kolkata,Bhubaneswar,Medium,Chemicals,13.0,437.1,14068,2024-02-04,Om Sai Transport
SHP00568,Kolkata,Bhubaneswar,Medium,Automobile Parts,22.0,441.0,23934,2024-02-04,Western Carriers
SHP00569,Bangalore,Hyderabad,Medium,Textiles,15.2,572.3,20755,2024-02-04,SafeExpress
SHP00570,Bangalore,Hyderabad,Medium,Packaged Foods,10.4,568.2,14117,2024-02-04,VRL Logistics
SHP00571,Bangalore,Hyderabad,Medium,FMCG,24.9,566.5,33607,2024-02-04,TCI Freight
SHP00572,Mumbai,Delhi,Long,FMCG,19.9,1416.8,58975,2024-02-04,Western Carriers
SHP00573,Delhi,Kolkata,Long,FMCG,24.7,1510.6,72311,2024-02-04,Om Sai Transport
SHP00574,Mumbai,Pune,Short,Chemicals,21.1,148.5,9165,2024-02-05,Shivam Freight Co
SHP00575,Mumbai,Pune,Short,Steel Coils,15.3,151.6,6842,2024-02-05,TCI Freight
SHP00576,Mumbai,Pune,Short,Automobile Parts,22.6,153.6,10338,2024-02-05,TCI Freight
SHP00577,Delhi,Jaipur,Short,Packaged Foods,10.8,276.3,8737,2024-02-05,TCI Freight
SHP00578,Delhi,Jaipur,Short,FMCG,15.0,279.8,12295,2024-02-05,Om Sai Transport
SHP00579,Chennai,Bangalore,Short,Packaged Foods,22.7,353.4,21696,2024-02-05,Om Sai Transport
SHP00580,Ahmedabad,Mumbai,Medium,Packaged Foods,22.7,532.2,30181,2024-02-05,VRL Logistics
SHP00581,Kolkata,Bhubaneswar,Medium,Steel Coils,11.5,439.2,12681,2024-02-05,Om Sai Transport
SHP00582,Kolkata,Bhubaneswar,Medium,Automobile Parts,16.6,441.9,18667,2024-02-05,Western Carriers
SHP00583,Kolkata,Bhubaneswar,Medium,Chemicals,20.6,438.5,22917,2024-02-05,VRL Logistics
SHP00584,Bangalore,Hyderabad,Medium,Textiles,15.7,572.5,21412,2024-02-05,Om Sai Transport
SHP00585,Bangalore,Hyderabad,Medium,Chemicals,10.0,567.4,13500,2024-02-05,SafeExpress
SHP00586,Bangalore,Hyderabad,Medium,Steel Coils,21.6,572.8,29280,2024-02-05,TCI Freight
SHP00587,Mumbai,Delhi,Long,Steel Coils,18.5,1417.8,54113,2024-02-05,VRL Logistics
SHP00588,Mumbai,Delhi,Long,Steel Coils,13.6,1422.0,39970,2024-02-05,Western Carriers
SHP00589,Mumbai,Delhi,Long,Electronics,11.3,1423.1,32879,2024-02-05,Western Carriers
SHP00590,Delhi,Kolkata,Long,Textiles,13.1,1506.1,40687,2024-02-05,VRL Logistics
SHP00591,Delhi,Kolkata,Long,Automobile Parts,20.8,1512.3,63208,2024-02-05,Western Carriers
SHP00592,Mumbai,Pune,Short,Chemicals,17.4,153.1,7915,2024-02-06,SafeExpress
SHP00593,Delhi,Jaipur,Short,Steel Coils,18.7,282.3,15358,2024-02-06,Om Sai Transport
SHP00594,Delhi,Jaipur,Short,Packaged Foods,22.0,279.6,17382,2024-02-06,VRL Logistics
SHP00595,Chennai,Bangalore,Short,Electronics,12.6,346.6,11779,2024-02-06,Shivam Freight Co
SHP00596,Ahmedabad,Mumbai,Medium,Electronics,24.8,528.7,32721,2024-02-06,Shivam Freight Co
SHP00597,Kolkata,Bhubaneswar,Medium,Packaged Foods,23.3,437.3,25020,2024-02-06,VRL Logistics
SHP00598,Kolkata,Bhubaneswar,Medium,Electronics,12.8,437.6,14055,2024-02-06,Western Carriers
SHP00599,Kolkata,Bhubaneswar,Medium,Packaged Foods,19.9,440.3,21638,2024-02-06,Shivam Freight Co
SHP00600,Bangalore,Hyderabad,Medium,Automobile Parts,12.3,572.7,16704,2024-02-06,Shivam Freight Co
SHP00601,Bangalore,Hyderabad,Medium,Steel Coils,19.9,568.4,27080,2024-02-06,Shivam Freight Co
SHP00602,Bangalore,Hyderabad,Medium,Packaged Foods,12.6,566.2,16870,2024-02-06,SafeExpress
SHP00603,Mumbai,Delhi,Long,Textiles,17.1,1422.3,51691,2024-02-06,Shivam Freight Co
SHP00604,Mumbai,Delhi,Long,Automobile Parts,15.8,1421.1,46736,2024-02-06,VRL Logistics
SHP00605,Delhi,Kolkata,Long,Textiles,17.0,1508.1,49760,2024-02-06,TCI Freight
SHP00606,Mumbai,Pune,Short,Chemicals,11.3,151.3,4963,2024-02-07,SafeExpress
SHP00607,Mumbai,Pune,Short,FMCG,18.8,153.8,8464,2024-02-07,SafeExpress
SHP00608,Mumbai,Pune,Short,FMCG,16.3,152.5,7271,2024-02-07,SafeExpress
SHP00609,Delhi,Jaipur,Short,Electronics,11.2,279.8,9435,2024-02-07,Shivam Freight Co
SHP00610,Chennai,Bangalore,Short,Packaged Foods,20.2,352.4,19672,2024-02-07,SafeExpress
SHP00611,Chennai,Bangalore,Short,FMCG,24.8,347.4,24143,2024-02-07,Om Sai Transport
SHP00612,Chennai,Bangalore,Short,Automobile Parts,16.4,347.0,15957,2024-02-07,Om Sai Transport
SHP00613,Ahmedabad,Mumbai,Medium,Electronics,18.9,527.2,24959,2024-02-07,Shivam Freight Co
SHP00614,Ahmedabad,Mumbai,Medium,FMCG,18.3,526.7,24370,2024-02-07,VRL Logistics
SHP00615,Ahmedabad,Mumbai,Medium,Electronics,23.8,530.2,31217,2024-02-07,TCI Freight
SHP00616,Kolkata,Bhubaneswar,Medium,Chemicals,12.2,436.9,13431,2024-02-07,Shivam Freight Co
SHP00617,Kolkata,Bhubaneswar,Medium,Textiles,18.4,443.4,20176,2024-02-07,TCI Freight
SHP00618,Bangalore,Hyderabad,Medium,Automobile Parts,19.8,568.1,27691,2024-02-07,Shivam Freight Co
SHP00619,Bangalore,Hyderabad,Medium,Electronics,16.0,567.4,22391,2024-02-07,Western Carriers
SHP00620,Mumbai,Delhi,Long,Electronics,15.0,1423.1,43046,2024-02-07,SafeExpress
SHP00621,Mumbai,Delhi,Long,FMCG,23.5,1423.4,66860,2024-02-07,VRL Logistics
SHP00622,Delhi,Kolkata,Long,Steel Coils,20.3,1512.9,61875,2024-02-07,Om Sai Transport
SHP00623,Delhi,Kolkata,Long,Textiles,21.2,1508.4,63924,2024-02-07,VRL Logistics
SHP00624,Mumbai,Pune,Short,FMCG,12.8,151.2,5818,2024-02-08,SafeExpress
SHP00625,Mumbai,Pune,Short,FMCG,21.4,151.9,10031,2024-02-08,Shivam Freight Co
SHP00626,Mumbai,Pune,Short,Chemicals,12.4,150.1,5618,2024-02-08,SafeExpress
SHP00627,Delhi,Jaipur,Short,FMCG,10.4,283.0,8388,2024-02-08,Om Sai Transport
SHP00628,Delhi,Jaipur,Short,Textiles,13.7,282.7,11156,2024-02-08,Western Carriers
SHP00629,Delhi,Jaipur,Short,Automobile Parts,15.5,277.6,12398,2024-02-08,Western Carriers
SHP00630,Chennai,Bangalore,Short,Steel Coils,15.6,346.2,15286,2024-02-08,SafeExpress
SHP00631,Chennai,Bangalore,Short,Textiles,15.2,350.7,14829,2024-02-08,Western Carriers
SHP00632,Chennai,Bangalore,Short,Packaged Foods,11.4,352.6,11120,2024-02-08,Om Sai Transport
SHP00633,Ahmedabad,Mumbai,Medium,Textiles,19.7,532.9,26453,2024-02-08,Western Carriers
SHP00634,Kolkata,Bhubaneswar,Medium,Automobile Parts,24.5,442.9,27177,2024-02-08,Om Sai Transport
SHP00635,Bangalore,Hyderabad,Medium,Textiles,13.4,572.4,18652,2024-02-08,Western Carriers
SHP00636,Bangalore,Hyderabad,Medium,Automobile Parts,19.6,573.7,27142,2024-02-08,VRL Logistics
SHP00637,Bangalore,Hyderabad,Medium,Chemicals,13.3,569.7,18200,2024-02-08,TCI Freight
SHP00638,Mumbai,Delhi,Long,FMCG,25.0,1416.1,73473,2024-02-08,VRL Logistics
SHP00639,Delhi,Kolkata,Long,Packaged Foods,14.5,1510.9,43288,2024-02-08,VRL Logistics
SHP00640,Delhi,Kolkata,Long,Textiles,19.6,1513.9,60425,2024-02-08,Western Carriers
SHP00641,Delhi,Kolkata,Long,Steel Coils,23.4,1511.7,70437,2024-02-08,TCI Freight
SHP00642,Mumbai,Pune,Short,Electronics,22.0,152.4,10260,2024-02-09,VRL Logistics
SHP00643,Delhi,Jaipur,Short,Automobile Parts,17.5,276.2,14296,2024-02-09,SafeExpress
SHP00644,Delhi,Jaipur,Short,Chemicals,10.5,279.1,8812,2024-02-09,Om Sai Transport
SHP00645,Delhi,Jaipur,Short,Electronics,20.7,278.7,17332,2024-02-09,SafeExpress
SHP00646,Chennai,Bangalore,Short,Electronics,14.5,348.9,14064,2024-02-09,TCI Freight
SHP00647,Chennai,Bangalore,Short,Textiles,11.5,347.4,11087,2024-02-09,Western Carriers
SHP00648,Chennai,Bangalore,Short,Electronics,21.4,352.5,20981,2024-02-09,VRL Logistics
SHP00649,Ahmedabad,Mumbai,Medium,FMCG,21.2,528.8,27506,2024-02-09,VRL Logistics
SHP00650,Kolkata,Bhubaneswar,Medium,FMCG,22.8,438.4,24767,2024-02-09,Western Carriers
SHP00651,Kolkata,Bhubaneswar,Medium,Steel Coils,24.2,440.7,26003,2024-02-09,TCI Freight
SHP00652,Kolkata,Bhubaneswar,Medium,Automobile Parts,20.2,437.0,21925,2024-02-09,Shivam Freight Co
SHP00653,Bangalore,Hyderabad,Medium,Chemicals,13.0,567.1,18022,2024-02-09,SafeExpress
SHP00654,Mumbai,Delhi,Long,Steel Coils,11.2,1417.4,31634,2024-02-09,VRL Logistics
SHP00655,Mumbai,Delhi,Long,FMCG,10.1,1421.1,28533,2024-02-09,Om Sai Transport
SHP00656,Mumbai,Delhi,Long,FMCG,12.4,1420.6,35742,2024-02-09,Shivam Freight Co
SHP00657,Delhi,Kolkata,Long,Automobile Parts,16.1,1511.1,48461,2024-02-09,Shivam Freight Co
SHP00658,Delhi,Kolkata,Long,Packaged Foods,13.0,1506.3,38099,2024-02-09,VRL Logistics
SHP00659,Mumbai,Pune,Short,Steel Coils,20.2,147.5,9122,2024-02-10,Om Sai Transport
SHP00660,Mumbai,Pune,Short,Automobile Parts,15.2,151.5,6911,2024-02-10,TCI Freight
SHP00661,Mumbai,Pune,Short,Textiles,12.5,150.7,5813,2024-02-10,VRL Logistics
SHP00662,Delhi,Jaipur,Short,Steel Coils,15.1,280.8,12669,2024-02-10,VRL Logistics
SHP00663,Delhi,Jaipur,Short,Steel Coils,17.4,284.0,14685,2024-02-10,SafeExpress
SHP00664,Delhi,Jaipur,Short,Steel Coils,13.4,276.2,11101,2024-02-10,Western Carriers
SHP00665,Chennai,Bangalore,Short,Packaged Foods,15.5,347.4,14470,2024-02-10,SafeExpress
SHP00666,Chennai,Bangalore,Short,Packaged Foods,13.8,353.0,13030,2024-02-10,TCI Freight
SHP00667,Chennai,Bangalore,Short,Packaged Foods,19.9,354.0,18933,2024-02-10,Shivam Freight Co
SHP00668,Ahmedabad,Mumbai,Medium,Electronics,11.9,529.6,15462,2024-02-10,Om Sai Transport
SHP00669,Ahmedabad,Mumbai,Medium,Automobile Parts,20.3,527.6,26018,2024-02-10,Western Carriers
SHP00670,Kolkata,Bhubaneswar,Medium,FMCG,19.1,438.2,20127,2024-02-10,Shivam Freight Co
SHP00671,Kolkata,Bhubaneswar,Medium,FMCG,19.3,440.1,20546,2024-02-10,Shivam Freight Co
SHP00672,Kolkata,Bhubaneswar,Medium,FMCG,19.1,440.0,20735,2024-02-10,TCI Freight
SHP00673,Bangalore,Hyderabad,Medium,Automobile Parts,14.4,571.6,19941,2024-02-10,Om Sai Transport
SHP00674,Bangalore,Hyderabad,Medium,Packaged Foods,17.2,571.5,24004,2024-02-10,Western Carriers
SHP00675,Mumbai,Delhi,Long,Packaged Foods,20.0,1422.7,56094,2024-02-10,TCI Freight
SHP00676,Delhi,Kolkata,Long,Textiles,13.8,1506.8,40092,2024-02-10,VRL Logistics
SHP00677,Delhi,Kolkata,Long,Packaged Foods,11.5,1509.7,33397,2024-02-10,VRL Logistics
SHP00678,Delhi,Kolkata,Long,Packaged Foods,20.2,1508.9,59229,2024-02-10,Shivam Freight Co
SHP00679,Mumbai,Pune,Short,Textiles,12.1,146.1,5447,2024-02-11,VRL Logistics
SHP00680,Delhi,Jaipur,Short,Textiles,21.0,278.1,17546,2024-02-11,Om Sai Transport
SHP00681,Delhi,Jaipur,Short,FMCG,16.0,276.9,13356,2024-02-11,SafeExpress
SHP00682,Delhi,Jaipur,Short,FMCG,17.2,281.5,14576,2024-02-11,Om Sai Transport
SHP00683,Chennai,Bangalore,Short,Packaged Foods,24.7,351.8,23663,2024-02-11,SafeExpress
SHP00684,Chennai,Bangalore,Short,Automobile Parts,17.2,353.3,16368,2024-02-11,Om Sai Transport
SHP00685,Chennai,Bangalore,Short,FMCG,21.7,350.9,20545,2024-02-11,Western Carriers
SHP00686,Ahmedabad,Mumbai,Medium,Packaged Foods,12.0,533.8,16321,2024-02-11,SafeExpress
SHP00687,Ahmedabad,Mumbai,Medium,Packaged Foods,11.0,529.5,14686,2024-02-11,Western Carriers
SHP00688,Ahmedabad,Mumbai,Medium,Electronics,17.9,532.9,24136,2024-02-11,TCI Freight
SHP00689,Kolkata,Bhubaneswar,Medium,Chemicals,17.8,443.0,19533,2024-02-11,Shivam Freight Co
SHP00690,Kolkata,Bhubaneswar,Medium,Electronics,20.9,439.5,22567,2024-02-11,Western Carriers
SHP00691,Kolkata,Bhubaneswar,Medium,Chemicals,12.2,441.1,13404,2024-02-11,Shivam Freight Co
SHP00692,Bangalore,Hyderabad,Medium,Steel Coils,17.0,570.0,22571,2024-02-11,Shivam Freight Co
SHP00693,Mumbai,Delhi,Long,Steel Coils,24.6,1417.9,71278,2024-02-11,TCI Freight
SHP00694,Mumbai,Delhi,Long,Automobile Parts,16.0,1421.1,46814,2024-02-11,SafeExpress
SHP00695,Delhi,Kolkata,Long,Automobile Parts,17.5,1506.7,53293,2024-02-11,Western Carriers
SHP00696,Delhi,Kolkata,Long,Chemicals,11.5,1511.2,35262,2024-02-11,TCI Freight
SHP00697,Mumbai,Pune,Short,Chemicals,24.4,152.3,10874,2024-02-12,TCI Freight
SHP00698,Delhi,Jaipur,Short,FMCG,15.1,279.6,12395,2024-02-12,Om Sai Transport
SHP00699,Delhi,Jaipur,Short,Chemicals,15.0,282.8,12425,2024-02-12,SafeExpress
SHP00700,Delhi,Jaipur,Short,Packaged Foods,15.4,281.7,12549,2024-02-12,Western Carriers
SHP00701,Chennai,Bangalore,Short,Chemicals,19.5,348.8,18613,2024-02-12,TCI Freight
SHP00702,Chennai,Bangalore,Short,Automobile Parts,11.6,349.0,11121,2024-02-12,Om Sai Transport
SHP00703,Ahmedabad,Mumbai,Medium,Steel Coils,11.6,531.8,15474,2024-02-12,Shivam Freight Co
SHP00704,Ahmedabad,Mumbai,Medium,FMCG,15.9,533.4,21143,2024-02-12,Om Sai Transport
SHP00705,Ahmedabad,Mumbai,Medium,Electronics,11.6,531.7,15350,2024-02-12,Western Carriers
SHP00706,Kolkata,Bhubaneswar,Medium,Automobile Parts,18.8,439.7,20780,2024-02-12,Shivam Freight Co
SHP00707,Kolkata,Bhubaneswar,Medium,FMCG,10.7,440.2,12044,2024-02-12,TCI Freight
SHP00708,Bangalore,Hyderabad,Medium,Steel Coils,23.7,572.2,32763,2024-02-12,Western Carriers
SHP00709,Bangalore,Hyderabad,Medium,Chemicals,11.6,572.5,16022,2024-02-12,VRL Logistics
SHP00710,Bangalore,Hyderabad,Medium,Electronics,15.8,570.0,22006,2024-02-12,Om Sai Transport
SHP00711,Mumbai,Delhi,Long,Automobile Parts,16.8,1423.8,47660,2024-02-12,TCI Freight
SHP00712,Mumbai,Delhi,Long,Electronics,21.2,1421.6,60453,2024-02-12,TCI Freight
SHP00713,Delhi,Kolkata,Long,Steel Coils,18.3,1511.9,55894,2024-02-12,TCI Freight
SHP00714,Delhi,Kolkata,Long,Steel Coils,20.3,1511.7,63760,2024-02-12,Western Carriers
SHP00715,Delhi,Kolkata,Long,Electronics,24.4,1511.2,75354,2024-02-12,Western Carriers
SHP00716,Mumbai,Pune,Short,Electronics,18.4,152.1,8334,2024-02-13,Western Carriers
SHP00717,Delhi,Jaipur,Short,Automobile Parts,18.0,283.2,15189,2024-02-13,Shivam Freight Co
SHP00718,Delhi,Jaipur,Short,Electronics,10.4,280.2,8433,2024-02-13,Shivam Freight Co
SHP00719,Delhi,Jaipur,Short,Textiles,21.3,277.6,17121,2024-02-13,Western Carriers
SHP00720,Chennai,Bangalore,Short,Packaged Foods,14.4,351.5,13850,2024-02-13,VRL Logistics
SHP00721,Ahmedabad,Mumbai,Medium,Steel Coils,20.1,530.9,26703,2024-02-13,Western Carriers
SHP00722,Kolkata,Bhubaneswar,Medium,Textiles,21.8,437.9,24364,2024-02-13,Western Carriers
SHP00723,Kolkata,Bhubaneswar,Medium,FMCG,23.9,441.3,26481,2024-02-13,Western Carriers
SHP00724,Bangalore,Hyderabad,Medium,FMCG,21.2,566.4,28156,2024-02-13,SafeExpress
SHP00725,Bangalore,Hyderabad,Medium,Electronics,23.7,572.6,32467,2024-02-13,VRL Logistics
SHP00726,Bangalore,Hyderabad,Medium,FMCG,18.2,572.0,24806,2024-02-13,Western Carriers
SHP00727,Mumbai,Delhi,Long,Steel Coils,24.8,1419.6,72920,2024-02-13,Western Carriers
SHP00728,Mumbai,Delhi,Long,Chemicals,15.7,1420.1,46845,2024-02-13,VRL Logistics
SHP00729,Delhi,Kolkata,Long,Steel Coils,10.1,1512.8,29840,2024-02-13,Shivam Freight Co
SHP00730,Delhi,Kolkata,Long,Electronics,14.8,1507.2,42839,2024-02-13,TCI Freight
SHP00731,Delhi,Kolkata,Long,Chemicals,14.5,1512.7,43392,2024-02-13,VRL Logistics
SHP00732,Mumbai,Pune,Short,Packaged Foods,13.3,148.5,5700,2024-02-14,TCI Freight
SHP00733,Mumbai,Pune,Short,Textiles,18.1,147.3,7763,2024-02-14,Om Sai Transport
SHP00734,Mumbai,Pune,Short,Textiles,20.0,153.1,8890,2024-02-14,Om Sai Transport
SHP00735,Delhi,Jaipur,Short,Electronics,24.9,280.2,21412,2024-02-14,Shivam Freight Co
SHP00736,Delhi,Jaipur,Short,Electronics,15.2,276.9,12619,2024-02-14,TCI Freight
SHP00737,Delhi,Jaipur,Short,Textiles,13.7,283.3,11542,2024-02-14,SafeExpress
SHP00738,Chennai,Bangalore,Short,Chemicals,18.1,349.1,17655,2024-02-14,VRL Logistics
SHP00739,Ahmedabad,Mumbai,Medium,Steel Coils,10.7,529.6,14117,2024-02-14,VRL Logistics
SHP00740,Ahmedabad,Mumbai,Medium,FMCG,24.2,530.1,31038,2024-02-14,TCI Freight
SHP00741,Ahmedabad,Mumbai,Medium,Electronics,19.4,530.3,24935,2024-02-14,Om Sai Transport
SHP00742,Kolkata,Bhubaneswar,Medium,Electronics,13.1,442.7,15011,2024-02-14,SafeExpress
SHP00743,Kolkata,Bhubaneswar,Medium,Steel Coils,24.1,441.2,27433,2024-02-14,Shivam Freight Co
SHP00744,Bangalore,Hyderabad,Medium,Textiles,11.1,566.3,14855,2024-02-14,TCI Freight
SHP00745,Bangalore,Hyderabad,Medium,Automobile Parts,22.3,566.6,30748,2024-02-14,SafeExpress
SHP00746,Mumbai,Delhi,Long,Chemicals,10.3,1419.5,30092,2024-02-14,Shivam Freight Co
SHP00747,Mumbai,Delhi,Long,Chemicals,19.3,1421.1,56635,2024-02-14,Shivam Freight Co
SHP00748,Delhi,Kolkata,Long,Electronics,17.5,1508.9,52999,2024-02-14,VRL Logistics
SHP00749,Mumbai,Pune,Short,Electronics,16.6,152.1,7591,2024-02-15,Shivam Freight Co
SHP00750,Mumbai,Pune,Short,Automobile Parts,18.0,149.8,8023,2024-02-15,TCI Freight
SHP00751,Delhi,Jaipur,Short,FMCG,20.2,277.2,16585,2024-02-15,Western Carriers
SHP00752,Delhi,Jaipur,Short,FMCG,24.4,281.2,19601,2024-02-15,TCI Freight
SHP00753,Delhi,Jaipur,Short,Automobile Parts,10.6,277.1,8583,2024-02-15,TCI Freight
SHP00754,Chennai,Bangalore,Short,Textiles,21.2,348.4,20698,2024-02-15,Om Sai Transport
SHP00755,Ahmedabad,Mumbai,Medium,Chemicals,12.1,532.8,15513,2024-02-15,VRL Logistics
SHP00756,Ahmedabad,Mumbai,Medium,FMCG,12.7,527.6,16526,2024-02-15,Shivam Freight Co
SHP00757,Ahmedabad,Mumbai,Medium,Automobile Parts,24.0,532.8,31781,2024-02-15,Western Carriers
SHP00758,Kolkata,Bhubaneswar,Medium,Chemicals,13.8,441.4,15089,2024-02-15,SafeExpress
SHP00759,Kolkata,Bhubaneswar,Medium,Steel Coils,15.4,443.6,17247,2024-02-15,Shivam Freight Co
SHP00760,Bangalore,Hyderabad,Medium,Chemicals,14.8,573.2,20058,2024-02-15,Western Carriers
SHP00761,Mumbai,Delhi,Long,Automobile Parts,18.5,1417.2,53774,2024-02-15,Om Sai Transport
SHP00762,Mumbai,Delhi,Long,Electronics,13.7,1416.0,38867,2024-02-15,Western Carriers
SHP00763,Mumbai,Delhi,Long,Electronics,22.6,1419.5,64048,2024-02-15,VRL Logistics
SHP00764,Delhi,Kolkata,Long,Packaged Foods,21.6,1509.6,66659,2024-02-15,Om Sai Transport
SHP00765,Delhi,Kolkata,Long,FMCG,11.2,1511.2,34315,2024-02-15,Om Sai Transport
SHP00766,Mumbai,Pune,Short,Packaged Foods,23.3,148.1,10416,2024-02-16,Shivam Freight Co
SHP00767,Delhi,Jaipur,Short,Chemicals,18.7,276.2,15497,2024-02-16,Om Sai Transport
SHP00768,Delhi,Jaipur,Short,Chemicals,18.3,283.3,15642,2024-02-16,SafeExpress
SHP00769,Delhi,Jaipur,Short,FMCG,12.2,281.2,10288,2024-02-16,TCI Freight
SHP00770,Chennai,Bangalore,Short,Textiles,17.5,347.1,16661,2024-02-16,TCI Freight
SHP00771,Chennai,Bangalore,Short,Chemicals,13.6,346.1,13369,2024-02-16,Western Carriers
SHP00772,Ahmedabad,Mumbai,Medium,Chemicals,12.4,527.1,15734,2024-02-16,Western Carriers
SHP00773,Ahmedabad,Mumbai,Medium,Textiles,12.2,533.0,15757,2024-02-16,Shivam Freight Co
SHP00774,Ahmedabad,Mumbai,Medium,Textiles,17.3,527.8,21539,2024-02-16,Om Sai Transport
SHP00775,Kolkata,Bhubaneswar,Medium,Automobile Parts,21.9,440.1,23330,2024-02-16,Shivam Freight Co
SHP00776,Bangalore,Hyderabad,Medium,FMCG,20.6,568.6,27359,2024-02-16,VRL Logistics
SHP00777,Bangalore,Hyderabad,Medium,Steel Coils,13.9,572.7,18611,2024-02-16,SafeExpress
SHP00778,Bangalore,Hyderabad,Medium,FMCG,15.5,571.2,20789,2024-02-16,Shivam Freight Co
SHP00779,Mumbai,Delhi,Long,FMCG,13.3,1423.8,38712,2024-02-16,VRL Logistics
SHP00780,Mumbai,Delhi,Long,Chemicals,17.2,1419.9,50325,2024-02-16,Om Sai Transport
SHP00781,Delhi,Kolkata,Long,Steel Coils,19.7,1506.6,58463,2024-02-16,Om Sai Transport
SHP00782,Mumbai,Pune,Short,Textiles,19.9,152.5,8998,2024-02-17,Western Carriers
SHP00783,Mumbai,Pune,Short,Chemicals,20.1,146.9,8777,2024-02-17,Om Sai Transport
SHP00784,Mumbai,Pune,Short,Steel Coils,16.2,151.2,7213,2024-02-17,TCI Freight
SHP00785,Delhi,Jaipur,Short,Packaged Foods,10.6,281.0,8861,2024-02-17,Om Sai Transport
SHP00786,Chennai,Bangalore,Short,Electronics,16.1,350.1,15563,2024-02-17,Shivam Freight Co
SHP00787,Ahmedabad,Mumbai,Medium,Automobile Parts,14.3,531.3,18721,2024-02-17,TCI Freight
SHP00788,Ahmedabad,Mumbai,Medium,FMCG,23.0,533.9,30363,2024-02-17,SafeExpress
SHP00789,Ahmedabad,Mumbai,Medium,Steel Coils,21.9,530.8,29500,2024-02-17,TCI Freight
SHP00790,Kolkata,Bhubaneswar,Medium,Chemicals,20.3,437.3,22784,2024-02-17,TCI Freight
SHP00791,Kolkata,Bhubaneswar,Medium,Packaged Foods,15.7,436.6,17046,2024-02-17,Om Sai Transport
SHP00792,Bangalore,Hyderabad,Medium,Steel Coils,22.4,571.5,30896,2024-02-17,SafeExpress
SHP00793,Bangalore,Hyderabad,Medium,Chemicals,19.0,573.2,26569,2024-02-17,TCI Freight
SHP00794,Bangalore,Hyderabad,Medium,Chemicals,11.4,572.0,15771,2024-02-17,TCI Freight
SHP00795,Mumbai,Delhi,Long,Packaged Foods,17.8,1421.2,52605,2024-02-17,Western Carriers
SHP00796,Mumbai,Delhi,Long,FMCG,13.4,1420.2,40261,2024-02-17,SafeExpress
SHP00797,Mumbai,Delhi,Long,FMCG,22.1,1418.8,66611,2024-02-17,Western Carriers
SHP00798,Delhi,Kolkata,Long,FMCG,17.2,1507.1,51524,2024-02-17,Shivam Freight Co
SHP00799,Delhi,Kolkata,Long,Steel Coils,23.2,1508.3,70048,2024-02-17,Shivam Freight Co
SHP00800,Mumbai,Pune,Short,Electronics,11.8,150.6,5292,2024-02-18,Om Sai Transport
SHP00801,Delhi,Jaipur,Short,Chemicals,11.6,279.3,9637,2024-02-18,VRL Logistics
SHP00802,Delhi,Jaipur,Short,Chemicals,18.0,278.1,14972,2024-02-18,VRL Logistics
SHP00803,Chennai,Bangalore,Short,Automobile Parts,16.2,352.0,16328,2024-02-18,Om Sai Transport
SHP00804,Chennai,Bangalore,Short,Textiles,18.3,349.0,17904,2024-02-18,TCI Freight
SHP00805,Ahmedabad,Mumbai,Medium,Packaged Foods,12.1,529.2,15768,2024-02-18,Western Carriers
SHP00806,Ahmedabad,Mumbai,Medium,Packaged Foods,21.7,527.8,28298,2024-02-18,Om Sai Transport
SHP00807,Ahmedabad,Mumbai,Medium,Chemicals,21.8,530.1,28386,2024-02-18,Western Carriers
SHP00808,Kolkata,Bhubaneswar,Medium,Packaged Foods,24.5,437.3,26545,2024-02-18,Om Sai Transport
SHP00809,Bangalore,Hyderabad,Medium,Packaged Foods,11.0,569.5,14842,2024-02-18,TCI Freight
SHP00810,Bangalore,Hyderabad,Medium,Chemicals,15.8,566.3,21853,2024-02-18,Western Carriers
SHP00811,Bangalore,Hyderabad,Medium,FMCG,20.7,570.2,28390,2024-02-18,Om Sai Transport
SHP00812,Mumbai,Delhi,Long,Chemicals,22.8,1416.1,67896,2024-02-18,VRL Logistics
SHP00813,Mumbai,Delhi,Long,Electronics,21.8,1417.6,63913,2024-02-18,Om Sai Transport
SHP00814,Delhi,Kolkata,Long,Steel Coils,13.6,1506.3,40430,2024-02-18,Shivam Freight Co
SHP00815,Delhi,Kolkata,Long,Automobile Parts,21.7,1514.0,65773,2024-02-18,SafeExpress
SHP00816,Delhi,Kolkata,Long,Packaged Foods,17.8,1510.7,54666,2024-02-18,Shivam Freight Co
SHP00817,Mumbai,Pune,Short,FMCG,23.7,152.6,10816,2024-02-19,VRL Logistics
SHP00818,Mumbai,Pune,Short,Automobile Parts,24.4,147.8,10832,2024-02-19,TCI Freight
SHP00819,Mumbai,Pune,Short,Chemicals,12.6,146.0,5537,2024-02-19,Shivam Freight Co
SHP00820,Delhi,Jaipur,Short,Chemicals,22.0,283.6,18745,2024-02-19,TCI Freight
SHP00821,Delhi,Jaipur,Short,Automobile Parts,16.6,278.0,13549,2024-02-19,Om Sai Transport
SHP00822,Chennai,Bangalore,Short,Automobile Parts,23.4,351.5,23301,2024-02-19,Shivam Freight Co
SHP00823,Chennai,Bangalore,Short,Steel Coils,15.7,348.1,15438,2024-02-19,Western Carriers
SHP00824,Ahmedabad,Mumbai,Medium,Electronics,15.3,529.3,20109,2024-02-19,VRL Logistics
SHP00825,Ahmedabad,Mumbai,Medium,FMCG,11.4,528.0,15029,2024-02-19,VRL Logistics
SHP00826,Kolkata,Bhubaneswar,Medium,Textiles,15.3,439.8,16653,2024-02-19,Om Sai Transport
SHP00827,Bangalore,Hyderabad,Medium,Steel Coils,12.9,573.4,18402,2024-02-19,Western Carriers
SHP00828,Bangalore,Hyderabad,Medium,FMCG,14.0,567.9,19381,2024-02-19,Om Sai Transport
SHP00829,Bangalore,Hyderabad,Medium,Packaged Foods,15.3,572.7,21835,2024-02-19,Shivam Freight Co
SHP00830,Mumbai,Delhi,Long,Packaged Foods,10.1,1419.9,30134,2024-02-19,SafeExpress
SHP00831,Mumbai,Delhi,Long,Chemicals,14.7,1419.0,43901,2024-02-19,VRL Logistics
SHP00832,Mumbai,Delhi,Long,Textiles,24.8,1419.9,74163,2024-02-19,SafeExpress
SHP00833,Delhi,Kolkata,Long,Chemicals,17.9,1507.0,52888,2024-02-19,Shivam Freight Co
SHP00834,Delhi,Kolkata,Long,Steel Coils,15.9,1510.0,47569,2024-02-19,SafeExpress
SHP00835,Delhi,Kolkata,Long,Electronics,20.5,1513.8,60933,2024-02-19,Shivam Freight Co
SHP00836,Mumbai,Pune,Short,FMCG,11.5,149.0,4962,2024-02-20,VRL Logistics
SHP00837,Delhi,Jaipur,Short,Textiles,17.1,277.9,13818,2024-02-20,Om Sai Transport
SHP00838,Delhi,Jaipur,Short,Textiles,13.2,280.0,10784,2024-02-20,VRL Logistics
SHP00839,Chennai,Bangalore,Short,Electronics,18.6,349.6,18612,2024-02-20,Om Sai Transport
SHP00840,Chennai,Bangalore,Short,Chemicals,20.8,352.5,20842,2024-02-20,SafeExpress
SHP00841,Ahmedabad,Mumbai,Medium,FMCG,24.4,527.2,31739,2024-02-20,Shivam Freight Co
SHP00842,Kolkata,Bhubaneswar,Medium,Chemicals,23.4,437.1,25205,2024-02-20,Western Carriers
SHP00843,Kolkata,Bhubaneswar,Medium,FMCG,17.3,438.5,18412,2024-02-20,TCI Freight
SHP00844,Bangalore,Hyderabad,Medium,Automobile Parts,10.9,571.5,14727,2024-02-20,Western Carriers
SHP00845,Mumbai,Delhi,Long,FMCG,15.4,1418.7,43809,2024-02-20,VRL Logistics
SHP00846,Mumbai,Delhi,Long,Electronics,16.2,1418.8,45703,2024-02-20,TCI Freight
SHP00847,Mumbai,Delhi,Long,Steel Coils,18.6,1417.6,53058,2024-02-20,VRL Logistics
SHP00848,Delhi,Kolkata,Long,Packaged Foods,21.6,1510.1,64532,2024-02-20,SafeExpress
SHP00849,Delhi,Kolkata,Long,FMCG,17.0,1510.9,51854,2024-02-20,Om Sai Transport
SHP00850,Delhi,Kolkata,Long,Chemicals,23.9,1511.1,71379,2024-02-20,TCI Freight
SHP00851,Mumbai,Pune,Short,Electronics,15.2,146.6,6597,2024-02-21,VRL Logistics
SHP00852,Delhi,Jaipur,Short,FMCG,14.1,281.2,11818,2024-02-21,VRL Logistics
SHP00853,Delhi,Jaipur,Short,Steel Coils,17.8,282.0,14965,2024-02-21,Om Sai Transport
SHP00854,Delhi,Jaipur,Short,Textiles,11.9,282.8,9946,2024-02-21,Western Carriers
SHP00855,Chennai,Bangalore,Short,Automobile Parts,16.0,347.7,15233,2024-02-21,TCI Freight
SHP00856,Ahmedabad,Mumbai,Medium,Chemicals,24.9,530.2,30980,2024-02-21,Om Sai Transport
SHP00857,Ahmedabad,Mumbai,Medium,Steel Coils,24.0,526.7,30008,2024-02-21,Om Sai Transport
SHP00858,Kolkata,Bhubaneswar,Medium,Packaged Foods,12.0,441.0,13600,2024-02-21,Shivam Freight Co
SHP00859,Kolkata,Bhubaneswar,Medium,Automobile Parts,22.9,441.3,25445,2024-02-21,SafeExpress
SHP00860,Bangalore,Hyderabad,Medium,Electronics,18.2,573.5,25388,2024-02-21,TCI Freight
SHP00861,Bangalore,Hyderabad,Medium,Electronics,19.0,567.4,26750,2024-02-21,TCI Freight
SHP00862,Bangalore,Hyderabad,Medium,Textiles,19.6,569.5,27590,2024-02-21,SafeExpress
SHP00863,Mumbai,Delhi,Long,Textiles,15.5,1419.5,44778,2024-02-21,Shivam Freight Co
SHP00864,Delhi,Kolkata,Long,Automobile Parts,17.0,1508.8,48782,2024-02-21,SafeExpress
SHP00865,Mumbai,Pune,Short,Chemicals,19.0,152.4,8684,2024-02-22,VRL Logistics
SHP00866,Mumbai,Pune,Short,Steel Coils,23.2,147.5,10117,2024-02-22,Om Sai Transport
SHP00867,Delhi,Jaipur,Short,Automobile Parts,15.7,279.1,12969,2024-02-22,Western Carriers
SHP00868,Delhi,Jaipur,Short,FMCG,21.5,277.9,18146,2024-02-22,Western Carriers
SHP00869,Delhi,Jaipur,Short,FMCG,14.3,281.5,12145,2024-02-22,VRL Logistics
SHP00870,Chennai,Bangalore,Short,Chemicals,14.3,347.5,13668,2024-02-22,SafeExpress
SHP00871,Ahmedabad,Mumbai,Medium,Chemicals,14.8,529.9,18688,2024-02-22,Shivam Freight Co
SHP00872,Ahmedabad,Mumbai,Medium,Electronics,11.5,527.5,14524,2024-02-22,SafeExpress
SHP00873,Ahmedabad,Mumbai,Medium,Automobile Parts,13.5,531.8,17106,2024-02-22,Om Sai Transport
SHP00874,Kolkata,Bhubaneswar,Medium,Electronics,17.5,442.3,19068,2024-02-22,Shivam Freight Co
SHP00875,Kolkata,Bhubaneswar,Medium,Packaged Foods,22.7,438.6,25100,2024-02-22,VRL Logistics
SHP00876,Bangalore,Hyderabad,Medium,Textiles,12.7,570.3,17950,2024-02-22,SafeExpress
SHP00877,Mumbai,Delhi,Long,Automobile Parts,20.7,1423.8,61325,2024-02-22,Om Sai Transport
SHP00878,Delhi,Kolkata,Long,Electronics,21.0,1507.6,63179,2024-02-22,Om Sai Transport
SHP00879,Mumbai,Pune,Short,Electronics,24.0,153.7,10897,2024-02-23,Shivam Freight Co
SHP00880,Mumbai,Pune,Short,Automobile Parts,18.2,152.0,8160,2024-02-23,Western Carriers
SHP00881,Mumbai,Pune,Short,Electronics,15.4,148.4,6722,2024-02-23,Om Sai Transport
SHP00882,Delhi,Jaipur,Short,Textiles,14.9,281.1,12538,2024-02-23,TCI Freight
SHP00883,Chennai,Bangalore,Short,Automobile Parts,10.6,346.1,9970,2024-02-23,Western Carriers
SHP00884,Ahmedabad,Mumbai,Medium,Electronics,13.7,532.2,17966,2024-02-23,TCI Freight
SHP00885,Ahmedabad,Mumbai,Medium,Packaged Foods,24.5,528.7,32250,2024-02-23,Shivam Freight Co
SHP00886,Kolkata,Bhubaneswar,Medium,Steel Coils,21.9,441.6,23609,2024-02-23,VRL Logistics
SHP00887,Bangalore,Hyderabad,Medium,Steel Coils,22.1,572.1,31145,2024-02-23,Shivam Freight Co
SHP00888,Bangalore,Hyderabad,Medium,Packaged Foods,15.4,571.5,21416,2024-02-23,SafeExpress
SHP00889,Bangalore,Hyderabad,Medium,Automobile Parts,18.4,571.7,26020,2024-02-23,Om Sai Transport
SHP00890,Mumbai,Delhi,Long,FMCG,21.0,1418.8,60773,2024-02-23,TCI Freight
SHP00891,Mumbai,Delhi,Long,Steel Coils,18.3,1423.3,52684,2024-02-23,SafeExpress
SHP00892,Mumbai,Delhi,Long,Packaged Foods,14.0,1418.4,40654,2024-02-23,Western Carriers
SHP00893,Delhi,Kolkata,Long,FMCG,10.3,1507.5,31509,2024-02-23,TCI Freight
SHP00894,Delhi,Kolkata,Long,Chemicals,20.8,1507.9,63148,2024-02-23,SafeExpress
SHP00895,Delhi,Kolkata,Long,Steel Coils,20.2,1507.5,61572,2024-02-23,TCI Freight
SHP00896,Mumbai,Pune,Short,Packaged Foods,11.7,151.1,5239,2024-02-24,Shivam Freight Co
SHP00897,Mumbai,Pune,Short,Steel Coils,11.9,152.7,5461,2024-02-24,Shivam Freight Co
SHP00898,Delhi,Jaipur,Short,Automobile Parts,19.6,276.3,15891,2024-02-24,TCI Freight
SHP00899,Chennai,Bangalore,Short,Packaged Foods,15.5,348.0,15007,2024-02-24,Shivam Freight Co
SHP00900,Chennai,Bangalore,Short,FMCG,13.1,353.4,12822,2024-02-24,Shivam Freight Co
SHP00901,Chennai,Bangalore,Short,Electronics,19.6,349.7,18883,2024-02-24,SafeExpress
SHP00902,Ahmedabad,Mumbai,Medium,Electronics,19.3,526.5,25406,2024-02-24,Shivam Freight Co
SHP00903,Ahmedabad,Mumbai,Medium,Chemicals,11.2,532.7,14730,2024-02-24,Shivam Freight Co
SHP00904,Ahmedabad,Mumbai,Medium,Steel Coils,13.5,526.8,17679,2024-02-24,TCI Freight
SHP00905,Kolkata,Bhubaneswar,Medium,Automobile Parts,12.7,441.0,14274,2024-02-24,Western Carriers
SHP00906,Kolkata,Bhubaneswar,Medium,Automobile Parts,19.6,436.8,21482,2024-02-24,Western Carriers
SHP00907,Kolkata,Bhubaneswar,Medium,Steel Coils,23.2,441.3,25492,2024-02-24,TCI Freight
SHP00908,Bangalore,Hyderabad,Medium,Textiles,18.0,571.3,24632,2024-02-24,VRL Logistics
SHP00909,Bangalore,Hyderabad,Medium,Automobile Parts,25.0,570.4,34491,2024-02-24,Western Carriers
SHP00910,Mumbai,Delhi,Long,Automobile Parts,13.6,1418.6,39458,2024-02-24,TCI Freight
SHP00911,Mumbai,Delhi,Long,Automobile Parts,13.8,1423.4,40841,2024-02-24,SafeExpress
SHP00912,Mumbai,Delhi,Long,Packaged Foods,10.5,1416.0,30091,2024-02-24,TCI Freight
SHP00913,Delhi,Kolkata,Long,Textiles,24.8,1506.1,72233,2024-02-24,Shivam Freight Co
SHP00914,Delhi,Kolkata,Long,Chemicals,24.2,1512.2,72511,2024-02-24,TCI Freight
SHP00915,Mumbai,Pune,Short,Steel Coils,10.6,147.2,4670,2024-02-25,VRL Logistics
SHP00916,Mumbai,Pune,Short,FMCG,18.7,148.9,8292,2024-02-25,VRL Logistics
SHP00917,Mumbai,Pune,Short,Electronics,16.0,146.7,7183,2024-02-25,Shivam Freight Co
SHP00918,Delhi,Jaipur,Short,Chemicals,22.4,277.4,18717,2024-02-25,Shivam Freight Co
SHP00919,Delhi,Jaipur,Short,Chemicals,14.5,280.8,12285,2024-02-25,SafeExpress
SHP00920,Chennai,Bangalore,Short,Automobile Parts,15.0,353.4,14425,2024-02-25,SafeExpress
SHP00921,Ahmedabad,Mumbai,Medium,Chemicals,13.4,533.0,18060,2024-02-25,Shivam Freight Co
SHP00922,Kolkata,Bhubaneswar,Medium,Chemicals,14.6,439.1,15859,2024-02-25,TCI Freight
SHP00923,Kolkata,Bhubaneswar,Medium,Packaged Foods,17.5,437.2,19066,2024-02-25,Western Carriers
SHP00924,Kolkata,Bhubaneswar,Medium,Chemicals,15.9,441.9,17668,2024-02-25,TCI Freight
SHP00925,Bangalore,Hyderabad,Medium,Textiles,21.8,569.5,29385,2024-02-25,Shivam Freight Co
SHP00926,Mumbai,Delhi,Long,Chemicals,16.0,1416.4,45621,2024-02-25,SafeExpress
SHP00927,Mumbai,Delhi,Long,Chemicals,12.0,1422.2,34425,2024-02-25,Om Sai Transport
SHP00928,Mumbai,Delhi,Long,Chemicals,19.8,1419.9,56851,2024-02-25,Western Carriers
SHP00929,Delhi,Kolkata,Long,Chemicals,21.7,1506.6,65019,2024-02-25,Shivam Freight Co
SHP00930,Mumbai,Pune,Short,Chemicals,15.2,149.4,6607,2024-02-26,Western Carriers
SHP00931,Mumbai,Pune,Short,Chemicals,14.6,146.2,6377,2024-02-26,SafeExpress
SHP00932,Delhi,Jaipur,Short,Textiles,22.3,276.4,18097,2024-02-26,Om Sai Transport
SHP00933,Delhi,Jaipur,Short,Packaged Foods,22.8,282.1,18818,2024-02-26,Om Sai Transport
SHP00934,Chennai,Bangalore,Short,Electronics,22.3,353.0,21798,2024-02-26,Shivam Freight Co
SHP00935,Ahmedabad,Mumbai,Medium,Steel Coils,13.1,526.2,16716,2024-02-26,TCI Freight
SHP00936,Ahmedabad,Mumbai,Medium,Electronics,13.9,530.2,17833,2024-02-26,Om Sai Transport
SHP00937,Kolkata,Bhubaneswar,Medium,Packaged Foods,18.7,436.1,20761,2024-02-26,VRL Logistics
SHP00938,Kolkata,Bhubaneswar,Medium,Chemicals,14.3,437.4,16003,2024-02-26,VRL Logistics
SHP00939,Kolkata,Bhubaneswar,Medium,Automobile Parts,19.8,436.4,21425,2024-02-26,Western Carriers
SHP00940,Bangalore,Hyderabad,Medium,Electronics,11.6,568.9,15491,2024-02-26,SafeExpress
SHP00941,Bangalore,Hyderabad,Medium,Packaged Foods,15.7,567.8,21503,2024-02-26,VRL Logistics
SHP00942,Bangalore,Hyderabad,Medium,Steel Coils,19.0,569.9,25208,2024-02-26,TCI Freight
SHP00943,Mumbai,Delhi,Long,Chemicals,10.3,1423.4,30585,2024-02-26,VRL Logistics
SHP00944,Mumbai,Delhi,Long,Textiles,15.9,1418.7,46885,2024-02-26,Western Carriers
SHP00945,Mumbai,Delhi,Long,Chemicals,19.4,1418.8,57394,2024-02-26,VRL Logistics
SHP00946,Delhi,Kolkata,Long,Packaged Foods,15.8,1508.1,49519,2024-02-26,TCI Freight
SHP00947,Delhi,Kolkata,Long,Automobile Parts,13.4,1513.6,41062,2024-02-26,Western Carriers
SHP00948,Delhi,Kolkata,Long,Electronics,20.9,1507.1,64229,2024-02-26,TCI Freight
SHP00949,Mumbai,Pune,Short,Textiles,13.6,147.8,6079,2024-02-27,TCI Freight
SHP00950,Mumbai,Pune,Short,Steel Coils,18.1,148.6,8153,2024-02-27,TCI Freight
SHP00951,Mumbai,Pune,Short,Textiles,22.0,150.3,10289,2024-02-27,Western Carriers
SHP00952,Delhi,Jaipur,Short,FMCG,16.5,283.3,14188,2024-02-27,Om Sai Transport
SHP00953,Delhi,Jaipur,Short,Packaged Foods,18.5,281.2,15323,2024-02-27,TCI Freight
SHP00954,Delhi,Jaipur,Short,FMCG,20.8,280.3,17191,2024-02-27,Om Sai Transport
SHP00955,Chennai,Bangalore,Short,Automobile Parts,16.2,353.0,15884,2024-02-27,Western Carriers
SHP00956,Chennai,Bangalore,Short,Textiles,23.4,353.5,23457,2024-02-27,Om Sai Transport
SHP00957,Ahmedabad,Mumbai,Medium,Chemicals,10.4,527.1,13921,2024-02-27,VRL Logistics
SHP00958,Kolkata,Bhubaneswar,Medium,Textiles,13.5,437.8,14981,2024-02-27,Shivam Freight Co
SHP00959,Kolkata,Bhubaneswar,Medium,Chemicals,17.1,441.5,18995,2024-02-27,SafeExpress
SHP00960,Kolkata,Bhubaneswar,Medium,Automobile Parts,15.6,441.7,17580,2024-02-27,SafeExpress
SHP00961,Bangalore,Hyderabad,Medium,Textiles,16.1,567.8,21865,2024-02-27,SafeExpress
SHP00962,Mumbai,Delhi,Long,Automobile Parts,21.4,1423.9,60361,2024-02-27,TCI Freight
SHP00963,Mumbai,Delhi,Long,Steel Coils,14.9,1419.9,42576,2024-02-27,SafeExpress
SHP00964,Mumbai,Delhi,Long,Automobile Parts,10.6,1419.2,30611,2024-02-27,Western Carriers
SHP00965,Delhi,Kolkata,Long,Electronics,18.6,1513.5,55751,2024-02-27,Western Carriers
SHP00966,Delhi,Kolkata,Long,FMCG,17.8,1512.3,53130,2024-02-27,Shivam Freight Co
SHP00967,Delhi,Kolkata,Long,Electronics,13.7,1513.0,41053,2024-02-27,Shivam Freight Co
SHP00968,Mumbai,Pune,Short,Automobile Parts,24.4,152.1,11034,2024-02-28,SafeExpress
SHP00969,Mumbai,Pune,Short,Steel Coils,21.6,153.1,9870,2024-02-28,SafeExpress
SHP00970,Mumbai,Pune,Short,Steel Coils,23.8,148.4,10713,2024-02-28,SafeExpress
SHP00971,Delhi,Jaipur,Short,Chemicals,17.5,276.7,14381,2024-02-28,Western Carriers
SHP00972,Delhi,Jaipur,Short,Packaged Foods,15.9,280.4,13318,2024-02-28,Om Sai Transport
SHP00973,Chennai,Bangalore,Short,Textiles,23.2,353.2,22103,2024-02-28,Western Carriers
SHP00974,Chennai,Bangalore,Short,Electronics,20.7,351.2,19669,2024-02-28,Shivam Freight Co
SHP00975,Chennai,Bangalore,Short,Packaged Foods,20.6,346.7,19691,2024-02-28,TCI Freight
SHP00976,Ahmedabad,Mumbai,Medium,Automobile Parts,17.7,532.3,23791,2024-02-28,TCI Freight
SHP00977,Ahmedabad,Mumbai,Medium,Chemicals,21.5,529.0,28677,2024-02-28,Western Carriers
SHP00978,Ahmedabad,Mumbai,Medium,FMCG,12.4,532.9,16158,2024-02-28,Western Carriers
SHP00979,Kolkata,Bhubaneswar,Medium,Electronics,21.5,438.5,22886,2024-02-28,Om Sai Transport
SHP00980,Kolkata,Bhubaneswar,Medium,Chemicals,12.0,436.9,12603,2024-02-28,VRL Logistics
SHP00981,Bangalore,Hyderabad,Medium,Automobile Parts,18.2,572.8,23807,2024-02-28,Om Sai Transport
SHP00982,Bangalore,Hyderabad,Medium,Automobile Parts,19.9,567.7,26271,2024-02-28,Shivam Freight Co
SHP00983,Mumbai,Delhi,Long,Chemicals,18.2,1418.0,53482,2024-02-28,Om Sai Transport
SHP00984,Delhi,Kolkata,Long,Packaged Foods,15.2,1506.4,43923,2024-02-28,Western Carriers
SHP00985,Mumbai,Pune,Short,Automobile Parts,23.8,148.4,10453,2024-02-29,Om Sai Transport
SHP00986,Mumbai,Pune,Short,Electronics,14.3,147.3,6390,2024-02-29,TCI Freight
SHP00987,Mumbai,Pune,Short,Electronics,18.4,150.6,8508,2024-02-29,TCI Freight
SHP00988,Delhi,Jaipur,Short,Automobile Parts,14.5,276.7,11675,2024-02-29,Shivam Freight Co
SHP00989,Chennai,Bangalore,Short,FMCG,17.1,346.5,16297,2024-02-29,VRL Logistics
SHP00990,Chennai,Bangalore,Short,Steel Coils,16.2,348.6,15588,2024-02-29,TCI Freight
SHP00991,Chennai,Bangalore,Short,Chemicals,18.6,346.5,18343,2024-02-29,Shivam Freight Co
SHP00992,Ahmedabad,Mumbai,Medium,Automobile Parts,21.8,530.8,28557,2024-02-29,TCI Freight
SHP00993,Ahmedabad,Mumbai,Medium,Chemicals,13.9,532.8,18181,2024-02-29,VRL Logistics
SHP00994,Ahmedabad,Mumbai,Medium,Electronics,19.2,533.4,25063,2024-02-29,Western Carriers
SHP00995,Kolkata,Bhubaneswar,Medium,Steel Coils,13.5,443.1,14827,2024-02-29,Shivam Freight Co
SHP00996,Bangalore,Hyderabad,Medium,FMCG,11.8,571.0,16020,2024-02-29,TCI Freight
SHP00997,Bangalore,Hyderabad,Medium,Chemicals,16.2,574.0,21661,2024-02-29,Western Carriers
SHP00998,Mumbai,Delhi,Long,Textiles,14.2,1417.6,41025,2024-02-29,VRL Logistics
SHP00999,Mumbai,Delhi,Long,Electronics,14.9,1420.1,41786,2024-02-29,VRL Logistics
SHP01000,Mumbai,Delhi,Long,Packaged Foods,20.9,1418.7,60012,2024-02-29,Om Sai Transport
SHP01001,Delhi,Kolkata,Long,Packaged Foods,17.2,1513.4,51053,2024-02-29,Western Carriers
SHP01002,Delhi,Kolkata,Long,FMCG,12.3,1507.1,36337,2024-02-29,TCI Freight
SHP01003,Mumbai,Pune,Short,FMCG,16.2,152.3,7651,2024-03-01,TCI Freight
SHP01004,Mumbai,Pune,Short,Chemicals,20.9,148.4,9455,2024-03-01,Shivam Freight Co
SHP01005,Delhi,Jaipur,Short,Packaged Foods,23.7,278.7,19371,2024-03-01,Om Sai Transport
SHP01006,Delhi,Jaipur,Short,Electronics,10.5,278.2,8630,2024-03-01,TCI Freight
SHP01007,Delhi,Jaipur,Short,Chemicals,18.6,282.7,15173,2024-03-01,Shivam Freight Co
SHP01008,Chennai,Bangalore,Short,Automobile Parts,14.7,351.6,14252,2024-03-01,Shivam Freight Co
SHP01009,Chennai,Bangalore,Short,Textiles,13.6,350.0,13351,2024-03-01,Om Sai Transport
SHP01010,Ahmedabad,Mumbai,Medium,Packaged Foods,21.8,526.9,28497,2024-03-01,SafeExpress
SHP01011,Kolkata,Bhubaneswar,Medium,Automobile Parts,12.3,443.2,13546,2024-03-01,Western Carriers
SHP01012,Kolkata,Bhubaneswar,Medium,FMCG,14.7,443.0,16174,2024-03-01,Shivam Freight Co
SHP01013,Bangalore,Hyderabad,Medium,Automobile Parts,12.0,571.4,16925,2024-03-01,SafeExpress
SHP01014,Bangalore,Hyderabad,Medium,Packaged Foods,17.8,571.7,24401,2024-03-01,Western Carriers
SHP01015,Bangalore,Hyderabad,Medium,Packaged Foods,23.1,572.8,32154,2024-03-01,Shivam Freight Co
SHP01016,Mumbai,Delhi,Long,Electronics,10.3,1422.0,30373,2024-03-01,Om Sai Transport
SHP01017,Mumbai,Delhi,Long,Textiles,12.9,1418.6,37226,2024-03-01,SafeExpress
SHP01018,Mumbai,Delhi,Long,Packaged Foods,14.1,1421.4,40573,2024-03-01,Shivam Freight Co
SHP01019,Delhi,Kolkata,Long,Textiles,13.1,1510.1,40409,2024-03-01,VRL Logistics
SHP01020,Delhi,Kolkata,Long,Steel Coils,20.6,1507.1,63247,2024-03-01,Om Sai Transport
SHP01021,Delhi,Kolkata,Long,Automobile Parts,19.2,1506.6,59061,2024-03-01,Shivam Freight Co
SHP01022,Mumbai,Pune,Short,Packaged Foods,10.8,153.2,4831,2024-03-02,SafeExpress
SHP01023,Mumbai,Pune,Short,Electronics,20.6,149.1,9151,2024-03-02,Western Carriers
SHP01024,Delhi,Jaipur,Short,FMCG,15.0,278.8,12334,2024-03-02,Western Carriers
SHP01025,Delhi,Jaipur,Short,FMCG,11.2,282.5,9605,2024-03-02,SafeExpress
SHP01026,Delhi,Jaipur,Short,Electronics,11.4,280.5,9662,2024-03-02,SafeExpress
SHP01027,Chennai,Bangalore,Short,Steel Coils,20.7,351.5,19499,2024-03-02,Om Sai Transport
SHP01028,Chennai,Bangalore,Short,Textiles,23.4,347.1,21585,2024-03-02,SafeExpress
SHP01029,Ahmedabad,Mumbai,Medium,Automobile Parts,22.9,528.6,28890,2024-03-02,Shivam Freight Co
SHP01030,Ahmedabad,Mumbai,Medium,FMCG,11.7,526.5,14793,2024-03-02,Om Sai Transport
SHP01031,Ahmedabad,Mumbai,Medium,Chemicals,15.2,528.3,19358,2024-03-02,Shivam Freight Co
SHP01032,Kolkata,Bhubaneswar,Medium,FMCG,14.9,442.4,16484,2024-03-02,VRL Logistics
SHP01033,Kolkata,Bhubaneswar,Medium,Chemicals,16.0,440.3,17452,2024-03-02,Om Sai Transport
SHP01034,Kolkata,Bhubaneswar,Medium,Textiles,24.6,440.4,26806,2024-03-02,Om Sai Transport
SHP01035,Bangalore,Hyderabad,Medium,Textiles,24.7,569.4,34482,2024-03-02,TCI Freight
SHP01036,Bangalore,Hyderabad,Medium,Electronics,12.6,571.6,17730,2024-03-02,Western Carriers
SHP01037,Bangalore,Hyderabad,Medium,Automobile Parts,17.3,570.6,24227,2024-03-02,VRL Logistics
SHP01038,Mumbai,Delhi,Long,Packaged Foods,24.3,1417.4,69622,2024-03-02,Western Carriers
SHP01039,Mumbai,Delhi,Long,Automobile Parts,21.6,1422.5,62890,2024-03-02,Western Carriers
SHP01040,Delhi,Kolkata,Long,FMCG,12.1,1507.7,36956,2024-03-02,Western Carriers
SHP01041,Mumbai,Pune,Short,Chemicals,16.8,151.3,7703,2024-03-03,TCI Freight
SHP01042,Delhi,Jaipur,Short,Electronics,14.7,281.5,12203,2024-03-03,VRL Logistics
SHP01043,Chennai,Bangalore,Short,Chemicals,23.7,351.7,23958,2024-03-03,Shivam Freight Co
SHP01044,Chennai,Bangalore,Short,FMCG,17.7,350.9,17752,2024-03-03,VRL Logistics
SHP01045,Ahmedabad,Mumbai,Medium,Textiles,10.0,533.7,12763,2024-03-03,Shivam Freight Co
SHP01046,Ahmedabad,Mumbai,Medium,Electronics,23.0,532.9,28931,2024-03-03,TCI Freight
SHP01047,Ahmedabad,Mumbai,Medium,Automobile Parts,14.8,529.2,18597,2024-03-03,SafeExpress
SHP01048,Kolkata,Bhubaneswar,Medium,FMCG,12.1,437.4,13297,2024-03-03,VRL Logistics
SHP01049,Kolkata,Bhubaneswar,Medium,Electronics,12.3,442.7,13921,2024-03-03,Om Sai Transport
SHP01050,Kolkata,Bhubaneswar,Medium,Electronics,11.1,437.1,11927,2024-03-03,SafeExpress
SHP01051,Bangalore,Hyderabad,Medium,Automobile Parts,19.6,566.7,26820,2024-03-03,Western Carriers
SHP01052,Mumbai,Delhi,Long,FMCG,16.8,1421.0,49096,2024-03-03,SafeExpress
SHP01053,Mumbai,Delhi,Long,Packaged Foods,13.4,1419.1,39109,2024-03-03,TCI Freight
SHP01054,Delhi,Kolkata,Long,Chemicals,17.5,1507.9,52582,2024-03-03,TCI Freight
SHP01055,Delhi,Kolkata,Long,Electronics,24.7,1508.9,74735,2024-03-03,VRL Logistics
SHP01056,Delhi,Kolkata,Long,Steel Coils,17.2,1506.9,52227,2024-03-03,Western Carriers
SHP01057,Mumbai,Pune,Short,Packaged Foods,11.2,149.7,5179,2024-03-04,Om Sai Transport
SHP01058,Mumbai,Pune,Short,Packaged Foods,21.1,149.8,9791,2024-03-04,Western Carriers
SHP01059,Delhi,Jaipur,Short,FMCG,10.8,278.5,8888,2024-03-04,Shivam Freight Co
SHP01060,Delhi,Jaipur,Short,Electronics,17.7,279.8,14709,2024-03-04,VRL Logistics
SHP01061,Delhi,Jaipur,Short,Textiles,24.4,279.4,20514,2024-03-04,Om Sai Transport
SHP01062,Chennai,Bangalore,Short,Packaged Foods,20.9,352.0,19717,2024-03-04,Western Carriers
SHP01063,Chennai,Bangalore,Short,Textiles,12.5,349.8,11479,2024-03-04,Western Carriers
SHP01064,Chennai,Bangalore,Short,Chemicals,14.3,351.0,13194,2024-03-04,Shivam Freight Co
SHP01065,Ahmedabad,Mumbai,Medium,Textiles,19.2,528.0,25133,2024-03-04,Shivam Freight Co
SHP01066,Ahmedabad,Mumbai,Medium,Electronics,19.1,531.9,25832,2024-03-04,Om Sai Transport
SHP01067,Kolkata,Bhubaneswar,Medium,Automobile Parts,13.9,442.5,15648,2024-03-04,Om Sai Transport
SHP01068,Kolkata,Bhubaneswar,Medium,Packaged Foods,22.9,442.4,25409,2024-03-04,Om Sai Transport
SHP01069,Bangalore,Hyderabad,Medium,Automobile Parts,21.3,572.7,29342,2024-03-04,Om Sai Transport
SHP01070,Mumbai,Delhi,Long,Textiles,13.2,1421.1,39190,2024-03-04,Shivam Freight Co
SHP01071,Mumbai,Delhi,Long,Steel Coils,21.3,1421.1,61688,2024-03-04,SafeExpress
SHP01072,Mumbai,Delhi,Long,FMCG,14.5,1419.2,43012,2024-03-04,TCI Freight
SHP01073,Delhi,Kolkata,Long,FMCG,17.1,1511.6,50149,2024-03-04,SafeExpress
SHP01074,Delhi,Kolkata,Long,Electronics,23.9,1506.1,70696,2024-03-04,VRL Logistics
SHP01075,Delhi,Kolkata,Long,Chemicals,20.2,1513.7,59071,2024-03-04,Western Carriers
SHP01076,Mumbai,Pune,Short,Textiles,19.8,150.9,8804,2024-03-05,VRL Logistics
SHP01077,Mumbai,Pune,Short,Automobile Parts,13.8,152.4,6275,2024-03-05,Western Carriers
SHP01078,Delhi,Jaipur,Short,Electronics,21.6,281.4,18213,2024-03-05,Western Carriers
SHP01079,Delhi,Jaipur,Short,Packaged Foods,14.7,283.9,12251,2024-03-05,Shivam Freight Co
SHP01080,Delhi,Jaipur,Short,Automobile Parts,11.5,276.1,9356,2024-03-05,VRL Logistics
SHP01081,Chennai,Bangalore,Short,Packaged Foods,10.5,348.0,9927,2024-03-05,TCI Freight
SHP01082,Chennai,Bangalore,Short,Electronics,22.5,351.3,21756,2024-03-05,Shivam Freight Co
SHP01083,Ahmedabad,Mumbai,Medium,FMCG,19.1,526.7,24831,2024-03-05,Western Carriers
SHP01084,Kolkata,Bhubaneswar,Medium,Automobile Parts,20.4,443.2,22469,2024-03-05,Western Carriers
SHP01085,Bangalore,Hyderabad,Medium,Electronics,24.9,569.6,35306,2024-03-05,Western Carriers
SHP01086,Bangalore,Hyderabad,Medium,Packaged Foods,14.9,572.2,20713,2024-03-05,VRL Logistics
SHP01087,Bangalore,Hyderabad,Medium,Packaged Foods,15.7,572.2,21977,2024-03-05,VRL Logistics
SHP01088,Mumbai,Delhi,Long,Steel Coils,11.0,1417.4,33466,2024-03-05,TCI Freight
SHP01089,Mumbai,Delhi,Long,Chemicals,19.7,1419.1,57955,2024-03-05,SafeExpress
SHP01090,Delhi,Kolkata,Long,Packaged Foods,16.6,1506.8,48706,2024-03-05,Shivam Freight Co
SHP01091,Delhi,Kolkata,Long,Packaged Foods,20.9,1506.6,62598,2024-03-05,SafeExpress
SHP01092,Delhi,Kolkata,Long,Electronics,19.6,1507.2,59090,2024-03-05,SafeExpress
SHP01093,Mumbai,Pune,Short,Electronics,15.9,148.6,6850,2024-03-06,SafeExpress
SHP01094,Mumbai,Pune,Short,FMCG,16.1,149.8,7199,2024-03-06,Shivam Freight Co
SHP01095,Mumbai,Pune,Short,FMCG,10.0,150.3,4527,2024-03-06,SafeExpress
SHP01096,Delhi,Jaipur,Short,Automobile Parts,15.4,283.5,12678,2024-03-06,Shivam Freight Co
SHP01097,Delhi,Jaipur,Short,Chemicals,24.4,281.1,19450,2024-03-06,VRL Logistics
SHP01098,Delhi,Jaipur,Short,Electronics,16.9,276.6,13620,2024-03-06,Om Sai Transport
SHP01099,Chennai,Bangalore,Short,Automobile Parts,19.9,353.7,18828,2024-03-06,Shivam Freight Co
SHP01100,Ahmedabad,Mumbai,Medium,Steel Coils,23.3,529.9,30411,2024-03-06,Om Sai Transport
SHP01101,Ahmedabad,Mumbai,Medium,Steel Coils,10.4,526.3,13784,2024-03-06,SafeExpress
SHP01102,Kolkata,Bhubaneswar,Medium,FMCG,17.5,441.1,19526,2024-03-06,SafeExpress
SHP01103,Kolkata,Bhubaneswar,Medium,Textiles,10.2,443.7,11167,2024-03-06,Western Carriers
SHP01104,Kolkata,Bhubaneswar,Medium,Electronics,11.8,436.3,12942,2024-03-06,TCI Freight
SHP01105,Bangalore,Hyderabad,Medium,Steel Coils,18.0,573.0,24930,2024-03-06,Shivam Freight Co
SHP01106,Bangalore,Hyderabad,Medium,Automobile Parts,12.1,566.3,16505,2024-03-06,TCI Freight
SHP01107,Bangalore,Hyderabad,Medium,Steel Coils,20.5,566.4,27386,2024-03-06,Western Carriers
SHP01108,Mumbai,Delhi,Long,FMCG,11.5,1422.6,32777,2024-03-06,TCI Freight
SHP01109,Mumbai,Delhi,Long,Chemicals,22.3,1416.5,62034,2024-03-06,TCI Freight
SHP01110,Delhi,Kolkata,Long,Electronics,22.2,1509.4,67165,2024-03-06,SafeExpress
SHP01111,Mumbai,Pune,Short,FMCG,12.1,150.6,5482,2024-03-07,Om Sai Transport
SHP01112,Mumbai,Pune,Short,Packaged Foods,18.9,152.1,8477,2024-03-07,VRL Logistics
SHP01113,Mumbai,Pune,Short,Chemicals,16.2,147.1,7129,2024-03-07,Om Sai Transport
SHP01114,Delhi,Jaipur,Short,Chemicals,11.5,276.3,9469,2024-03-07,SafeExpress
SHP01115,Delhi,Jaipur,Short,Packaged Foods,10.2,282.2,8456,2024-03-07,Shivam Freight Co
SHP01116,Delhi,Jaipur,Short,Textiles,11.3,277.4,9269,2024-03-07,SafeExpress
SHP01117,Chennai,Bangalore,Short,Chemicals,13.1,351.5,12881,2024-03-07,SafeExpress
SHP01118,Chennai,Bangalore,Short,Packaged Foods,24.1,349.3,23522,2024-03-07,TCI Freight
SHP01119,Ahmedabad,Mumbai,Medium,Textiles,11.3,530.9,14604,2024-03-07,VRL Logistics
SHP01120,Ahmedabad,Mumbai,Medium,Chemicals,18.4,529.4,23119,2024-03-07,Shivam Freight Co
SHP01121,Kolkata,Bhubaneswar,Medium,Steel Coils,17.0,440.1,18933,2024-03-07,VRL Logistics
SHP01122,Kolkata,Bhubaneswar,Medium,FMCG,11.7,436.4,12675,2024-03-07,SafeExpress
SHP01123,Kolkata,Bhubaneswar,Medium,Packaged Foods,12.4,440.0,13970,2024-03-07,Western Carriers
SHP01124,Bangalore,Hyderabad,Medium,FMCG,15.0,569.5,20583,2024-03-07,SafeExpress
SHP01125,Mumbai,Delhi,Long,Packaged Foods,18.1,1416.4,50416,2024-03-07,SafeExpress
SHP01126,Mumbai,Delhi,Long,Automobile Parts,11.1,1420.1,31096,2024-03-07,TCI Freight
SHP01127,Mumbai,Delhi,Long,Textiles,16.3,1420.6,46625,2024-03-07,Om Sai Transport
SHP01128,Delhi,Kolkata,Long,Steel Coils,13.6,1507.8,41553,2024-03-07,SafeExpress
SHP01129,Delhi,Kolkata,Long,Packaged Foods,11.1,1513.1,34269,2024-03-07,SafeExpress
SHP01130,Mumbai,Pune,Short,Electronics,15.8,149.6,6839,2024-03-08,Om Sai Transport
SHP01131,Mumbai,Pune,Short,Steel Coils,24.6,151.1,10784,2024-03-08,Shivam Freight Co
SHP01132,Mumbai,Pune,Short,FMCG,10.9,151.5,4778,2024-03-08,SafeExpress
SHP01133,Delhi,Jaipur,Short,Steel Coils,13.3,282.1,10950,2024-03-08,Western Carriers
SHP01134,Chennai,Bangalore,Short,Automobile Parts,18.3,350.6,17927,2024-03-08,TCI Freight
SHP01135,Ahmedabad,Mumbai,Medium,Electronics,22.6,530.7,29106,2024-03-08,SafeExpress
SHP01136,Kolkata,Bhubaneswar,Medium,Chemicals,16.5,438.0,18120,2024-03-08,Om Sai Transport
SHP01137,Bangalore,Hyderabad,Medium,Electronics,10.7,569.3,15277,2024-03-08,TCI Freight
SHP01138,Mumbai,Delhi,Long,Packaged Foods,22.1,1419.2,62989,2024-03-08,SafeExpress
SHP01139,Mumbai,Delhi,Long,Electronics,11.2,1420.0,32012,2024-03-08,Western Carriers
SHP01140,Mumbai,Delhi,Long,Steel Coils,13.3,1419.3,37401,2024-03-08,Western Carriers
SHP01141,Delhi,Kolkata,Long,FMCG,14.6,1509.8,45775,2024-03-08,TCI Freight
SHP01142,Mumbai,Pune,Short,Electronics,17.0,153.8,7845,2024-03-09,SafeExpress
SHP01143,Delhi,Jaipur,Short,Electronics,20.6,281.0,16419,2024-03-09,Shivam Freight Co
SHP01144,Delhi,Jaipur,Short,Textiles,20.4,279.1,16499,2024-03-09,SafeExpress
SHP01145,Chennai,Bangalore,Short,FMCG,18.1,353.6,18078,2024-03-09,Western Carriers
SHP01146,Chennai,Bangalore,Short,Packaged Foods,23.2,346.6,22660,2024-03-09,TCI Freight
SHP01147,Chennai,Bangalore,Short,Packaged Foods,20.1,353.6,20150,2024-03-09,SafeExpress
SHP01148,Ahmedabad,Mumbai,Medium,Electronics,15.5,526.3,19943,2024-03-09,Shivam Freight Co
SHP01149,Ahmedabad,Mumbai,Medium,Textiles,21.6,530.5,27445,2024-03-09,Om Sai Transport
SHP01150,Ahmedabad,Mumbai,Medium,FMCG,19.7,530.3,25630,2024-03-09,TCI Freight
SHP01151,Kolkata,Bhubaneswar,Medium,Textiles,21.2,437.7,23454,2024-03-09,VRL Logistics
SHP01152,Kolkata,Bhubaneswar,Medium,Textiles,16.3,440.0,18003,2024-03-09,VRL Logistics
SHP01153,Kolkata,Bhubaneswar,Medium,Automobile Parts,17.5,439.6,19920,2024-03-09,Western Carriers
SHP01154,Bangalore,Hyderabad,Medium,Electronics,16.8,573.2,23034,2024-03-09,Western Carriers
SHP01155,Bangalore,Hyderabad,Medium,Automobile Parts,24.1,572.5,32600,2024-03-09,Shivam Freight Co
SHP01156,Bangalore,Hyderabad,Medium,Packaged Foods,23.5,566.6,31746,2024-03-09,Shivam Freight Co
SHP01157,Mumbai,Delhi,Long,Chemicals,17.4,1421.6,50434,2024-03-09,Western Carriers
SHP01158,Delhi,Kolkata,Long,Textiles,18.1,1513.8,52447,2024-03-09,SafeExpress
SHP01159,Delhi,Kolkata,Long,Packaged Foods,19.7,1509.6,57293,2024-03-09,Shivam Freight Co
SHP01160,Mumbai,Pune,Short,Chemicals,17.8,152.7,8281,2024-03-10,VRL Logistics
SHP01161,Delhi,Jaipur,Short,Chemicals,20.0,279.9,16689,2024-03-10,SafeExpress
SHP01162,Delhi,Jaipur,Short,Textiles,18.5,279.7,15653,2024-03-10,Om Sai Transport
SHP01163,Chennai,Bangalore,Short,Packaged Foods,24.6,349.9,24341,2024-03-10,Om Sai Transport
SHP01164,Ahmedabad,Mumbai,Medium,Chemicals,19.3,533.6,24670,2024-03-10,VRL Logistics
SHP01165,Ahmedabad,Mumbai,Medium,Electronics,12.6,527.5,16275,2024-03-10,Om Sai Transport
SHP01166,Kolkata,Bhubaneswar,Medium,Textiles,14.7,436.3,15473,2024-03-10,VRL Logistics
SHP01167,Bangalore,Hyderabad,Medium,Steel Coils,20.0,571.7,27437,2024-03-10,VRL Logistics
SHP01168,Bangalore,Hyderabad,Medium,Packaged Foods,24.6,569.6,33037,2024-03-10,Shivam Freight Co
SHP01169,Bangalore,Hyderabad,Medium,Automobile Parts,17.5,569.2,23121,2024-03-10,VRL Logistics
SHP01170,Mumbai,Delhi,Long,Textiles,17.6,1420.4,50486,2024-03-10,SafeExpress
SHP01171,Mumbai,Delhi,Long,Chemicals,24.5,1423.2,70717,2024-03-10,Western Carriers
SHP01172,Mumbai,Delhi,Long,Automobile Parts,18.5,1417.2,53495,2024-03-10,VRL Logistics
SHP01173,Delhi,Kolkata,Long,Packaged Foods,10.6,1509.8,32602,2024-03-10,VRL Logistics
SHP01174,Delhi,Kolkata,Long,Textiles,19.3,1506.2,58141,2024-03-10,Shivam Freight Co
SHP01175,Delhi,Kolkata,Long,Chemicals,19.1,1508.6,57572,2024-03-10,Om Sai Transport
SHP01176,Mumbai,Pune,Short,Electronics,11.3,147.6,5159,2024-03-11,Western Carriers
SHP01177,Mumbai,Pune,Short,Automobile Parts,24.6,153.7,11486,2024-03-11,VRL Logistics
SHP01178,Delhi,Jaipur,Short,Steel Coils,23.6,283.5,19749,2024-03-11,Western Carriers
SHP01179,Delhi,Jaipur,Short,Textiles,15.5,282.8,12945,2024-03-11,VRL Logistics
SHP01180,Delhi,Jaipur,Short,Packaged Foods,24.7,278.8,20747,2024-03-11,Om Sai Transport
SHP01181,Chennai,Bangalore,Short,Steel Coils,16.2,351.9,15855,2024-03-11,Western Carriers
SHP01182,Chennai,Bangalore,Short,Steel Coils,16.4,353.8,16431,2024-03-11,TCI Freight
SHP01183,Ahmedabad,Mumbai,Medium,Textiles,17.1,527.7,22565,2024-03-11,Shivam Freight Co
SHP01184,Kolkata,Bhubaneswar,Medium,Textiles,11.3,442.0,12765,2024-03-11,SafeExpress
SHP01185,Kolkata,Bhubaneswar,Medium,Steel Coils,16.9,437.4,19012,2024-03-11,Om Sai Transport
SHP01186,Kolkata,Bhubaneswar,Medium,Packaged Foods,15.7,437.5,17656,2024-03-11,VRL Logistics
SHP01187,Bangalore,Hyderabad,Medium,FMCG,21.1,570.0,29120,2024-03-11,Shivam Freight Co
SHP01188,Bangalore,Hyderabad,Medium,Electronics,14.5,567.2,20248,2024-03-11,SafeExpress
SHP01189,Mumbai,Delhi,Long,Electronics,16.3,1423.1,46466,2024-03-11,Western Carriers
SHP01190,Mumbai,Delhi,Long,Packaged Foods,11.8,1418.0,33229,2024-03-11,TCI Freight
SHP01191,Mumbai,Delhi,Long,FMCG,18.7,1422.0,53423,2024-03-11,VRL Logistics
SHP01192,Delhi,Kolkata,Long,Electronics,22.3,1513.8,67689,2024-03-11,TCI Freight
SHP01193,Delhi,Kolkata,Long,Steel Coils,13.9,1506.1,42329,2024-03-11,VRL Logistics
SHP01194,Mumbai,Pune,Short,Automobile Parts,12.4,147.1,5410,2024-03-12,Western Carriers
SHP01195,Mumbai,Pune,Short,Chemicals,15.3,153.3,6961,2024-03-12,Western Carriers
SHP01196,Mumbai,Pune,Short,Steel Coils,17.7,153.5,8218,2024-03-12,Shivam Freight Co
SHP01197,Delhi,Jaipur,Short,Electronics,23.1,280.3,19465,2024-03-12,VRL Logistics
SHP01198,Chennai,Bangalore,Short,FMCG,11.4,351.5,10903,2024-03-12,Om Sai Transport
SHP01199,Chennai,Bangalore,Short,Automobile Parts,17.8,346.1,16624,2024-03-12,SafeExpress
SHP01200,Chennai,Bangalore,Short,Steel Coils,23.7,348.7,22058,2024-03-12,TCI Freight
SHP01201,Ahmedabad,Mumbai,Medium,Chemicals,18.4,532.4,23778,2024-03-12,TCI Freight
SHP01202,Kolkata,Bhubaneswar,Medium,Packaged Foods,11.7,442.1,13076,2024-03-12,Shivam Freight Co
SHP01203,Kolkata,Bhubaneswar,Medium,Textiles,23.9,442.6,26761,2024-03-12,Western Carriers
SHP01204,Kolkata,Bhubaneswar,Medium,Chemicals,22.3,438.9,25167,2024-03-12,TCI Freight
SHP01205,Bangalore,Hyderabad,Medium,Packaged Foods,14.6,567.4,20394,2024-03-12,Om Sai Transport
SHP01206,Bangalore,Hyderabad,Medium,Textiles,20.4,567.0,28411,2024-03-12,Om Sai Transport
SHP01207,Mumbai,Delhi,Long,Packaged Foods,21.4,1419.4,60235,2024-03-12,SafeExpress
SHP01208,Delhi,Kolkata,Long,Chemicals,10.5,1507.6,32354,2024-03-12,Shivam Freight Co
SHP01209,Mumbai,Pune,Short,Packaged Foods,14.5,146.3,6228,2024-03-13,Shivam Freight Co
SHP01210,Mumbai,Pune,Short,Steel Coils,13.1,153.4,6114,2024-03-13,Western Carriers
SHP01211,Delhi,Jaipur,Short,Chemicals,21.2,277.2,17029,2024-03-13,VRL Logistics
SHP01212,Chennai,Bangalore,Short,Packaged Foods,19.2,352.2,18435,2024-03-13,Shivam Freight Co
SHP01213,Chennai,Bangalore,Short,Electronics,21.4,352.6,20590,2024-03-13,Om Sai Transport
SHP01214,Chennai,Bangalore,Short,Packaged Foods,12.6,353.7,12270,2024-03-13,Western Carriers
SHP01215,Ahmedabad,Mumbai,Medium,Electronics,22.8,533.4,29049,2024-03-13,TCI Freight
SHP01216,Kolkata,Bhubaneswar,Medium,Automobile Parts,12.7,443.7,13741,2024-03-13,SafeExpress
SHP01217,Kolkata,Bhubaneswar,Medium,Textiles,13.4,437.7,14163,2024-03-13,Shivam Freight Co
SHP01218,Kolkata,Bhubaneswar,Medium,Textiles,17.8,439.7,19194,2024-03-13,Western Carriers
SHP01219,Bangalore,Hyderabad,Medium,Textiles,14.9,566.3,19686,2024-03-13,SafeExpress
SHP01220,Bangalore,Hyderabad,Medium,Automobile Parts,14.7,570.8,20261,2024-03-13,Om Sai Transport
SHP01221,Bangalore,Hyderabad,Medium,Steel Coils,14.4,570.4,19739,2024-03-13,Shivam Freight Co
SHP01222,Mumbai,Delhi,Long,Electronics,15.5,1423.5,45401,2024-03-13,SafeExpress
SHP01223,Mumbai,Delhi,Long,Electronics,15.9,1421.4,47471,2024-03-13,Shivam Freight Co
SHP01224,Delhi,Kolkata,Long,Steel Coils,18.9,1509.2,54856,2024-03-13,Shivam Freight Co
SHP01225,Delhi,Kolkata,Long,FMCG,13.0,1508.9,37875,2024-03-13,SafeExpress
SHP01226,Mumbai,Pune,Short,Chemicals,14.2,151.8,6374,2024-03-14,TCI Freight
SHP01227,Mumbai,Pune,Short,Automobile Parts,21.8,148.2,9527,2024-03-14,VRL Logistics
SHP01228,Delhi,Jaipur,Short,Steel Coils,24.8,283.6,20728,2024-03-14,SafeExpress
SHP01229,Delhi,Jaipur,Short,Electronics,13.8,276.9,11255,2024-03-14,Om Sai Transport
SHP01230,Delhi,Jaipur,Short,Automobile Parts,21.1,276.2,17394,2024-03-14,Western Carriers
SHP01231,Chennai,Bangalore,Short,Chemicals,20.2,349.1,18580,2024-03-14,TCI Freight
SHP01232,Ahmedabad,Mumbai,Medium,Automobile Parts,17.8,531.3,22602,2024-03-14,Om Sai Transport
SHP01233,Kolkata,Bhubaneswar,Medium,FMCG,13.9,439.9,15003,2024-03-14,TCI Freight
SHP01234,Kolkata,Bhubaneswar,Medium,Automobile Parts,24.3,440.4,25928,2024-03-14,Shivam Freight Co
SHP01235,Bangalore,Hyderabad,Medium,Steel Coils,16.6,572.8,22240,2024-03-14,TCI Freight
SHP01236,Bangalore,Hyderabad,Medium,Steel Coils,21.7,571.3,30000,2024-03-14,SafeExpress
SHP01237,Mumbai,Delhi,Long,Electronics,17.3,1421.7,49426,2024-03-14,SafeExpress
SHP01238,Mumbai,Delhi,Long,Automobile Parts,20.3,1421.3,59072,2024-03-14,TCI Freight
SHP01239,Delhi,Kolkata,Long,Automobile Parts,14.0,1506.4,43233,2024-03-14,TCI Freight
SHP01240,Delhi,Kolkata,Long,Packaged Foods,21.5,1511.4,65800,2024-03-14,Shivam Freight Co
SHP01241,Delhi,Kolkata,Long,FMCG,11.9,1510.7,36523,2024-03-14,Western Carriers
SHP01242,Mumbai,Pune,Short,Textiles,11.5,148.7,5124,2024-03-15,SafeExpress
SHP01243,Mumbai,Pune,Short,Electronics,19.9,148.8,8838,2024-03-15,VRL Logistics
SHP01244,Mumbai,Pune,Short,Textiles,23.7,150.7,10582,2024-03-15,Shivam Freight Co
SHP01245,Delhi,Jaipur,Short,Automobile Parts,10.6,280.3,8734,2024-03-15,TCI Freight
SHP01246,Chennai,Bangalore,Short,Textiles,20.4,348.1,19614,2024-03-15,SafeExpress
SHP01247,Chennai,Bangalore,Short,Automobile Parts,14.8,350.6,14052,2024-03-15,Shivam Freight Co
SHP01248,Ahmedabad,Mumbai,Medium,Textiles,17.5,528.7,23171,2024-03-15,Om Sai Transport
SHP01249,Kolkata,Bhubaneswar,Medium,FMCG,13.0,443.8,14602,2024-03-15,Shivam Freight Co
SHP01250,Kolkata,Bhubaneswar,Medium,Packaged Foods,18.0,442.7,19888,2024-03-15,VRL Logistics
SHP01251,Bangalore,Hyderabad,Medium,Electronics,19.4,572.4,27947,2024-03-15,TCI Freight
SHP01252,Bangalore,Hyderabad,Medium,FMCG,15.1,566.8,20786,2024-03-15,TCI Freight
SHP01253,Mumbai,Delhi,Long,Chemicals,11.1,1418.8,32654,2024-03-15,VRL Logistics
SHP01254,Delhi,Kolkata,Long,Chemicals,16.2,1508.5,48194,2024-03-15,SafeExpress
SHP01255,Delhi,Kolkata,Long,Electronics,18.2,1511.4,55628,2024-03-15,Western Carriers
SHP01256,Delhi,Kolkata,Long,Electronics,12.8,1510.1,38502,2024-03-15,Western Carriers
SHP01257,Mumbai,Pune,Short,FMCG,18.0,153.5,8546,2024-03-16,SafeExpress
SHP01258,Mumbai,Pune,Short,Steel Coils,20.9,153.5,9704,2024-03-16,VRL Logistics
SHP01259,Delhi,Jaipur,Short,Automobile Parts,20.3,277.2,16430,2024-03-16,SafeExpress
SHP01260,Chennai,Bangalore,Short,Textiles,22.7,351.1,21477,2024-03-16,Western Carriers
SHP01261,Ahmedabad,Mumbai,Medium,Steel Coils,16.1,530.8,20194,2024-03-16,Shivam Freight Co
SHP01262,Ahmedabad,Mumbai,Medium,Chemicals,22.4,528.0,28346,2024-03-16,SafeExpress
SHP01263,Ahmedabad,Mumbai,Medium,Textiles,23.6,529.4,29629,2024-03-16,Om Sai Transport
SHP01264,Kolkata,Bhubaneswar,Medium,Electronics,12.6,441.3,13699,2024-03-16,SafeExpress
SHP01265,Kolkata,Bhubaneswar,Medium,Textiles,10.8,442.3,11789,2024-03-16,TCI Freight
SHP01266,Bangalore,Hyderabad,Medium,Electronics,16.1,573.2,21760,2024-03-16,Shivam Freight Co
SHP01267,Mumbai,Delhi,Long,Chemicals,13.5,1422.7,39241,2024-03-16,Shivam Freight Co
SHP01268,Mumbai,Delhi,Long,Chemicals,22.4,1420.2,65978,2024-03-16,VRL Logistics
SHP01269,Mumbai,Delhi,Long,FMCG,11.4,1420.0,33112,2024-03-16,VRL Logistics
SHP01270,Delhi,Kolkata,Long,Automobile Parts,22.1,1511.9,66787,2024-03-16,Om Sai Transport
SHP01271,Delhi,Kolkata,Long,Automobile Parts,12.6,1507.2,38299,2024-03-16,SafeExpress
SHP01272,Delhi,Kolkata,Long,Textiles,18.8,1508.0,56098,2024-03-16,Western Carriers
SHP01273,Mumbai,Pune,Short,Textiles,17.1,150.4,7843,2024-03-17,Om Sai Transport
SHP01274,Mumbai,Pune,Short,Packaged Foods,20.7,148.9,9618,2024-03-17,Western Carriers
SHP01275,Delhi,Jaipur,Short,Packaged Foods,21.1,276.3,17891,2024-03-17,Western Carriers
SHP01276,Delhi,Jaipur,Short,Automobile Parts,20.1,283.3,17098,2024-03-17,VRL Logistics
SHP01277,Delhi,Jaipur,Short,Electronics,20.5,281.1,17757,2024-03-17,Shivam Freight Co
SHP01278,Chennai,Bangalore,Short,Automobile Parts,15.8,352.9,15617,2024-03-17,VRL Logistics
SHP01279,Ahmedabad,Mumbai,Medium,Automobile Parts,22.9,528.4,28894,2024-03-17,Western Carriers
SHP01280,Kolkata,Bhubaneswar,Medium,FMCG,10.5,439.3,11572,2024-03-17,SafeExpress
SHP01281,Kolkata,Bhubaneswar,Medium,Electronics,16.2,439.8,17857,2024-03-17,SafeExpress
SHP01282,Kolkata,Bhubaneswar,Medium,Electronics,22.3,443.0,24743,2024-03-17,VRL Logistics
SHP01283,Bangalore,Hyderabad,Medium,Textiles,20.9,569.4,28627,2024-03-17,SafeExpress
SHP01284,Bangalore,Hyderabad,Medium,Steel Coils,21.4,571.6,29535,2024-03-17,Western Carriers
SHP01285,Mumbai,Delhi,Long,Textiles,16.0,1417.1,46561,2024-03-17,TCI Freight
SHP01286,Mumbai,Delhi,Long,FMCG,12.4,1416.7,35914,2024-03-17,Western Carriers
SHP01287,Mumbai,Delhi,Long,FMCG,22.7,1422.1,66443,2024-03-17,VRL Logistics
SHP01288,Delhi,Kolkata,Long,Textiles,12.6,1507.1,38009,2024-03-17,VRL Logistics
SHP01289,Delhi,Kolkata,Long,Automobile Parts,16.2,1507.6,48084,2024-03-17,TCI Freight
SHP01290,Delhi,Kolkata,Long,Electronics,24.2,1507.8,73997,2024-03-17,TCI Freight
SHP01291,Mumbai,Pune,Short,Steel Coils,13.0,153.8,6092,2024-03-18,Shivam Freight Co
SHP01292,Delhi,Jaipur,Short,Steel Coils,12.2,280.8,10230,2024-03-18,TCI Freight
SHP01293,Delhi,Jaipur,Short,Automobile Parts,20.8,276.9,16846,2024-03-18,Western Carriers
SHP01294,Chennai,Bangalore,Short,FMCG,12.9,351.7,12653,2024-03-18,VRL Logistics
SHP01295,Ahmedabad,Mumbai,Medium,Steel Coils,16.5,529.1,20869,2024-03-18,VRL Logistics
SHP01296,Ahmedabad,Mumbai,Medium,FMCG,12.8,531.8,16255,2024-03-18,Om Sai Transport
SHP01297,Kolkata,Bhubaneswar,Medium,Chemicals,16.8,437.9,17692,2024-03-18,Western Carriers
SHP01298,Kolkata,Bhubaneswar,Medium,FMCG,11.3,441.2,12096,2024-03-18,VRL Logistics
SHP01299,Bangalore,Hyderabad,Medium,Electronics,20.7,571.5,29444,2024-03-18,TCI Freight
SHP01300,Bangalore,Hyderabad,Medium,Textiles,11.4,568.0,15701,2024-03-18,Om Sai Transport
SHP01301,Mumbai,Delhi,Long,Chemicals,24.1,1424.0,71543,2024-03-18,Western Carriers
SHP01302,Mumbai,Delhi,Long,Chemicals,10.7,1422.0,30830,2024-03-18,SafeExpress
SHP01303,Delhi,Kolkata,Long,Packaged Foods,12.0,1511.4,36406,2024-03-18,TCI Freight
SHP01304,Delhi,Kolkata,Long,Textiles,12.5,1507.4,37228,2024-03-18,SafeExpress
SHP01305,Mumbai,Pune,Short,Textiles,16.5,151.7,7273,2024-03-19,Shivam Freight Co
SHP01306,Mumbai,Pune,Short,Textiles,17.5,153.8,8046,2024-03-19,Western Carriers
SHP01307,Delhi,Jaipur,Short,FMCG,23.2,278.3,18973,2024-03-19,VRL Logistics
SHP01308,Delhi,Jaipur,Short,Electronics,16.5,280.1,13339,2024-03-19,SafeExpress
SHP01309,Chennai,Bangalore,Short,Automobile Parts,23.8,350.4,23424,2024-03-19,Shivam Freight Co
SHP01310,Ahmedabad,Mumbai,Medium,Electronics,10.5,527.8,13196,2024-03-19,SafeExpress
SHP01311,Kolkata,Bhubaneswar,Medium,Automobile Parts,15.3,436.3,16764,2024-03-19,SafeExpress
SHP01312,Kolkata,Bhubaneswar,Medium,Packaged Foods,22.7,439.9,25234,2024-03-19,VRL Logistics
SHP01313,Bangalore,Hyderabad,Medium,Textiles,12.5,567.4,16613,2024-03-19,TCI Freight
SHP01314,Bangalore,Hyderabad,Medium,Packaged Foods,18.8,573.1,25312,2024-03-19,TCI Freight
SHP01315,Mumbai,Delhi,Long,Electronics,11.2,1419.3,33464,2024-03-19,Shivam Freight Co
SHP01316,Delhi,Kolkata,Long,Textiles,24.7,1508.3,75089,2024-03-19,TCI Freight
SHP01317,Mumbai,Pune,Short,FMCG,12.3,152.7,5683,2024-03-20,Western Carriers
SHP01318,Delhi,Jaipur,Short,Textiles,14.0,281.0,11790,2024-03-20,Shivam Freight Co
SHP01319,Delhi,Jaipur,Short,Electronics,24.3,281.2,20208,2024-03-20,Western Carriers
SHP01320,Chennai,Bangalore,Short,Textiles,22.9,347.0,22656,2024-03-20,VRL Logistics
SHP01321,Chennai,Bangalore,Short,Chemicals,21.2,352.4,21086,2024-03-20,SafeExpress
SHP01322,Chennai,Bangalore,Short,FMCG,13.8,346.7,13338,2024-03-20,SafeExpress
SHP01323,Ahmedabad,Mumbai,Medium,FMCG,21.7,527.3,27108,2024-03-20,Western Carriers
SHP01324,Kolkata,Bhubaneswar,Medium,Textiles,16.5,439.9,17987,2024-03-20,Western Carriers
SHP01325,Kolkata,Bhubaneswar,Medium,Textiles,15.4,440.8,16350,2024-03-20,TCI Freight
SHP01326,Bangalore,Hyderabad,Medium,Automobile Parts,17.1,573.1,23155,2024-03-20,Shivam Freight Co
SHP01327,Bangalore,Hyderabad,Medium,Automobile Parts,22.2,572.1,30069,2024-03-20,Western Carriers
SHP01328,Mumbai,Delhi,Long,Electronics,24.6,1420.1,71801,2024-03-20,Western Carriers
SHP01329,Delhi,Kolkata,Long,Automobile Parts,19.7,1510.2,59262,2024-03-20,SafeExpress
SHP01330,Delhi,Kolkata,Long,Steel Coils,22.0,1506.6,66604,2024-03-20,Western Carriers
SHP01331,Mumbai,Pune,Short,Packaged Foods,14.4,150.2,6525,2024-03-21,Shivam Freight Co
SHP01332,Delhi,Jaipur,Short,Chemicals,11.4,279.4,9464,2024-03-21,VRL Logistics
SHP01333,Delhi,Jaipur,Short,Packaged Foods,18.8,278.8,15641,2024-03-21,Shivam Freight Co
SHP01334,Delhi,Jaipur,Short,FMCG,16.9,281.9,14226,2024-03-21,SafeExpress
SHP01335,Chennai,Bangalore,Short,Automobile Parts,14.5,353.0,13740,2024-03-21,Western Carriers
SHP01336,Chennai,Bangalore,Short,FMCG,22.1,349.6,20536,2024-03-21,Om Sai Transport
SHP01337,Ahmedabad,Mumbai,Medium,Packaged Foods,19.1,532.0,24827,2024-03-21,SafeExpress
SHP01338,Kolkata,Bhubaneswar,Medium,Automobile Parts,10.2,439.2,11293,2024-03-21,Western Carriers
SHP01339,Bangalore,Hyderabad,Medium,Chemicals,19.0,573.7,25998,2024-03-21,TCI Freight
SHP01340,Bangalore,Hyderabad,Medium,Automobile Parts,20.1,568.9,27495,2024-03-21,VRL Logistics
SHP01341,Bangalore,Hyderabad,Medium,FMCG,12.0,566.7,16027,2024-03-21,Shivam Freight Co
SHP01342,Mumbai,Delhi,Long,Electronics,13.1,1422.9,38891,2024-03-21,Om Sai Transport
SHP01343,Delhi,Kolkata,Long,FMCG,18.1,1512.9,53653,2024-03-21,SafeExpress
SHP01344,Delhi,Kolkata,Long,Steel Coils,16.3,1507.2,48195,2024-03-21,Western Carriers
SHP01345,Delhi,Kolkata,Long,FMCG,24.5,1511.6,73699,2024-03-21,SafeExpress
SHP01346,Mumbai,Pune,Short,Textiles,22.4,148.4,9980,2024-03-22,Shivam Freight Co
SHP01347,Delhi,Jaipur,Short,Chemicals,16.2,279.5,13037,2024-03-22,TCI Freight
SHP01348,Delhi,Jaipur,Short,Automobile Parts,25.0,281.8,19912,2024-03-22,SafeExpress
SHP01349,Delhi,Jaipur,Short,FMCG,20.9,280.1,17151,2024-03-22,SafeExpress
SHP01350,Chennai,Bangalore,Short,Packaged Foods,16.3,350.2,15331,2024-03-22,VRL Logistics
SHP01351,Ahmedabad,Mumbai,Medium,Electronics,11.8,533.1,15853,2024-03-22,VRL Logistics
SHP01352,Ahmedabad,Mumbai,Medium,Electronics,16.5,529.6,21617,2024-03-22,Om Sai Transport
SHP01353,Kolkata,Bhubaneswar,Medium,Textiles,13.3,437.9,14771,2024-03-22,TCI Freight
SHP01354,Kolkata,Bhubaneswar,Medium,Textiles,20.7,442.8,22844,2024-03-22,Western Carriers
SHP01355,Bangalore,Hyderabad,Medium,FMCG,20.1,572.7,28240,2024-03-22,SafeExpress
SHP01356,Bangalore,Hyderabad,Medium,Textiles,22.7,572.4,31734,2024-03-22,Western Carriers
SHP01357,Mumbai,Delhi,Long,Automobile Parts,12.6,1419.9,36713,2024-03-22,Shivam Freight Co
SHP01358,Mumbai,Delhi,Long,Steel Coils,24.1,1422.3,71302,2024-03-22,Om Sai Transport
SHP01359,Mumbai,Delhi,Long,Textiles,25.0,1420.5,73472,2024-03-22,VRL Logistics
SHP01360,Delhi,Kolkata,Long,Packaged Foods,23.4,1512.6,70202,2024-03-22,VRL Logistics
SHP01361,Mumbai,Pune,Short,Textiles,18.4,147.8,8120,2024-03-23,VRL Logistics
SHP01362,Mumbai,Pune,Short,Steel Coils,21.6,152.2,9844,2024-03-23,Western Carriers
SHP01363,Mumbai,Pune,Short,Packaged Foods,19.1,153.0,8592,2024-03-23,SafeExpress
SHP01364,Delhi,Jaipur,Short,FMCG,21.7,283.8,18574,2024-03-23,Shivam Freight Co
SHP01365,Chennai,Bangalore,Short,Steel Coils,12.5,350.1,12081,2024-03-23,VRL Logistics
SHP01366,Ahmedabad,Mumbai,Medium,FMCG,21.4,531.7,27302,2024-03-23,Shivam Freight Co
SHP01367,Ahmedabad,Mumbai,Medium,Packaged Foods,15.5,527.2,19859,2024-03-23,Om Sai Transport
SHP01368,Kolkata,Bhubaneswar,Medium,Automobile Parts,10.1,442.2,11274,2024-03-23,VRL Logistics
SHP01369,Kolkata,Bhubaneswar,Medium,Electronics,12.6,438.3,13627,2024-03-23,SafeExpress
SHP01370,Bangalore,Hyderabad,Medium,FMCG,21.3,568.0,28828,2024-03-23,Om Sai Transport
SHP01371,Bangalore,Hyderabad,Medium,Automobile Parts,16.4,567.1,22505,2024-03-23,TCI Freight
SHP01372,Bangalore,Hyderabad,Medium,Steel Coils,15.4,572.4,20584,2024-03-23,Shivam Freight Co
SHP01373,Mumbai,Delhi,Long,FMCG,11.3,1423.5,33158,2024-03-23,Om Sai Transport
SHP01374,Mumbai,Delhi,Long,Electronics,15.9,1419.5,46005,2024-03-23,Om Sai Transport
SHP01375,Mumbai,Delhi,Long,Electronics,10.9,1423.2,32386,2024-03-23,Western Carriers
SHP01376,Delhi,Kolkata,Long,FMCG,23.3,1509.4,72502,2024-03-23,VRL Logistics
SHP01377,Delhi,Kolkata,Long,FMCG,14.7,1511.8,45166,2024-03-23,VRL Logistics
SHP01378,Mumbai,Pune,Short,Steel Coils,20.5,153.4,9640,2024-03-24,TCI Freight
SHP01379,Mumbai,Pune,Short,Textiles,19.3,151.0,8932,2024-03-24,Western Carriers
SHP01380,Mumbai,Pune,Short,Packaged Foods,13.0,149.2,5911,2024-03-24,TCI Freight
SHP01381,Delhi,Jaipur,Short,Chemicals,23.2,281.8,19111,2024-03-24,VRL Logistics
SHP01382,Delhi,Jaipur,Short,Textiles,17.7,277.7,14248,2024-03-24,Western Carriers
SHP01383,Delhi,Jaipur,Short,Chemicals,10.4,277.3,8523,2024-03-24,VRL Logistics
SHP01384,Chennai,Bangalore,Short,Packaged Foods,24.8,351.8,23252,2024-03-24,VRL Logistics
SHP01385,Chennai,Bangalore,Short,FMCG,17.6,348.1,16337,2024-03-24,Western Carriers
SHP01386,Ahmedabad,Mumbai,Medium,Steel Coils,21.1,528.4,27986,2024-03-24,Western Carriers
SHP01387,Ahmedabad,Mumbai,Medium,Electronics,18.5,533.9,25232,2024-03-24,Western Carriers
SHP01388,Kolkata,Bhubaneswar,Medium,FMCG,14.5,437.9,16012,2024-03-24,Western Carriers
SHP01389,Kolkata,Bhubaneswar,Medium,Electronics,12.1,440.6,13289,2024-03-24,Om Sai Transport
SHP01390,Kolkata,Bhubaneswar,Medium,FMCG,17.7,436.8,19129,2024-03-24,VRL Logistics
SHP01391,Bangalore,Hyderabad,Medium,Packaged Foods,22.4,571.7,30138,2024-03-24,SafeExpress
SHP01392,Mumbai,Delhi,Long,Automobile Parts,11.2,1417.7,33545,2024-03-24,TCI Freight
SHP01393,Mumbai,Delhi,Long,Chemicals,21.7,1420.5,65626,2024-03-24,SafeExpress
SHP01394,Delhi,Kolkata,Long,Automobile Parts,24.2,1511.5,74439,2024-03-24,Om Sai Transport
SHP01395,Delhi,Kolkata,Long,Steel Coils,11.9,1507.2,36471,2024-03-24,Western Carriers
SHP01396,Mumbai,Pune,Short,Electronics,13.2,146.9,5816,2024-03-25,Om Sai Transport
SHP01397,Mumbai,Pune,Short,Chemicals,15.5,153.6,7277,2024-03-25,SafeExpress
SHP01398,Mumbai,Pune,Short,Chemicals,15.5,146.9,6779,2024-03-25,Om Sai Transport
SHP01399,Delhi,Jaipur,Short,FMCG,14.5,283.9,11859,2024-03-25,Om Sai Transport
SHP01400,Delhi,Jaipur,Short,Textiles,18.8,277.1,14744,2024-03-25,VRL Logistics
SHP01401,Chennai,Bangalore,Short,FMCG,11.8,349.9,11093,2024-03-25,Shivam Freight Co
SHP01402,Chennai,Bangalore,Short,Textiles,18.6,349.3,17608,2024-03-25,SafeExpress
SHP01403,Chennai,Bangalore,Short,FMCG,20.8,349.8,19750,2024-03-25,Om Sai Transport
SHP01404,Ahmedabad,Mumbai,Medium,Electronics,20.0,532.1,25714,2024-03-25,VRL Logistics
SHP01405,Ahmedabad,Mumbai,Medium,Automobile Parts,19.4,526.7,25165,2024-03-25,Om Sai Transport
SHP01406,Kolkata,Bhubaneswar,Medium,Electronics,24.4,440.3,27932,2024-03-25,VRL Logistics
SHP01407,Kolkata,Bhubaneswar,Medium,Chemicals,23.0,441.2,26194,2024-03-25,Western Carriers
SHP01408,Bangalore,Hyderabad,Medium,Packaged Foods,19.7,568.5,27514,2024-03-25,Om Sai Transport
SHP01409,Bangalore,Hyderabad,Medium,Chemicals,18.1,573.6,25621,2024-03-25,TCI Freight
SHP01410,Bangalore,Hyderabad,Medium,Packaged Foods,17.1,567.5,24080,2024-03-25,Western Carriers
SHP01411,Mumbai,Delhi,Long,FMCG,14.1,1423.7,41732,2024-03-25,Western Carriers
SHP01412,Delhi,Kolkata,Long,Automobile Parts,22.1,1509.6,68372,2024-03-25,TCI Freight
SHP01413,Delhi,Kolkata,Long,Automobile Parts,22.9,1506.4,69054,2024-03-25,Om Sai Transport
SHP01414,Delhi,Kolkata,Long,Textiles,22.9,1509.3,70016,2024-03-25,Shivam Freight Co
SHP01415,Mumbai,Pune,Short,FMCG,14.3,150.3,6219,2024-03-26,Shivam Freight Co
SHP01416,Delhi,Jaipur,Short,Steel Coils,10.9,281.4,9024,2024-03-26,Shivam Freight Co
SHP01417,Delhi,Jaipur,Short,Steel Coils,14.5,281.7,11610,2024-03-26,SafeExpress
SHP01418,Chennai,Bangalore,Short,Steel Coils,22.4,349.0,21672,2024-03-26,Om Sai Transport
SHP01419,Chennai,Bangalore,Short,FMCG,18.8,352.0,18622,2024-03-26,TCI Freight
SHP01420,Ahmedabad,Mumbai,Medium,Packaged Foods,14.8,528.2,19061,2024-03-26,SafeExpress
SHP01421,Kolkata,Bhubaneswar,Medium,Chemicals,23.3,437.9,24558,2024-03-26,Western Carriers
SHP01422,Kolkata,Bhubaneswar,Medium,Steel Coils,21.4,436.8,22846,2024-03-26,VRL Logistics
SHP01423,Kolkata,Bhubaneswar,Medium,Chemicals,16.7,440.5,18119,2024-03-26,Om Sai Transport
SHP01424,Bangalore,Hyderabad,Medium,Chemicals,24.8,569.0,34830,2024-03-26,SafeExpress
SHP01425,Mumbai,Delhi,Long,FMCG,10.0,1419.6,29865,2024-03-26,TCI Freight
SHP01426,Mumbai,Delhi,Long,Automobile Parts,24.6,1418.3,72036,2024-03-26,VRL Logistics
SHP01427,Mumbai,Delhi,Long,Textiles,22.6,1420.8,67323,2024-03-26,Western Carriers
SHP01428,Delhi,Kolkata,Long,Packaged Foods,12.4,1508.3,36811,2024-03-26,VRL Logistics
SHP01429,Delhi,Kolkata,Long,Electronics,20.5,1506.7,61513,2024-03-26,TCI Freight
SHP01430,Delhi,Kolkata,Long,Chemicals,23.2,1514.0,68240,2024-03-26,VRL Logistics
SHP01431,Mumbai,Pune,Short,Textiles,24.7,151.1,11550,2024-03-27,Om Sai Transport
SHP01432,Mumbai,Pune,Short,Chemicals,14.8,151.3,6793,2024-03-27,VRL Logistics
SHP01433,Delhi,Jaipur,Short,Packaged Foods,23.8,277.1,18972,2024-03-27,Shivam Freight Co
SHP01434,Delhi,Jaipur,Short,Electronics,16.2,281.4,13264,2024-03-27,SafeExpress
SHP01435,Delhi,Jaipur,Short,Electronics,18.1,282.1,14793,2024-03-27,Western Carriers
SHP01436,Chennai,Bangalore,Short,Packaged Foods,22.2,353.1,20964,2024-03-27,VRL Logistics
SHP01437,Ahmedabad,Mumbai,Medium,FMCG,15.4,532.6,20397,2024-03-27,Western Carriers
SHP01438,Ahmedabad,Mumbai,Medium,Steel Coils,11.9,533.9,15924,2024-03-27,SafeExpress
SHP01439,Kolkata,Bhubaneswar,Medium,Textiles,14.2,436.2,15283,2024-03-27,Om Sai Transport
SHP01440,Kolkata,Bhubaneswar,Medium,Electronics,19.2,436.7,20184,2024-03-27,Om Sai Transport
SHP01441,Kolkata,Bhubaneswar,Medium,Textiles,17.4,437.9,18387,2024-03-27,SafeExpress
SHP01442,Bangalore,Hyderabad,Medium,Electronics,10.1,570.8,14447,2024-03-27,SafeExpress
SHP01443,Bangalore,Hyderabad,Medium,Steel Coils,14.2,566.9,19789,2024-03-27,TCI Freight
SHP01444,Bangalore,Hyderabad,Medium,Chemicals,21.1,567.6,29644,2024-03-27,TCI Freight
SHP01445,Mumbai,Delhi,Long,Chemicals,11.0,1417.0,31030,2024-03-27,Om Sai Transport
SHP01446,Mumbai,Delhi,Long,FMCG,20.9,1423.0,59242,2024-03-27,Western Carriers
SHP01447,Mumbai,Delhi,Long,Chemicals,24.5,1416.2,70240,2024-03-27,VRL Logistics
SHP01448,Delhi,Kolkata,Long,Electronics,16.4,1506.0,50278,2024-03-27,Shivam Freight Co
SHP01449,Delhi,Kolkata,Long,Automobile Parts,14.8,1512.8,45888,2024-03-27,VRL Logistics
SHP01450,Mumbai,Pune,Short,Electronics,15.4,149.7,6829,2024-03-28,Om Sai Transport
SHP01451,Mumbai,Pune,Short,Textiles,23.8,146.4,10229,2024-03-28,Shivam Freight Co
SHP01452,Mumbai,Pune,Short,FMCG,15.0,149.1,6657,2024-03-28,Shivam Freight Co
SHP01453,Delhi,Jaipur,Short,Steel Coils,16.4,283.8,13894,2024-03-28,Om Sai Transport
SHP01454,Chennai,Bangalore,Short,Automobile Parts,19.4,346.5,17772,2024-03-28,Shivam Freight Co
SHP01455,Chennai,Bangalore,Short,Textiles,19.4,350.7,18212,2024-03-28,Om Sai Transport
SHP01456,Ahmedabad,Mumbai,Medium,Chemicals,22.5,533.7,29098,2024-03-28,Om Sai Transport
SHP01457,Kolkata,Bhubaneswar,Medium,Chemicals,21.5,441.0,24457,2024-03-28,Shivam Freight Co
SHP01458,Kolkata,Bhubaneswar,Medium,Textiles,10.9,436.7,11989,2024-03-28,Western Carriers
SHP01459,Kolkata,Bhubaneswar,Medium,Automobile Parts,11.9,436.5,13555,2024-03-28,Shivam Freight Co
SHP01460,Bangalore,Hyderabad,Medium,Packaged Foods,11.5,569.5,15255,2024-03-28,VRL Logistics
SHP01461,Bangalore,Hyderabad,Medium,Automobile Parts,16.0,572.8,21835,2024-03-28,Om Sai Transport
SHP01462,Bangalore,Hyderabad,Medium,Automobile Parts,21.8,572.9,29764,2024-03-28,SafeExpress
SHP01463,Mumbai,Delhi,Long,Electronics,19.3,1423.0,55820,2024-03-28,Shivam Freight Co
SHP01464,Mumbai,Delhi,Long,Packaged Foods,14.9,1419.6,42736,2024-03-28,Shivam Freight Co
SHP01465,Delhi,Kolkata,Long,Steel Coils,22.6,1510.7,69784,2024-03-28,Western Carriers
SHP01466,Mumbai,Pune,Short,Steel Coils,20.9,149.4,9352,2024-03-29,Om Sai Transport
SHP01467,Mumbai,Pune,Short,Automobile Parts,10.9,152.4,4949,2024-03-29,TCI Freight
SHP01468,Delhi,Jaipur,Short,Steel Coils,23.3,278.5,19888,2024-03-29,SafeExpress
SHP01469,Delhi,Jaipur,Short,Packaged Foods,15.1,278.5,12681,2024-03-29,TCI Freight
SHP01470,Chennai,Bangalore,Short,Chemicals,13.6,347.2,13219,2024-03-29,Shivam Freight Co
SHP01471,Chennai,Bangalore,Short,Steel Coils,12.9,349.4,12310,2024-03-29,Shivam Freight Co
SHP01472,Chennai,Bangalore,Short,Automobile Parts,20.0,348.7,19428,2024-03-29,TCI Freight
SHP01473,Ahmedabad,Mumbai,Medium,Textiles,15.0,530.5,19563,2024-03-29,Om Sai Transport
SHP01474,Ahmedabad,Mumbai,Medium,Automobile Parts,23.1,526.8,30654,2024-03-29,Om Sai Transport
SHP01475,Ahmedabad,Mumbai,Medium,Automobile Parts,19.6,533.4,26110,2024-03-29,TCI Freight
SHP01476,Kolkata,Bhubaneswar,Medium,Electronics,24.3,441.9,26206,2024-03-29,SafeExpress
SHP01477,Kolkata,Bhubaneswar,Medium,Textiles,12.8,437.6,14032,2024-03-29,Shivam Freight Co
SHP01478,Bangalore,Hyderabad,Medium,Electronics,12.1,570.4,16102,2024-03-29,TCI Freight
SHP01479,Mumbai,Delhi,Long,Steel Coils,10.4,1416.4,30571,2024-03-29,Om Sai Transport
SHP01480,Mumbai,Delhi,Long,Chemicals,20.8,1423.1,61785,2024-03-29,Om Sai Transport
SHP01481,Delhi,Kolkata,Long,FMCG,13.9,1507.4,40442,2024-03-29,Western Carriers
SHP01482,Mumbai,Pune,Short,Textiles,11.7,152.3,5321,2024-03-30,SafeExpress
SHP01483,Mumbai,Pune,Short,Chemicals,22.1,147.9,9654,2024-03-30,TCI Freight
SHP01484,Mumbai,Pune,Short,Steel Coils,23.2,153.1,10243,2024-03-30,Om Sai Transport
SHP01485,Delhi,Jaipur,Short,Automobile Parts,20.4,280.3,17042,2024-03-30,Western Carriers
SHP01486,Chennai,Bangalore,Short,Textiles,18.8,352.1,18179,2024-03-30,Om Sai Transport
SHP01487,Ahmedabad,Mumbai,Medium,Chemicals,14.2,531.0,18009,2024-03-30,TCI Freight
SHP01488,Kolkata,Bhubaneswar,Medium,Chemicals,21.8,441.8,24922,2024-03-30,Shivam Freight Co
SHP01489,Bangalore,Hyderabad,Medium,Automobile Parts,19.7,572.0,26514,2024-03-30,TCI Freight
SHP01490,Bangalore,Hyderabad,Medium,Electronics,14.8,569.7,19732,2024-03-30,SafeExpress
SHP01491,Mumbai,Delhi,Long,FMCG,18.7,1419.8,55437,2024-03-30,TCI Freight
SHP01492,Mumbai,Delhi,Long,Automobile Parts,13.1,1421.2,39271,2024-03-30,Om Sai Transport
SHP01493,Delhi,Kolkata,Long,FMCG,15.7,1509.4,46453,2024-03-30,VRL Logistics
SHP01494,Delhi,Kolkata,Long,Textiles,11.3,1508.0,34209,2024-03-30,SafeExpress
SHP01495,Mumbai,Pune,Short,Automobile Parts,17.0,150.7,7732,2024-03-31,SafeExpress
SHP01496,Delhi,Jaipur,Short,Packaged Foods,17.5,278.9,14240,2024-03-31,Om Sai Transport
SHP01497,Delhi,Jaipur,Short,Packaged Foods,14.0,279.5,11325,2024-03-31,VRL Logistics
SHP01498,Chennai,Bangalore,Short,Steel Coils,11.2,350.4,10916,2024-03-31,Shivam Freight Co
SHP01499,Chennai,Bangalore,Short,Textiles,15.4,346.9,15021,2024-03-31,Om Sai Transport
SHP01500,Chennai,Bangalore,Short,FMCG,13.8,351.4,13743,2024-03-31,Western Carriers
SHP01501,Ahmedabad,Mumbai,Medium,FMCG,25.0,531.6,33898,2024-03-31,Western Carriers
SHP01502,Kolkata,Bhubaneswar,Medium,FMCG,14.5,436.1,16243,2024-03-31,SafeExpress
SHP01503,Kolkata,Bhubaneswar,Medium,Packaged Foods,22.3,443.6,25345,2024-03-31,SafeExpress
SHP01504,Bangalore,Hyderabad,Medium,Steel Coils,13.4,572.9,18761,2024-03-31,SafeExpress
SHP01505,Mumbai,Delhi,Long,Automobile Parts,21.4,1422.3,61946,2024-03-31,VRL Logistics
SHP01506,Mumbai,Delhi,Long,FMCG,14.7,1422.3,41650,2024-03-31,Western Carriers
SHP01507,Mumbai,Delhi,Long,Packaged Foods,16.6,1419.3,48198,2024-03-31,VRL Logistics
SHP01508,Delhi,Kolkata,Long,Electronics,21.1,1508.4,62275,2024-03-31,VRL Logistics
SHP01509,Mumbai,Pune,Short,Electronics,21.3,149.4,9554,2024-04-01,TCI Freight
SHP01510,Mumbai,Pune,Short,Packaged Foods,18.8,148.4,8312,2024-04-01,Om Sai Transport
SHP01511,Delhi,Jaipur,Short,Chemicals,22.0,280.5,18121,2024-04-01,SafeExpress
SHP01512,Delhi,Jaipur,Short,Chemicals,13.1,283.8,10693,2024-04-01,SafeExpress
SHP01513,Chennai,Bangalore,Short,Textiles,24.4,348.6,23081,2024-04-01,Shivam Freight Co
SHP01514,Ahmedabad,Mumbai,Medium,Automobile Parts,10.5,530.4,13477,2024-04-01,Shivam Freight Co
SHP01515,Ahmedabad,Mumbai,Medium,Textiles,11.0,527.5,14194,2024-04-01,Om Sai Transport
SHP01516,Ahmedabad,Mumbai,Medium,Packaged Foods,19.9,527.9,24796,2024-04-01,VRL Logistics
SHP01517,Kolkata,Bhubaneswar,Medium,Packaged Foods,23.6,438.6,25793,2024-04-01,Om Sai Transport
SHP01518,Bangalore,Hyderabad,Medium,Steel Coils,15.8,571.9,22085,2024-04-01,Om Sai Transport
SHP01519,Bangalore,Hyderabad,Medium,Electronics,14.6,573.0,20378,2024-04-01,SafeExpress
SHP01520,Mumbai,Delhi,Long,Electronics,18.8,1423.5,53744,2024-04-01,SafeExpress
SHP01521,Mumbai,Delhi,Long,Packaged Foods,10.1,1418.2,28352,2024-04-01,SafeExpress
SHP01522,Mumbai,Delhi,Long,Chemicals,13.7,1420.8,38819,2024-04-01,SafeExpress
SHP01523,Delhi,Kolkata,Long,Automobile Parts,11.4,1506.3,34462,2024-04-01,VRL Logistics
SHP01524,Delhi,Kolkata,Long,Chemicals,20.7,1511.6,61925,2024-04-01,Om Sai Transport
SHP01525,Delhi,Kolkata,Long,Automobile Parts,12.7,1509.3,38425,2024-04-01,SafeExpress
SHP01526,Mumbai,Pune,Short,Packaged Foods,18.5,147.5,8095,2024-04-02,Om Sai Transport
SHP01527,Mumbai,Pune,Short,Chemicals,12.4,153.1,5742,2024-04-02,VRL Logistics
SHP01528,Mumbai,Pune,Short,Steel Coils,11.0,151.3,5003,2024-04-02,SafeExpress
SHP01529,Delhi,Jaipur,Short,Chemicals,15.5,277.0,12727,2024-04-02,VRL Logistics
SHP01530,Delhi,Jaipur,Short,Packaged Foods,12.5,279.3,10124,2024-04-02,SafeExpress
SHP01531,Delhi,Jaipur,Short,Automobile Parts,19.6,276.2,15996,2024-04-02,SafeExpress
SHP01532,Chennai,Bangalore,Short,Packaged Foods,16.0,352.8,15077,2024-04-02,Western Carriers
SHP01533,Chennai,Bangalore,Short,Automobile Parts,14.9,353.3,14483,2024-04-02,SafeExpress
SHP01534,Ahmedabad,Mumbai,Medium,Automobile Parts,20.7,531.3,26181,2024-04-02,VRL Logistics
SHP01535,Ahmedabad,Mumbai,Medium,Packaged Foods,12.6,532.7,15710,2024-04-02,Om Sai Transport
SHP01536,Ahmedabad,Mumbai,Medium,Packaged Foods,18.0,528.4,22600,2024-04-02,Western Carriers
SHP01537,Kolkata,Bhubaneswar,Medium,Electronics,16.6,438.2,18235,2024-04-02,Shivam Freight Co
SHP01538,Kolkata,Bhubaneswar,Medium,Packaged Foods,18.0,443.1,20208,2024-04-02,Western Carriers
SHP01539,Kolkata,Bhubaneswar,Medium,Packaged Foods,19.6,442.5,22216,2024-04-02,SafeExpress
SHP01540,Bangalore,Hyderabad,Medium,FMCG,10.1,566.4,14038,2024-04-02,Om Sai Transport
SHP01541,Bangalore,Hyderabad,Medium,Packaged Foods,15.6,573.4,21486,2024-04-02,Shivam Freight Co
SHP01542,Mumbai,Delhi,Long,Steel Coils,12.9,1418.7,37594,2024-04-02,Shivam Freight Co
SHP01543,Delhi,Kolkata,Long,Packaged Foods,12.5,1507.3,38224,2024-04-02,VRL Logistics
SHP01544,Delhi,Kolkata,Long,Chemicals,19.4,1508.6,59874,2024-04-02,SafeExpress
SHP01545,Delhi,Kolkata,Long,Textiles,11.8,1513.5,35939,2024-04-02,VRL Logistics
SHP01546,Mumbai,Pune,Short,Steel Coils,10.2,151.2,4484,2024-04-03,Shivam Freight Co
SHP01547,Mumbai,Pune,Short,Packaged Foods,14.2,151.3,6350,2024-04-03,Shivam Freight Co
SHP01548,Delhi,Jaipur,Short,Packaged Foods,19.0,278.4,16274,2024-04-03,Western Carriers
SHP01549,Delhi,Jaipur,Short,Steel Coils,24.9,280.3,21361,2024-04-03,VRL Logistics
SHP01550,Chennai,Bangalore,Short,FMCG,19.5,348.6,19123,2024-04-03,Western Carriers
SHP01551,Chennai,Bangalore,Short,Electronics,12.6,347.1,12488,2024-04-03,VRL Logistics
SHP01552,Chennai,Bangalore,Short,Packaged Foods,20.0,353.8,19649,2024-04-03,TCI Freight
SHP01553,Ahmedabad,Mumbai,Medium,Chemicals,19.6,529.1,25757,2024-04-03,Western Carriers
SHP01554,Ahmedabad,Mumbai,Medium,Packaged Foods,13.5,533.9,18180,2024-04-03,VRL Logistics
SHP01555,Kolkata,Bhubaneswar,Medium,Textiles,19.3,442.1,20624,2024-04-03,SafeExpress
SHP01556,Kolkata,Bhubaneswar,Medium,Packaged Foods,12.3,438.4,13111,2024-04-03,Om Sai Transport
SHP01557,Bangalore,Hyderabad,Medium,Steel Coils,16.7,573.9,23942,2024-04-03,VRL Logistics
SHP01558,Bangalore,Hyderabad,Medium,FMCG,21.8,568.5,29938,2024-04-03,SafeExpress
SHP01559,Bangalore,Hyderabad,Medium,FMCG,14.3,571.2,19719,2024-04-03,Western Carriers
SHP01560,Mumbai,Delhi,Long,Steel Coils,10.8,1417.6,31587,2024-04-03,Western Carriers
SHP01561,Delhi,Kolkata,Long,Automobile Parts,15.7,1510.9,47659,2024-04-03,Western Carriers
SHP01562,Mumbai,Pune,Short,Steel Coils,12.9,146.6,5535,2024-04-04,Om Sai Transport
SHP01563,Mumbai,Pune,Short,FMCG,12.6,147.0,5402,2024-04-04,Om Sai Transport
SHP01564,Delhi,Jaipur,Short,Steel Coils,17.0,279.4,13605,2024-04-04,Om Sai Transport
SHP01565,Chennai,Bangalore,Short,Electronics,14.3,348.0,13595,2024-04-04,Om Sai Transport
SHP01566,Chennai,Bangalore,Short,Textiles,21.7,348.2,20337,2024-04-04,SafeExpress
SHP01567,Chennai,Bangalore,Short,Chemicals,17.1,349.0,16286,2024-04-04,Western Carriers
SHP01568,Ahmedabad,Mumbai,Medium,Automobile Parts,21.9,532.6,27916,2024-04-04,SafeExpress
SHP01569,Kolkata,Bhubaneswar,Medium,Textiles,12.3,440.8,13968,2024-04-04,SafeExpress
SHP01570,Kolkata,Bhubaneswar,Medium,Chemicals,16.8,439.7,18766,2024-04-04,SafeExpress
SHP01571,Bangalore,Hyderabad,Medium,Packaged Foods,12.9,571.7,17532,2024-04-04,Shivam Freight Co
SHP01572,Mumbai,Delhi,Long,Automobile Parts,17.4,1421.8,52698,2024-04-04,Western Carriers
SHP01573,Mumbai,Delhi,Long,Chemicals,17.3,1419.0,51707,2024-04-04,Shivam Freight Co
SHP01574,Mumbai,Delhi,Long,Automobile Parts,10.6,1419.3,32042,2024-04-04,TCI Freight
SHP01575,Delhi,Kolkata,Long,Textiles,21.6,1513.7,64712,2024-04-04,TCI Freight
SHP01576,Delhi,Kolkata,Long,Packaged Foods,19.5,1511.7,57457,2024-04-04,Western Carriers
SHP01577,Mumbai,Pune,Short,FMCG,13.6,151.9,6040,2024-04-05,VRL Logistics
SHP01578,Mumbai,Pune,Short,Electronics,20.1,151.0,9114,2024-04-05,Om Sai Transport
SHP01579,Delhi,Jaipur,Short,Chemicals,12.2,283.6,9959,2024-04-05,Western Carriers
SHP01580,Delhi,Jaipur,Short,Electronics,10.2,282.7,8476,2024-04-05,Western Carriers
SHP01581,Chennai,Bangalore,Short,Steel Coils,24.6,351.6,23971,2024-04-05,SafeExpress
SHP01582,Chennai,Bangalore,Short,Chemicals,16.4,347.3,16178,2024-04-05,TCI Freight
SHP01583,Ahmedabad,Mumbai,Medium,Electronics,21.0,530.7,27843,2024-04-05,Shivam Freight Co
SHP01584,Ahmedabad,Mumbai,Medium,FMCG,18.6,526.9,24528,2024-04-05,Om Sai Transport
SHP01585,Kolkata,Bhubaneswar,Medium,Steel Coils,16.0,443.4,17356,2024-04-05,SafeExpress
SHP01586,Bangalore,Hyderabad,Medium,Textiles,16.3,572.2,21643,2024-04-05,Western Carriers
SHP01587,Mumbai,Delhi,Long,Steel Coils,20.6,1419.0,58955,2024-04-05,TCI Freight
SHP01588,Delhi,Kolkata,Long,Electronics,13.2,1510.5,40460,2024-04-05,Om Sai Transport
SHP01589,Delhi,Kolkata,Long,FMCG,12.9,1512.5,40847,2024-04-05,SafeExpress
SHP01590,Mumbai,Pune,Short,Packaged Foods,19.5,146.9,8419,2024-04-06,SafeExpress
SHP01591,Mumbai,Pune,Short,Steel Coils,11.0,147.0,4743,2024-04-06,SafeExpress
SHP01592,Mumbai,Pune,Short,Textiles,21.4,149.9,9401,2024-04-06,Shivam Freight Co
SHP01593,Delhi,Jaipur,Short,Chemicals,17.8,276.8,14390,2024-04-06,TCI Freight
SHP01594,Chennai,Bangalore,Short,Automobile Parts,17.1,353.5,16997,2024-04-06,VRL Logistics
SHP01595,Chennai,Bangalore,Short,FMCG,23.4,349.0,23576,2024-04-06,Om Sai Transport
SHP01596,Ahmedabad,Mumbai,Medium,FMCG,19.2,529.2,26038,2024-04-06,VRL Logistics
SHP01597,Ahmedabad,Mumbai,Medium,Automobile Parts,10.0,532.5,13590,2024-04-06,Western Carriers
SHP01598,Ahmedabad,Mumbai,Medium,Packaged Foods,23.9,532.7,31410,2024-04-06,TCI Freight
SHP01599,Kolkata,Bhubaneswar,Medium,Electronics,13.7,442.0,14909,2024-04-06,Western Carriers
SHP01600,Kolkata,Bhubaneswar,Medium,Packaged Foods,17.7,443.0,19467,2024-04-06,Western Carriers
SHP01601,Kolkata,Bhubaneswar,Medium,Textiles,22.2,443.7,23830,2024-04-06,Shivam Freight Co
SHP01602,Bangalore,Hyderabad,Medium,Automobile Parts,16.7,568.6,23532,2024-04-06,Western Carriers
SHP01603,Bangalore,Hyderabad,Medium,Automobile Parts,11.2,570.9,15733,2024-04-06,Western Carriers
SHP01604,Bangalore,Hyderabad,Medium,Textiles,23.6,572.9,33676,2024-04-06,TCI Freight
SHP01605,Mumbai,Delhi,Long,Electronics,23.1,1423.0,66907,2024-04-06,TCI Freight
SHP01606,Delhi,Kolkata,Long,Chemicals,14.5,1512.4,42922,2024-04-06,SafeExpress
SHP01607,Delhi,Kolkata,Long,Electronics,16.7,1507.3,48177,2024-04-06,TCI Freight
SHP01608,Mumbai,Pune,Short,Packaged Foods,24.2,147.4,10619,2024-04-07,SafeExpress
SHP01609,Delhi,Jaipur,Short,FMCG,23.9,277.3,20454,2024-04-07,VRL Logistics
SHP01610,Chennai,Bangalore,Short,Electronics,24.3,351.3,23239,2024-04-07,Om Sai Transport
SHP01611,Chennai,Bangalore,Short,FMCG,19.5,353.4,18627,2024-04-07,Western Carriers
SHP01612,Ahmedabad,Mumbai,Medium,Electronics,21.5,533.5,27932,2024-04-07,VRL Logistics
SHP01613,Kolkata,Bhubaneswar,Medium,FMCG,20.9,441.9,23060,2024-04-07,TCI Freight
SHP01614,Kolkata,Bhubaneswar,Medium,Textiles,16.6,443.7,18083,2024-04-07,Shivam Freight Co
SHP01615,Kolkata,Bhubaneswar,Medium,Chemicals,11.7,438.3,12644,2024-04-07,Om Sai Transport
SHP01616,Bangalore,Hyderabad,Medium,Automobile Parts,11.9,570.6,16412,2024-04-07,TCI Freight
SHP01617,Mumbai,Delhi,Long,Automobile Parts,18.0,1416.5,53748,2024-04-07,VRL Logistics
SHP01618,Mumbai,Delhi,Long,Steel Coils,22.0,1422.2,66182,2024-04-07,TCI Freight
SHP01619,Delhi,Kolkata,Long,Automobile Parts,15.9,1507.8,48493,2024-04-07,VRL Logistics
SHP01620,Delhi,Kolkata,Long,Automobile Parts,24.1,1507.2,74350,2024-04-07,Western Carriers
SHP01621,Delhi,Kolkata,Long,Electronics,19.0,1509.6,57108,2024-04-07,Western Carriers
SHP01622,Mumbai,Pune,Short,FMCG,24.9,148.5,10621,2024-04-08,Western Carriers
SHP01623,Mumbai,Pune,Short,Textiles,19.5,150.6,8467,2024-04-08,Western Carriers
SHP01624,Delhi,Jaipur,Short,Steel Coils,15.0,283.8,13079,2024-04-08,Western Carriers
SHP01625,Chennai,Bangalore,Short,Steel Coils,10.8,351.6,10871,2024-04-08,SafeExpress
SHP01626,Ahmedabad,Mumbai,Medium,Packaged Foods,19.9,533.9,26753,2024-04-08,TCI Freight
SHP01627,Ahmedabad,Mumbai,Medium,Textiles,16.3,529.1,21395,2024-04-08,SafeExpress
SHP01628,Kolkata,Bhubaneswar,Medium,Electronics,14.2,441.8,15845,2024-04-08,TCI Freight
SHP01629,Kolkata,Bhubaneswar,Medium,Chemicals,12.0,439.2,13222,2024-04-08,Shivam Freight Co
SHP01630,Kolkata,Bhubaneswar,Medium,Steel Coils,20.6,442.8,22617,2024-04-08,TCI Freight
SHP01631,Bangalore,Hyderabad,Medium,FMCG,23.5,569.9,31078,2024-04-08,Western Carriers
SHP01632,Bangalore,Hyderabad,Medium,FMCG,19.8,567.6,26240,2024-04-08,TCI Freight
SHP01633,Bangalore,Hyderabad,Medium,Automobile Parts,21.8,566.8,29426,2024-04-08,SafeExpress
SHP01634,Mumbai,Delhi,Long,Steel Coils,11.4,1423.4,34261,2024-04-08,Shivam Freight Co
SHP01635,Delhi,Kolkata,Long,Electronics,18.9,1511.2,56861,2024-04-08,Western Carriers
SHP01636,Delhi,Kolkata,Long,Automobile Parts,10.5,1509.2,30645,2024-04-08,VRL Logistics
SHP01637,Delhi,Kolkata,Long,Automobile Parts,24.3,1511.5,72211,2024-04-08,Western Carriers
SHP01638,Mumbai,Pune,Short,Electronics,21.7,151.3,10288,2024-04-09,SafeExpress
SHP01639,Mumbai,Pune,Short,Packaged Foods,19.8,148.2,9014,2024-04-09,Shivam Freight Co
SHP01640,Mumbai,Pune,Short,Chemicals,17.3,146.7,7891,2024-04-09,Om Sai Transport
SHP01641,Delhi,Jaipur,Short,Packaged Foods,17.2,283.9,14101,2024-04-09,TCI Freight
SHP01642,Delhi,Jaipur,Short,Automobile Parts,17.3,277.4,13831,2024-04-09,VRL Logistics
SHP01643,Delhi,Jaipur,Short,FMCG,11.5,280.6,9085,2024-04-09,TCI Freight
SHP01644,Chennai,Bangalore,Short,FMCG,18.3,346.2,17118,2024-04-09,TCI Freight
SHP01645,Chennai,Bangalore,Short,Electronics,17.8,349.9,16861,2024-04-09,Western Carriers
SHP01646,Chennai,Bangalore,Short,Packaged Foods,21.3,347.0,20313,2024-04-09,Om Sai Transport
SHP01647,Ahmedabad,Mumbai,Medium,Packaged Foods,18.3,527.4,24450,2024-04-09,Shivam Freight Co
SHP01648,Ahmedabad,Mumbai,Medium,Chemicals,13.1,527.0,17047,2024-04-09,VRL Logistics
SHP01649,Ahmedabad,Mumbai,Medium,Chemicals,10.5,532.8,14273,2024-04-09,VRL Logistics
SHP01650,Kolkata,Bhubaneswar,Medium,Steel Coils,24.7,437.4,26958,2024-04-09,VRL Logistics
SHP01651,Kolkata,Bhubaneswar,Medium,Textiles,24.2,436.4,26610,2024-04-09,Western Carriers
SHP01652,Kolkata,Bhubaneswar,Medium,Textiles,12.1,440.3,13205,2024-04-09,TCI Freight
SHP01653,Bangalore,Hyderabad,Medium,Electronics,17.7,570.8,25032,2024-04-09,Shivam Freight Co
SHP01654,Bangalore,Hyderabad,Medium,FMCG,12.8,567.9,17733,2024-04-09,Om Sai Transport
SHP01655,Mumbai,Delhi,Long,Electronics,18.9,1420.4,56040,2024-04-09,TCI Freight
SHP01656,Mumbai,Delhi,Long,Electronics,18.2,1419.4,53890,2024-04-09,Om Sai Transport
SHP01657,Mumbai,Delhi,Long,Automobile Parts,11.2,1419.2,33150,2024-04-09,Western Carriers
SHP01658,Delhi,Kolkata,Long,Electronics,21.0,1506.6,63150,2024-04-09,Western Carriers
SHP01659,Mumbai,Pune,Short,Steel Coils,19.7,150.5,8735,2024-04-10,SafeExpress
SHP01660,Mumbai,Pune,Short,Automobile Parts,14.7,152.6,6682,2024-04-10,Shivam Freight Co
SHP01661,Delhi,Jaipur,Short,Chemicals,11.9,276.6,9825,2024-04-10,SafeExpress
SHP01662,Chennai,Bangalore,Short,Steel Coils,23.6,346.7,22159,2024-04-10,Om Sai Transport
SHP01663,Chennai,Bangalore,Short,Steel Coils,11.5,348.2,10931,2024-04-10,SafeExpress
SHP01664,Chennai,Bangalore,Short,Chemicals,21.7,353.6,20242,2024-04-10,Western Carriers
SHP01665,Ahmedabad,Mumbai,Medium,Electronics,17.3,532.6,23110,2024-04-10,TCI Freight
SHP01666,Ahmedabad,Mumbai,Medium,Packaged Foods,18.3,532.9,24536,2024-04-10,Om Sai Transport
SHP01667,Ahmedabad,Mumbai,Medium,FMCG,21.3,528.5,27841,2024-04-10,Western Carriers
SHP01668,Kolkata,Bhubaneswar,Medium,Chemicals,23.2,440.4,25715,2024-04-10,Om Sai Transport
SHP01669,Kolkata,Bhubaneswar,Medium,Electronics,20.3,438.1,22662,2024-04-10,Om Sai Transport
SHP01670,Kolkata,Bhubaneswar,Medium,Electronics,18.5,437.1,20241,2024-04-10,Western Carriers
SHP01671,Bangalore,Hyderabad,Medium,Automobile Parts,20.2,572.2,28437,2024-04-10,Om Sai Transport
SHP01672,Bangalore,Hyderabad,Medium,Textiles,15.3,569.5,21480,2024-04-10,VRL Logistics
SHP01673,Bangalore,Hyderabad,Medium,FMCG,17.8,573.6,25422,2024-04-10,Om Sai Transport
SHP01674,Mumbai,Delhi,Long,Packaged Foods,16.1,1423.6,46089,2024-04-10,Western Carriers
SHP01675,Delhi,Kolkata,Long,Packaged Foods,11.4,1507.9,33614,2024-04-10,Western Carriers
SHP01676,Delhi,Kolkata,Long,Packaged Foods,23.9,1508.3,71144,2024-04-10,SafeExpress
SHP01677,Delhi,Kolkata,Long,Automobile Parts,24.0,1511.4,69688,2024-04-10,TCI Freight
SHP01678,Mumbai,Pune,Short,Chemicals,20.5,153.1,9484,2024-04-11,Om Sai Transport
SHP01679,Mumbai,Pune,Short,Electronics,21.2,153.3,9943,2024-04-11,TCI Freight
SHP01680,Mumbai,Pune,Short,FMCG,13.7,152.0,6377,2024-04-11,TCI Freight
SHP01681,Delhi,Jaipur,Short,FMCG,24.5,280.9,20670,2024-04-11,TCI Freight
SHP01682,Chennai,Bangalore,Short,Packaged Foods,22.6,346.6,22075,2024-04-11,SafeExpress
SHP01683,Ahmedabad,Mumbai,Medium,Steel Coils,11.7,529.0,15411,2024-04-11,TCI Freight
SHP01684,Kolkata,Bhubaneswar,Medium,Packaged Foods,17.2,438.3,19062,2024-04-11,Western Carriers
SHP01685,Bangalore,Hyderabad,Medium,Electronics,14.6,567.7,20396,2024-04-11,TCI Freight
SHP01686,Bangalore,Hyderabad,Medium,Chemicals,10.5,572.6,14522,2024-04-11,SafeExpress
SHP01687,Mumbai,Delhi,Long,Packaged Foods,14.9,1420.9,42002,2024-04-11,VRL Logistics
SHP01688,Delhi,Kolkata,Long,Steel Coils,10.1,1509.2,31113,2024-04-11,Shivam Freight Co
SHP01689,Mumbai,Pune,Short,FMCG,23.7,149.3,10424,2024-04-12,Western Carriers
SHP01690,Delhi,Jaipur,Short,Steel Coils,14.5,279.2,11730,2024-04-12,TCI Freight
SHP01691,Delhi,Jaipur,Short,FMCG,11.6,282.5,9499,2024-04-12,SafeExpress
SHP01692,Chennai,Bangalore,Short,Electronics,10.1,352.0,9725,2024-04-12,Om Sai Transport
SHP01693,Chennai,Bangalore,Short,Automobile Parts,14.3,346.9,13169,2024-04-12,Western Carriers
SHP01694,Ahmedabad,Mumbai,Medium,Electronics,13.0,527.3,16611,2024-04-12,VRL Logistics
SHP01695,Kolkata,Bhubaneswar,Medium,Textiles,22.0,440.4,23871,2024-04-12,SafeExpress
SHP01696,Kolkata,Bhubaneswar,Medium,Automobile Parts,23.9,440.0,26041,2024-04-12,Om Sai Transport
SHP01697,Bangalore,Hyderabad,Medium,Packaged Foods,11.9,572.3,15863,2024-04-12,Western Carriers
SHP01698,Mumbai,Delhi,Long,Packaged Foods,16.4,1422.6,47254,2024-04-12,SafeExpress
SHP01699,Mumbai,Delhi,Long,Automobile Parts,14.2,1419.8,39998,2024-04-12,Om Sai Transport
SHP01700,Mumbai,Delhi,Long,Textiles,20.9,1420.9,59166,2024-04-12,Shivam Freight Co
SHP01701,Delhi,Kolkata,Long,Electronics,22.3,1508.0,67897,2024-04-12,Shivam Freight Co
SHP01702,Delhi,Kolkata,Long,FMCG,17.5,1511.6,53373,2024-04-12,TCI Freight
SHP01703,Delhi,Kolkata,Long,Automobile Parts,12.2,1511.0,37102,2024-04-12,Shivam Freight Co
SHP01704,Mumbai,Pune,Short,Packaged Foods,16.4,153.4,7480,2024-04-13,Shivam Freight Co
SHP01705,Delhi,Jaipur,Short,Textiles,19.5,278.5,15735,2024-04-13,SafeExpress
SHP01706,Delhi,Jaipur,Short,Textiles,17.6,279.8,14506,2024-04-13,Shivam Freight Co
SHP01707,Delhi,Jaipur,Short,Automobile Parts,14.2,278.2,11501,2024-04-13,Om Sai Transport
SHP01708,Chennai,Bangalore,Short,Textiles,10.0,347.5,9514,2024-04-13,Om Sai Transport
SHP01709,Ahmedabad,Mumbai,Medium,Automobile Parts,11.5,533.3,14645,2024-04-13,VRL Logistics
SHP01710,Ahmedabad,Mumbai,Medium,Electronics,11.7,528.7,15061,2024-04-13,TCI Freight
SHP01711,Kolkata,Bhubaneswar,Medium,FMCG,21.1,438.6,23381,2024-04-13,TCI Freight
SHP01712,Bangalore,Hyderabad,Medium,Packaged Foods,14.1,567.9,19316,2024-04-13,Shivam Freight Co
SHP01713,Bangalore,Hyderabad,Medium,Chemicals,21.1,567.0,28326,2024-04-13,Western Carriers
SHP01714,Mumbai,Delhi,Long,Chemicals,23.9,1421.6,69771,2024-04-13,TCI Freight
SHP01715,Delhi,Kolkata,Long,Steel Coils,21.4,1509.8,64096,2024-04-13,Shivam Freight Co
SHP01716,Delhi,Kolkata,Long,FMCG,16.3,1507.0,49077,2024-04-13,TCI Freight
SHP01717,Delhi,Kolkata,Long,Electronics,23.4,1513.8,70033,2024-04-13,Shivam Freight Co
SHP01718,Mumbai,Pune,Short,FMCG,17.9,149.9,8397,2024-04-14,Shivam Freight Co
SHP01719,Delhi,Jaipur,Short,Chemicals,11.9,281.6,9512,2024-04-14,Shivam Freight Co
SHP01720,Delhi,Jaipur,Short,Automobile Parts,20.4,282.4,16816,2024-04-14,SafeExpress
SHP01721,Chennai,Bangalore,Short,Automobile Parts,12.5,353.8,12420,2024-04-14,TCI Freight
SHP01722,Chennai,Bangalore,Short,Steel Coils,16.0,352.2,15525,2024-04-14,Shivam Freight Co
SHP01723,Chennai,Bangalore,Short,FMCG,13.3,347.3,12944,2024-04-14,TCI Freight
SHP01724,Ahmedabad,Mumbai,Medium,Textiles,13.9,531.8,18317,2024-04-14,Western Carriers
SHP01725,Ahmedabad,Mumbai,Medium,Chemicals,11.8,528.1,15058,2024-04-14,Om Sai Transport
SHP01726,Ahmedabad,Mumbai,Medium,Textiles,19.6,528.3,25749,2024-04-14,Om Sai Transport
SHP01727,Kolkata,Bhubaneswar,Medium,Chemicals,13.7,441.1,15092,2024-04-14,Shivam Freight Co
SHP01728,Bangalore,Hyderabad,Medium,Electronics,24.6,571.1,32480,2024-04-14,TCI Freight
SHP01729,Bangalore,Hyderabad,Medium,Textiles,12.0,568.1,16125,2024-04-14,VRL Logistics
SHP01730,Mumbai,Delhi,Long,Textiles,22.4,1422.5,66468,2024-04-14,Om Sai Transport
SHP01731,Mumbai,Delhi,Long,FMCG,10.2,1418.0,30706,2024-04-14,TCI Freight
SHP01732,Mumbai,Delhi,Long,Electronics,21.2,1416.9,63072,2024-04-14,VRL Logistics
SHP01733,Delhi,Kolkata,Long,Textiles,13.1,1510.8,40368,2024-04-14,VRL Logistics
SHP01734,Delhi,Kolkata,Long,Automobile Parts,19.4,1507.6,60650,2024-04-14,Om Sai Transport
SHP01735,Delhi,Kolkata,Long,Steel Coils,20.9,1509.6,64332,2024-04-14,SafeExpress
SHP01736,Mumbai,Pune,Short,Chemicals,22.2,149.7,9601,2024-04-15,SafeExpress
SHP01737,Delhi,Jaipur,Short,Steel Coils,10.3,281.2,8653,2024-04-15,SafeExpress
SHP01738,Chennai,Bangalore,Short,Electronics,11.1,346.6,10590,2024-04-15,SafeExpress
SHP01739,Ahmedabad,Mumbai,Medium,Packaged Foods,21.3,527.1,26323,2024-04-15,SafeExpress
SHP01740,Ahmedabad,Mumbai,Medium,FMCG,11.7,529.1,14515,2024-04-15,Western Carriers
SHP01741,Ahmedabad,Mumbai,Medium,Textiles,12.0,533.5,15474,2024-04-15,Om Sai Transport
SHP01742,Kolkata,Bhubaneswar,Medium,Packaged Foods,24.5,436.1,27916,2024-04-15,TCI Freight
SHP01743,Kolkata,Bhubaneswar,Medium,Steel Coils,15.1,441.9,17263,2024-04-15,Om Sai Transport
SHP01744,Kolkata,Bhubaneswar,Medium,Steel Coils,18.4,439.8,20717,2024-04-15,VRL Logistics
SHP01745,Bangalore,Hyderabad,Medium,Chemicals,18.2,568.0,24331,2024-04-15,Shivam Freight Co
SHP01746,Mumbai,Delhi,Long,FMCG,14.5,1416.8,40923,2024-04-15,SafeExpress
SHP01747,Delhi,Kolkata,Long,Electronics,16.4,1506.2,47660,2024-04-15,VRL Logistics
SHP01748,Mumbai,Pune,Short,Packaged Foods,23.3,149.1,10383,2024-04-16,SafeExpress
SHP01749,Mumbai,Pune,Short,Textiles,11.7,147.4,5008,2024-04-16,VRL Logistics
SHP01750,Mumbai,Pune,Short,Packaged Foods,15.0,146.6,6452,2024-04-16,Shivam Freight Co
SHP01751,Delhi,Jaipur,Short,Automobile Parts,15.0,279.4,12282,2024-04-16,Om Sai Transport
SHP01752,Chennai,Bangalore,Short,Packaged Foods,22.3,348.4,21737,2024-04-16,VRL Logistics
SHP01753,Chennai,Bangalore,Short,FMCG,19.9,353.3,20133,2024-04-16,Western Carriers
SHP01754,Chennai,Bangalore,Short,Steel Coils,21.8,352.4,21938,2024-04-16,Western Carriers
SHP01755,Ahmedabad,Mumbai,Medium,Automobile Parts,20.8,529.1,26693,2024-04-16,Shivam Freight Co
SHP01756,Kolkata,Bhubaneswar,Medium,Steel Coils,14.2,443.7,15134,2024-04-16,Om Sai Transport
SHP01757,Kolkata,Bhubaneswar,Medium,Automobile Parts,15.3,442.1,16514,2024-04-16,Western Carriers
SHP01758,Bangalore,Hyderabad,Medium,Electronics,15.0,572.3,21443,2024-04-16,Om Sai Transport
SHP01759,Bangalore,Hyderabad,Medium,Automobile Parts,18.2,569.1,25603,2024-04-16,TCI Freight
SHP01760,Bangalore,Hyderabad,Medium,Electronics,13.5,570.3,18685,2024-04-16,SafeExpress
SHP01761,Mumbai,Delhi,Long,Textiles,13.3,1422.5,38206,2024-04-16,Shivam Freight Co
SHP01762,Mumbai,Delhi,Long,Automobile Parts,22.8,1417.6,66000,2024-04-16,Om Sai Transport
SHP01763,Mumbai,Delhi,Long,FMCG,10.9,1423.4,31665,2024-04-16,Om Sai Transport
SHP01764,Delhi,Kolkata,Long,Automobile Parts,18.3,1512.7,55626,2024-04-16,Om Sai Transport
SHP01765,Mumbai,Pune,Short,Electronics,12.1,146.4,5319,2024-04-17,Om Sai Transport
SHP01766,Delhi,Jaipur,Short,Packaged Foods,16.4,281.6,13282,2024-04-17,Western Carriers
SHP01767,Chennai,Bangalore,Short,Textiles,23.1,352.7,22092,2024-04-17,Om Sai Transport
SHP01768,Chennai,Bangalore,Short,FMCG,11.2,346.6,10757,2024-04-17,SafeExpress
SHP01769,Ahmedabad,Mumbai,Medium,Textiles,12.1,529.8,15393,2024-04-17,SafeExpress
SHP01770,Kolkata,Bhubaneswar,Medium,Packaged Foods,19.7,439.6,21116,2024-04-17,Om Sai Transport
SHP01771,Kolkata,Bhubaneswar,Medium,Steel Coils,19.6,436.5,21364,2024-04-17,TCI Freight
SHP01772,Bangalore,Hyderabad,Medium,Chemicals,20.2,572.7,27608,2024-04-17,Western Carriers
SHP01773,Bangalore,Hyderabad,Medium,Electronics,23.8,572.6,32043,2024-04-17,Om Sai Transport
SHP01774,Mumbai,Delhi,Long,Steel Coils,11.4,1418.2,32830,2024-04-17,Western Carriers
SHP01775,Delhi,Kolkata,Long,Chemicals,15.9,1506.4,47683,2024-04-17,TCI Freight
SHP01776,Delhi,Kolkata,Long,Textiles,22.2,1512.7,65919,2024-04-17,Western Carriers
SHP01777,Delhi,Kolkata,Long,FMCG,22.4,1511.1,65635,2024-04-17,VRL Logistics
SHP01778,Mumbai,Pune,Short,FMCG,11.6,148.2,5174,2024-04-18,VRL Logistics
SHP01779,Delhi,Jaipur,Short,Packaged Foods,11.6,277.3,9114,2024-04-18,VRL Logistics
SHP01780,Delhi,Jaipur,Short,Steel Coils,13.0,277.5,10518,2024-04-18,VRL Logistics
SHP01781,Chennai,Bangalore,Short,Packaged Foods,18.5,350.5,17590,2024-04-18,Shivam Freight Co
SHP01782,Chennai,Bangalore,Short,Textiles,24.2,348.5,22171,2024-04-18,VRL Logistics
SHP01783,Chennai,Bangalore,Short,Automobile Parts,17.5,353.7,16475,2024-04-18,Western Carriers
SHP01784,Ahmedabad,Mumbai,Medium,Electronics,11.5,531.6,14793,2024-04-18,TCI Freight
SHP01785,Kolkata,Bhubaneswar,Medium,FMCG,21.9,436.2,23289,2024-04-18,Shivam Freight Co
SHP01786,Bangalore,Hyderabad,Medium,Electronics,11.2,571.5,15245,2024-04-18,Om Sai Transport
SHP01787,Mumbai,Delhi,Long,Chemicals,21.5,1421.2,63215,2024-04-18,TCI Freight
SHP01788,Mumbai,Delhi,Long,FMCG,19.1,1423.9,57092,2024-04-18,VRL Logistics
SHP01789,Mumbai,Delhi,Long,Chemicals,12.0,1419.6,35429,2024-04-18,SafeExpress
SHP01790,Delhi,Kolkata,Long,Chemicals,15.8,1512.2,45925,2024-04-18,TCI Freight
SHP01791,Delhi,Kolkata,Long,Automobile Parts,12.3,1506.6,36224,2024-04-18,Shivam Freight Co
SHP01792,Delhi,Kolkata,Long,Chemicals,12.1,1512.4,36117,2024-04-18,Shivam Freight Co
SHP01793,Mumbai,Pune,Short,Textiles,24.0,148.5,10547,2024-04-19,TCI Freight
SHP01794,Mumbai,Pune,Short,FMCG,11.3,148.9,4983,2024-04-19,SafeExpress
SHP01795,Delhi,Jaipur,Short,Steel Coils,21.4,283.8,17615,2024-04-19,Shivam Freight Co
SHP01796,Delhi,Jaipur,Short,Textiles,17.3,283.8,14195,2024-04-19,SafeExpress
SHP01797,Chennai,Bangalore,Short,FMCG,11.9,353.3,11437,2024-04-19,TCI Freight
SHP01798,Chennai,Bangalore,Short,Chemicals,15.6,353.6,15197,2024-04-19,SafeExpress
SHP01799,Chennai,Bangalore,Short,Chemicals,23.1,348.1,22153,2024-04-19,Western Carriers
SHP01800,Ahmedabad,Mumbai,Medium,Packaged Foods,18.4,531.6,23005,2024-04-19,VRL Logistics
SHP01801,Kolkata,Bhubaneswar,Medium,Automobile Parts,11.1,439.2,12043,2024-04-19,Western Carriers
SHP01802,Kolkata,Bhubaneswar,Medium,FMCG,17.0,436.7,18526,2024-04-19,SafeExpress
SHP01803,Kolkata,Bhubaneswar,Medium,Automobile Parts,12.7,436.9,13553,2024-04-19,SafeExpress
SHP01804,Bangalore,Hyderabad,Medium,Steel Coils,15.1,566.5,20244,2024-04-19,Western Carriers
SHP01805,Bangalore,Hyderabad,Medium,Chemicals,11.7,571.9,15741,2024-04-19,Om Sai Transport
SHP01806,Mumbai,Delhi,Long,Chemicals,14.8,1421.1,43446,2024-04-19,SafeExpress
SHP01807,Delhi,Kolkata,Long,Steel Coils,24.7,1512.3,71912,2024-04-19,Shivam Freight Co
SHP01808,Delhi,Kolkata,Long,Electronics,20.3,1513.6,59288,2024-04-19,Om Sai Transport
SHP01809,Mumbai,Pune,Short,Automobile Parts,11.2,148.2,4928,2024-04-20,SafeExpress
SHP01810,Delhi,Jaipur,Short,Automobile Parts,12.8,283.1,10515,2024-04-20,VRL Logistics
SHP01811,Delhi,Jaipur,Short,Automobile Parts,14.5,283.7,12007,2024-04-20,SafeExpress
SHP01812,Delhi,Jaipur,Short,Electronics,20.3,279.8,16553,2024-04-20,SafeExpress
SHP01813,Chennai,Bangalore,Short,Chemicals,22.3,350.6,21365,2024-04-20,Om Sai Transport
SHP01814,Chennai,Bangalore,Short,Textiles,20.0,346.6,18985,2024-04-20,Western Carriers
SHP01815,Chennai,Bangalore,Short,Electronics,24.1,353.9,23476,2024-04-20,Western Carriers
SHP01816,Ahmedabad,Mumbai,Medium,Textiles,24.0,533.2,31006,2024-04-20,Shivam Freight Co
SHP01817,Kolkata,Bhubaneswar,Medium,Automobile Parts,17.8,439.3,19496,2024-04-20,Om Sai Transport
SHP01818,Kolkata,Bhubaneswar,Medium,Packaged Foods,19.6,441.1,22062,2024-04-20,Om Sai Transport
SHP01819,Kolkata,Bhubaneswar,Medium,FMCG,12.8,442.0,14505,2024-04-20,Om Sai Transport
SHP01820,Bangalore,Hyderabad,Medium,Chemicals,24.3,568.8,34003,2024-04-20,Shivam Freight Co
SHP01821,Mumbai,Delhi,Long,FMCG,23.4,1416.1,67407,2024-04-20,Shivam Freight Co
SHP01822,Mumbai,Delhi,Long,Automobile Parts,19.7,1421.6,56864,2024-04-20,VRL Logistics
SHP01823,Delhi,Kolkata,Long,Steel Coils,24.6,1509.4,73121,2024-04-20,SafeExpress
SHP01824,Delhi,Kolkata,Long,Chemicals,12.7,1509.4,38143,2024-04-20,SafeExpress
SHP01825,Delhi,Kolkata,Long,Automobile Parts,22.7,1509.1,68418,2024-04-20,Western Carriers
SHP01826,Mumbai,Pune,Short,Packaged Foods,23.6,153.5,10555,2024-04-21,Shivam Freight Co
SHP01827,Mumbai,Pune,Short,Packaged Foods,10.2,146.7,4507,2024-04-21,SafeExpress
SHP01828,Mumbai,Pune,Short,Electronics,19.4,152.0,8747,2024-04-21,SafeExpress
SHP01829,Delhi,Jaipur,Short,FMCG,22.8,281.3,18706,2024-04-21,SafeExpress
SHP01830,Chennai,Bangalore,Short,FMCG,17.0,347.6,16056,2024-04-21,SafeExpress
SHP01831,Ahmedabad,Mumbai,Medium,Textiles,21.1,531.6,26799,2024-04-21,Om Sai Transport
SHP01832,Ahmedabad,Mumbai,Medium,Textiles,14.0,530.1,18202,2024-04-21,SafeExpress
SHP01833,Ahmedabad,Mumbai,Medium,Packaged Foods,10.1,531.4,13295,2024-04-21,Shivam Freight Co
SHP01834,Kolkata,Bhubaneswar,Medium,Textiles,17.8,442.7,19325,2024-04-21,VRL Logistics
SHP01835,Kolkata,Bhubaneswar,Medium,Chemicals,18.6,437.4,19706,2024-04-21,SafeExpress
SHP01836,Bangalore,Hyderabad,Medium,Automobile Parts,10.8,569.1,14729,2024-04-21,Om Sai Transport
SHP01837,Bangalore,Hyderabad,Medium,Automobile Parts,15.9,573.5,21677,2024-04-21,VRL Logistics
SHP01838,Bangalore,Hyderabad,Medium,FMCG,16.6,570.1,21937,2024-04-21,Om Sai Transport
SHP01839,Mumbai,Delhi,Long,Textiles,15.9,1420.6,46802,2024-04-21,TCI Freight
SHP01840,Mumbai,Delhi,Long,Packaged Foods,14.8,1417.3,42312,2024-04-21,SafeExpress
SHP01841,Mumbai,Delhi,Long,Chemicals,21.6,1416.1,61850,2024-04-21,Western Carriers
SHP01842,Delhi,Kolkata,Long,Automobile Parts,10.4,1510.6,31798,2024-04-21,Western Carriers
SHP01843,Mumbai,Pune,Short,Steel Coils,19.8,147.5,8732,2024-04-22,TCI Freight
SHP01844,Mumbai,Pune,Short,Automobile Parts,20.9,152.7,9768,2024-04-22,VRL Logistics
SHP01845,Delhi,Jaipur,Short,Chemicals,12.2,276.7,9862,2024-04-22,Shivam Freight Co
SHP01846,Delhi,Jaipur,Short,Steel Coils,23.9,276.9,19412,2024-04-22,VRL Logistics
SHP01847,Chennai,Bangalore,Short,FMCG,17.4,346.7,16262,2024-04-22,Om Sai Transport
SHP01848,Ahmedabad,Mumbai,Medium,Electronics,16.2,532.4,20981,2024-04-22,Shivam Freight Co
SHP01849,Ahmedabad,Mumbai,Medium,Electronics,16.3,527.7,21262,2024-04-22,SafeExpress
SHP01850,Kolkata,Bhubaneswar,Medium,Electronics,23.6,438.4,26513,2024-04-22,TCI Freight
SHP01851,Bangalore,Hyderabad,Medium,Chemicals,24.9,573.8,34998,2024-04-22,TCI Freight
SHP01852,Mumbai,Delhi,Long,Chemicals,13.8,1420.2,39680,2024-04-22,Shivam Freight Co
SHP01853,Delhi,Kolkata,Long,Packaged Foods,12.3,1510.1,37775,2024-04-22,Om Sai Transport
SHP01854,Delhi,Kolkata,Long,Electronics,12.1,1506.2,35920,2024-04-22,Om Sai Transport
SHP01855,Delhi,Kolkata,Long,Textiles,17.2,1508.1,52933,2024-04-22,Western Carriers
SHP01856,Mumbai,Pune,Short,Automobile Parts,22.1,149.7,9930,2024-04-23,Om Sai Transport
SHP01857,Mumbai,Pune,Short,Electronics,13.0,148.0,5870,2024-04-23,VRL Logistics
SHP01858,Delhi,Jaipur,Short,FMCG,21.5,280.7,18159,2024-04-23,Om Sai Transport
SHP01859,Chennai,Bangalore,Short,Textiles,16.7,349.5,16551,2024-04-23,VRL Logistics
SHP01860,Chennai,Bangalore,Short,Chemicals,19.1,351.0,18885,2024-04-23,VRL Logistics
SHP01861,Ahmedabad,Mumbai,Medium,Chemicals,16.7,532.6,21963,2024-04-23,VRL Logistics
SHP01862,Ahmedabad,Mumbai,Medium,Electronics,14.4,530.7,18824,2024-04-23,TCI Freight
SHP01863,Ahmedabad,Mumbai,Medium,Textiles,10.4,528.8,13201,2024-04-23,SafeExpress
SHP01864,Kolkata,Bhubaneswar,Medium,Steel Coils,13.2,438.0,14631,2024-04-23,VRL Logistics
SHP01865,Kolkata,Bhubaneswar,Medium,Textiles,14.8,437.0,16129,2024-04-23,Om Sai Transport
SHP01866,Bangalore,Hyderabad,Medium,Chemicals,18.4,573.2,25144,2024-04-23,Om Sai Transport
SHP01867,Bangalore,Hyderabad,Medium,Chemicals,11.5,570.2,15565,2024-04-23,Western Carriers
SHP01868,Mumbai,Delhi,Long,Textiles,21.3,1419.4,59957,2024-04-23,Om Sai Transport
SHP01869,Mumbai,Delhi,Long,Textiles,22.0,1417.6,62299,2024-04-23,SafeExpress
SHP01870,Mumbai,Delhi,Long,Chemicals,16.8,1417.0,47749,2024-04-23,SafeExpress
SHP01871,Delhi,Kolkata,Long,Packaged Foods,19.7,1508.3,59320,2024-04-23,SafeExpress
SHP01872,Mumbai,Pune,Short,Textiles,18.0,146.3,7807,2024-04-24,Western Carriers
SHP01873,Mumbai,Pune,Short,Automobile Parts,17.0,146.1,7452,2024-04-24,Western Carriers
SHP01874,Delhi,Jaipur,Short,Textiles,16.0,282.0,13181,2024-04-24,SafeExpress
SHP01875,Delhi,Jaipur,Short,Automobile Parts,15.9,280.9,13121,2024-04-24,SafeExpress
SHP01876,Chennai,Bangalore,Short,Steel Coils,24.1,352.7,23485,2024-04-24,Shivam Freight Co
SHP01877,Ahmedabad,Mumbai,Medium,Automobile Parts,14.8,526.8,19621,2024-04-24,Om Sai Transport
SHP01878,Kolkata,Bhubaneswar,Medium,Chemicals,22.2,441.8,24339,2024-04-24,Shivam Freight Co
SHP01879,Bangalore,Hyderabad,Medium,Textiles,21.8,568.1,30022,2024-04-24,Shivam Freight Co
SHP01880,Mumbai,Delhi,Long,Steel Coils,22.2,1420.9,63162,2024-04-24,Om Sai Transport
SHP01881,Mumbai,Delhi,Long,Steel Coils,11.8,1420.7,33635,2024-04-24,TCI Freight
SHP01882,Mumbai,Delhi,Long,Automobile Parts,24.5,1423.1,70218,2024-04-24,Western Carriers
SHP01883,Delhi,Kolkata,Long,Textiles,17.2,1507.9,50676,2024-04-24,VRL Logistics
SHP01884,Delhi,Kolkata,Long,FMCG,17.2,1512.2,50011,2024-04-24,VRL Logistics
SHP01885,Delhi,Kolkata,Long,Steel Coils,15.3,1511.7,45817,2024-04-24,Western Carriers
SHP01886,Mumbai,Pune,Short,Steel Coils,11.1,151.6,5092,2024-04-25,Shivam Freight Co
SHP01887,Delhi,Jaipur,Short,Steel Coils,12.8,282.5,10606,2024-04-25,TCI Freight
SHP01888,Delhi,Jaipur,Short,Textiles,17.7,282.1,14769,2024-04-25,Western Carriers
SHP01889,Chennai,Bangalore,Short,Textiles,11.6,352.8,11057,2024-04-25,SafeExpress
SHP01890,Ahmedabad,Mumbai,Medium,Textiles,21.7,530.1,28624,2024-04-25,SafeExpress
SHP01891,Ahmedabad,Mumbai,Medium,Electronics,14.6,527.3,19686,2024-04-25,Shivam Freight Co
SHP01892,Ahmedabad,Mumbai,Medium,Steel Coils,23.1,527.2,30988,2024-04-25,Shivam Freight Co
SHP01893,Kolkata,Bhubaneswar,Medium,Textiles,17.1,438.1,19195,2024-04-25,VRL Logistics
SHP01894,Bangalore,Hyderabad,Medium,Chemicals,16.5,566.7,21621,2024-04-25,SafeExpress
SHP01895,Bangalore,Hyderabad,Medium,Packaged Foods,10.8,570.1,14307,2024-04-25,Shivam Freight Co
SHP01896,Bangalore,Hyderabad,Medium,Textiles,21.0,571.2,28042,2024-04-25,Om Sai Transport
SHP01897,Mumbai,Delhi,Long,Packaged Foods,19.1,1418.2,55247,2024-04-25,Western Carriers
SHP01898,Mumbai,Delhi,Long,Packaged Foods,13.7,1416.4,38932,2024-04-25,Shivam Freight Co
SHP01899,Mumbai,Delhi,Long,Chemicals,18.6,1423.2,53386,2024-04-25,Shivam Freight Co
SHP01900,Delhi,Kolkata,Long,Steel Coils,16.1,1511.6,47812,2024-04-25,Western Carriers
SHP01901,Delhi,Kolkata,Long,Steel Coils,20.4,1512.6,60871,2024-04-25,Om Sai Transport
SHP01902,Delhi,Kolkata,Long,Electronics,14.3,1508.8,42734,2024-04-25,Shivam Freight Co
SHP01903,Mumbai,Pune,Short,FMCG,19.3,153.3,8743,2024-04-26,Western Carriers
SHP01904,Mumbai,Pune,Short,Steel Coils,14.7,147.9,6254,2024-04-26,VRL Logistics
SHP01905,Mumbai,Pune,Short,Automobile Parts,12.1,153.2,5320,2024-04-26,SafeExpress
SHP01906,Delhi,Jaipur,Short,FMCG,23.2,283.8,18977,2024-04-26,Shivam Freight Co
SHP01907,Chennai,Bangalore,Short,Packaged Foods,17.3,350.7,16609,2024-04-26,Shivam Freight Co
SHP01908,Chennai,Bangalore,Short,FMCG,18.5,352.6,18394,2024-04-26,Om Sai Transport
SHP01909,Ahmedabad,Mumbai,Medium,FMCG,21.6,532.0,27745,2024-04-26,Western Carriers
SHP01910,Kolkata,Bhubaneswar,Medium,Automobile Parts,24.8,441.9,26864,2024-04-26,VRL Logistics
SHP01911,Kolkata,Bhubaneswar,Medium,Electronics,10.2,438.9,11016,2024-04-26,VRL Logistics
SHP01912,Bangalore,Hyderabad,Medium,Packaged Foods,23.5,572.9,33197,2024-04-26,VRL Logistics
SHP01913,Bangalore,Hyderabad,Medium,Automobile Parts,20.9,571.5,28777,2024-04-26,Om Sai Transport
SHP01914,Bangalore,Hyderabad,Medium,Steel Coils,12.1,571.3,16979,2024-04-26,TCI Freight
SHP01915,Mumbai,Delhi,Long,Automobile Parts,21.2,1418.9,61791,2024-04-26,Western Carriers
SHP01916,Mumbai,Delhi,Long,Chemicals,14.1,1416.9,41759,2024-04-26,SafeExpress
SHP01917,Delhi,Kolkata,Long,Textiles,23.7,1507.4,73095,2024-04-26,SafeExpress
SHP01918,Delhi,Kolkata,Long,Steel Coils,24.2,1510.7,74582,2024-04-26,Shivam Freight Co
SHP01919,Delhi,Kolkata,Long,Packaged Foods,20.5,1510.6,64598,2024-04-26,SafeExpress
SHP01920,Mumbai,Pune,Short,Packaged Foods,21.9,153.7,10190,2024-04-27,SafeExpress
SHP01921,Mumbai,Pune,Short,Chemicals,12.2,153.4,5755,2024-04-27,VRL Logistics
SHP01922,Mumbai,Pune,Short,Textiles,20.0,151.0,9148,2024-04-27,Shivam Freight Co
SHP01923,Delhi,Jaipur,Short,Packaged Foods,13.3,279.6,11313,2024-04-27,Shivam Freight Co
SHP01924,Chennai,Bangalore,Short,Textiles,19.9,349.4,18726,2024-04-27,Om Sai Transport
SHP01925,Ahmedabad,Mumbai,Medium,Chemicals,17.5,532.3,23032,2024-04-27,Om Sai Transport
SHP01926,Ahmedabad,Mumbai,Medium,Electronics,20.7,533.6,26435,2024-04-27,Om Sai Transport
SHP01927,Kolkata,Bhubaneswar,Medium,Steel Coils,10.5,438.3,11657,2024-04-27,Western Carriers
SHP01928,Bangalore,Hyderabad,Medium,Textiles,23.6,569.2,33016,2024-04-27,TCI Freight
SHP01929,Bangalore,Hyderabad,Medium,Textiles,18.5,568.5,25631,2024-04-27,TCI Freight
SHP01930,Mumbai,Delhi,Long,Textiles,16.2,1418.0,45519,2024-04-27,Shivam Freight Co
SHP01931,Delhi,Kolkata,Long,FMCG,12.8,1509.7,38610,2024-04-27,SafeExpress
SHP01932,Delhi,Kolkata,Long,Chemicals,17.9,1506.8,53701,2024-04-27,Western Carriers
SHP01933,Delhi,Kolkata,Long,Automobile Parts,17.0,1511.7,50626,2024-04-27,SafeExpress
SHP01934,Mumbai,Pune,Short,Steel Coils,21.5,146.2,9253,2024-04-28,TCI Freight
SHP01935,Mumbai,Pune,Short,Textiles,21.8,153.3,10035,2024-04-28,Om Sai Transport
SHP01936,Mumbai,Pune,Short,Packaged Foods,23.5,151.0,10781,2024-04-28,SafeExpress
SHP01937,Delhi,Jaipur,Short,Automobile Parts,22.1,276.0,17854,2024-04-28,Shivam Freight Co
SHP01938,Delhi,Jaipur,Short,Packaged Foods,14.1,276.7,11470,2024-04-28,VRL Logistics
SHP01939,Delhi,Jaipur,Short,Electronics,22.3,280.8,18105,2024-04-28,VRL Logistics
SHP01940,Chennai,Bangalore,Short,Packaged Foods,20.1,351.9,20067,2024-04-28,Western Carriers
SHP01941,Ahmedabad,Mumbai,Medium,Electronics,24.5,530.5,30825,2024-04-28,Western Carriers
SHP01942,Kolkata,Bhubaneswar,Medium,FMCG,20.8,441.0,23826,2024-04-28,SafeExpress
SHP01943,Kolkata,Bhubaneswar,Medium,Steel Coils,13.0,441.0,14382,2024-04-28,TCI Freight
SHP01944,Bangalore,Hyderabad,Medium,FMCG,13.1,566.8,18207,2024-04-28,TCI Freight
SHP01945,Bangalore,Hyderabad,Medium,Automobile Parts,10.8,569.6,14872,2024-04-28,SafeExpress
SHP01946,Bangalore,Hyderabad,Medium,Chemicals,22.3,573.9,31845,2024-04-28,VRL Logistics
SHP01947,Mumbai,Delhi,Long,Steel Coils,19.9,1419.5,58137,2024-04-28,Western Carriers
SHP01948,Mumbai,Delhi,Long,Steel Coils,12.1,1416.2,36157,2024-04-28,Om Sai Transport
SHP01949,Mumbai,Delhi,Long,Automobile Parts,20.5,1420.1,60102,2024-04-28,VRL Logistics
SHP01950,Delhi,Kolkata,Long,Automobile Parts,17.4,1513.7,52360,2024-04-28,SafeExpress
SHP01951,Mumbai,Pune,Short,Textiles,22.2,149.7,9946,2024-04-29,SafeExpress
SHP01952,Delhi,Jaipur,Short,Electronics,14.5,276.1,11608,2024-04-29,TCI Freight
SHP01953,Delhi,Jaipur,Short,Steel Coils,23.6,279.6,18912,2024-04-29,SafeExpress
SHP01954,Chennai,Bangalore,Short,FMCG,24.7,348.2,24057,2024-04-29,TCI Freight
SHP01955,Chennai,Bangalore,Short,Chemicals,23.5,347.7,23009,2024-04-29,Shivam Freight Co
SHP01956,Ahmedabad,Mumbai,Medium,Electronics,20.8,528.8,26252,2024-04-29,Om Sai Transport
SHP01957,Kolkata,Bhubaneswar,Medium,Electronics,15.9,438.4,17481,2024-04-29,SafeExpress
SHP01958,Kolkata,Bhubaneswar,Medium,Chemicals,17.1,439.0,18635,2024-04-29,Western Carriers
SHP01959,Kolkata,Bhubaneswar,Medium,Steel Coils,21.6,443.4,23649,2024-04-29,Western Carriers
SHP01960,Bangalore,Hyderabad,Medium,Packaged Foods,19.3,568.8,25968,2024-04-29,Shivam Freight Co
SHP01961,Bangalore,Hyderabad,Medium,Packaged Foods,12.4,572.8,16594,2024-04-29,SafeExpress
SHP01962,Bangalore,Hyderabad,Medium,FMCG,17.1,573.5,23530,2024-04-29,Western Carriers
SHP01963,Mumbai,Delhi,Long,FMCG,12.6,1423.2,38001,2024-04-29,SafeExpress
SHP01964,Delhi,Kolkata,Long,Packaged Foods,11.7,1510.9,36754,2024-04-29,SafeExpress
SHP01965,Mumbai,Pune,Short,Packaged Foods,10.4,151.1,4726,2024-04-30,Western Carriers
SHP01966,Mumbai,Pune,Short,Chemicals,12.0,149.6,5501,2024-04-30,Om Sai Transport
SHP01967,Mumbai,Pune,Short,Steel Coils,17.4,147.6,7882,2024-04-30,Om Sai Transport
SHP01968,Delhi,Jaipur,Short,Chemicals,22.1,282.5,18455,2024-04-30,Shivam Freight Co
SHP01969,Delhi,Jaipur,Short,FMCG,20.0,281.0,16620,2024-04-30,Om Sai Transport
SHP01970,Chennai,Bangalore,Short,Textiles,18.5,352.2,18608,2024-04-30,Om Sai Transport
SHP01971,Chennai,Bangalore,Short,Chemicals,24.4,351.5,24363,2024-04-30,SafeExpress
SHP01972,Ahmedabad,Mumbai,Medium,Chemicals,17.1,530.6,21687,2024-04-30,TCI Freight
SHP01973,Kolkata,Bhubaneswar,Medium,Chemicals,19.4,439.5,22093,2024-04-30,Shivam Freight Co
SHP01974,Bangalore,Hyderabad,Medium,Chemicals,11.8,568.4,15567,2024-04-30,TCI Freight
SHP01975,Bangalore,Hyderabad,Medium,FMCG,13.4,568.6,18192,2024-04-30,VRL Logistics
SHP01976,Bangalore,Hyderabad,Medium,Steel Coils,15.4,569.1,20870,2024-04-30,VRL Logistics
SHP01977,Mumbai,Delhi,Long,Textiles,17.8,1417.9,50643,2024-04-30,SafeExpress
SHP01978,Mumbai,Delhi,Long,Chemicals,18.2,1420.9,52471,2024-04-30,SafeExpress
SHP01979,Mumbai,Delhi,Long,Packaged Foods,24.8,1423.5,70957,2024-04-30,VRL Logistics
SHP01980,Delhi,Kolkata,Long,Chemicals,21.5,1508.7,63637,2024-04-30,Western Carriers
SHP01981,Mumbai,Pune,Short,FMCG,10.9,153.3,4960,2024-05-01,TCI Freight
SHP01982,Mumbai,Pune,Short,Packaged Foods,20.5,153.2,9425,2024-05-01,VRL Logistics
SHP01983,Mumbai,Pune,Short,Chemicals,24.2,153.8,11095,2024-05-01,Shivam Freight Co
SHP01984,Delhi,Jaipur,Short,Packaged Foods,14.1,283.6,11849,2024-05-01,SafeExpress
SHP01985,Delhi,Jaipur,Short,Textiles,19.8,280.1,16695,2024-05-01,Om Sai Transport
SHP01986,Chennai,Bangalore,Short,Chemicals,21.7,346.2,19822,2024-05-01,SafeExpress
SHP01987,Ahmedabad,Mumbai,Medium,Automobile Parts,17.2,526.1,22311,2024-05-01,Western Carriers
SHP01988,Ahmedabad,Mumbai,Medium,Packaged Foods,20.5,527.0,26811,2024-05-01,SafeExpress
SHP01989,Ahmedabad,Mumbai,Medium,Textiles,19.2,526.9,25460,2024-05-01,Om Sai Transport
SHP01990,Kolkata,Bhubaneswar,Medium,Automobile Parts,11.4,437.9,12120,2024-05-01,Western Carriers
SHP01991,Bangalore,Hyderabad,Medium,Electronics,24.9,570.5,33938,2024-05-01,Om Sai Transport
SHP01992,Bangalore,Hyderabad,Medium,Steel Coils,11.1,572.5,15251,2024-05-01,VRL Logistics
SHP01993,Bangalore,Hyderabad,Medium,Steel Coils,15.2,566.3,21102,2024-05-01,VRL Logistics
SHP01994,Mumbai,Delhi,Long,Textiles,11.8,1419.8,33013,2024-05-01,TCI Freight
SHP01995,Mumbai,Delhi,Long,FMCG,20.6,1417.6,59269,2024-05-01,Om Sai Transport
SHP01996,Delhi,Kolkata,Long,Electronics,21.7,1513.5,64921,2024-05-01,Om Sai Transport
SHP01997,Delhi,Kolkata,Long,Chemicals,14.0,1510.2,42476,2024-05-01,Shivam Freight Co
SHP01998,Mumbai,Pune,Short,Steel Coils,19.3,151.6,8467,2024-05-02,Om Sai Transport
SHP01999,Mumbai,Pune,Short,Chemicals,17.8,152.7,7874,2024-05-02,Om Sai Transport
SHP02000,Delhi,Jaipur,Short,Electronics,12.1,282.5,10044,2024-05-02,SafeExpress
SHP02001,Delhi,Jaipur,Short,Automobile Parts,16.8,281.2,13411,2024-05-02,Shivam Freight Co
SHP02002,Delhi,Jaipur,Short,Packaged Foods,18.8,278.2,14959,2024-05-02,Shivam Freight Co
SHP02003,Chennai,Bangalore,Short,Automobile Parts,10.3,349.1,9711,2024-05-02,Shivam Freight Co
SHP02004,Chennai,Bangalore,Short,Chemicals,15.7,347.8,14912,2024-05-02,Shivam Freight Co
SHP02005,Chennai,Bangalore,Short,Packaged Foods,10.5,351.3,10115,2024-05-02,TCI Freight
SHP02006,Ahmedabad,Mumbai,Medium,Chemicals,23.6,533.4,31701,2024-05-02,Om Sai Transport
SHP02007,Ahmedabad,Mumbai,Medium,Automobile Parts,15.1,532.1,20249,2024-05-02,SafeExpress
SHP02008,Kolkata,Bhubaneswar,Medium,Electronics,22.1,442.0,24888,2024-05-02,Western Carriers
SHP02009,Kolkata,Bhubaneswar,Medium,Automobile Parts,24.9,438.3,27785,2024-05-02,TCI Freight
SHP02010,Kolkata,Bhubaneswar,Medium,Automobile Parts,21.5,441.8,23918,2024-05-02,SafeExpress
SHP02011,Bangalore,Hyderabad,Medium,Textiles,10.2,567.1,14256,2024-05-02,Shivam Freight Co
SHP02012,Mumbai,Delhi,Long,Textiles,18.6,1418.4,54674,2024-05-02,VRL Logistics
SHP02013,Mumbai,Delhi,Long,FMCG,13.8,1418.1,41572,2024-05-02,TCI Freight
SHP02014,Mumbai,Delhi,Long,FMCG,14.6,1416.1,43933,2024-05-02,VRL Logistics
SHP02015,Delhi,Kolkata,Long,Textiles,16.6,1509.7,51099,2024-05-02,SafeExpress
SHP02016,Delhi,Kolkata,Long,Chemicals,18.3,1511.1,56253,2024-05-02,Shivam Freight Co
SHP02017,Mumbai,Pune,Short,Textiles,24.3,150.4,10791,2024-05-03,VRL Logistics
SHP02018,Mumbai,Pune,Short,Steel Coils,17.4,148.1,7544,2024-05-03,Om Sai Transport
SHP02019,Mumbai,Pune,Short,Electronics,19.8,153.0,8870,2024-05-03,Shivam Freight Co
SHP02020,Delhi,Jaipur,Short,Electronics,18.7,282.9,15030,2024-05-03,Om Sai Transport
SHP02021,Delhi,Jaipur,Short,Textiles,20.7,276.5,16405,2024-05-03,Shivam Freight Co
SHP02022,Delhi,Jaipur,Short,Electronics,22.9,281.4,18540,2024-05-03,Shivam Freight Co
SHP02023,Chennai,Bangalore,Short,Packaged Foods,17.6,346.9,16630,2024-05-03,Om Sai Transport
SHP02024,Chennai,Bangalore,Short,Electronics,18.6,347.6,18123,2024-05-03,SafeExpress
SHP02025,Ahmedabad,Mumbai,Medium,FMCG,12.1,533.0,15288,2024-05-03,VRL Logistics
SHP02026,Ahmedabad,Mumbai,Medium,Automobile Parts,16.1,528.7,20442,2024-05-03,VRL Logistics
SHP02027,Kolkata,Bhubaneswar,Medium,Chemicals,14.4,438.9,15693,2024-05-03,Shivam Freight Co
SHP02028,Bangalore,Hyderabad,Medium,Chemicals,17.7,572.5,24012,2024-05-03,TCI Freight
SHP02029,Mumbai,Delhi,Long,Steel Coils,18.7,1419.0,55438,2024-05-03,SafeExpress
SHP02030,Delhi,Kolkata,Long,Steel Coils,11.2,1506.6,34877,2024-05-03,TCI Freight
SHP02031,Delhi,Kolkata,Long,Automobile Parts,18.6,1510.0,57167,2024-05-03,TCI Freight
SHP02032,Delhi,Kolkata,Long,Packaged Foods,22.7,1511.9,69799,2024-05-03,TCI Freight
SHP02033,Mumbai,Pune,Short,Chemicals,14.8,150.2,6577,2024-05-04,VRL Logistics
SHP02034,Mumbai,Pune,Short,Textiles,14.9,153.3,6923,2024-05-04,Om Sai Transport
SHP02035,Mumbai,Pune,Short,Steel Coils,21.2,149.6,9353,2024-05-04,SafeExpress
SHP02036,Delhi,Jaipur,Short,Textiles,15.3,278.9,12767,2024-05-04,Western Carriers
SHP02037,Delhi,Jaipur,Short,Steel Coils,13.5,279.9,11432,2024-05-04,TCI Freight
SHP02038,Chennai,Bangalore,Short,Electronics,13.7,353.4,13798,2024-05-04,TCI Freight
SHP02039,Ahmedabad,Mumbai,Medium,Packaged Foods,14.3,528.1,18547,2024-05-04,SafeExpress
SHP02040,Ahmedabad,Mumbai,Medium,Electronics,24.7,529.4,32454,2024-05-04,Om Sai Transport
SHP02041,Ahmedabad,Mumbai,Medium,Packaged Foods,23.1,533.2,29886,2024-05-04,SafeExpress
SHP02042,Kolkata,Bhubaneswar,Medium,FMCG,17.0,441.7,18210,2024-05-04,Shivam Freight Co
SHP02043,Kolkata,Bhubaneswar,Medium,Packaged Foods,10.4,442.7,11196,2024-05-04,Om Sai Transport
SHP02044,Kolkata,Bhubaneswar,Medium,Automobile Parts,17.9,440.1,19328,2024-05-04,VRL Logistics
SHP02045,Bangalore,Hyderabad,Medium,FMCG,20.7,570.5,27287,2024-05-04,VRL Logistics
SHP02046,Bangalore,Hyderabad,Medium,Packaged Foods,19.2,570.7,26218,2024-05-04,Shivam Freight Co
SHP02047,Bangalore,Hyderabad,Medium,Automobile Parts,15.3,571.9,20489,2024-05-04,Western Carriers
SHP02048,Mumbai,Delhi,Long,Steel Coils,17.2,1418.3,49130,2024-05-04,Western Carriers
SHP02049,Mumbai,Delhi,Long,Packaged Foods,23.7,1422.1,70087,2024-05-04,Om Sai Transport
SHP02050,Delhi,Kolkata,Long,Textiles,20.1,1510.7,62056,2024-05-04,SafeExpress
SHP02051,Delhi,Kolkata,Long,FMCG,20.8,1507.4,63630,2024-05-04,Shivam Freight Co
SHP02052,Delhi,Kolkata,Long,Chemicals,17.4,1507.9,52750,2024-05-04,TCI Freight
SHP02053,Mumbai,Pune,Short,Steel Coils,15.8,148.3,7136,2024-05-05,Shivam Freight Co
SHP02054,Mumbai,Pune,Short,Steel Coils,21.0,152.5,9842,2024-05-05,SafeExpress
SHP02055,Delhi,Jaipur,Short,Steel Coils,14.7,283.0,12211,2024-05-05,Shivam Freight Co
SHP02056,Delhi,Jaipur,Short,Steel Coils,17.3,278.3,14062,2024-05-05,VRL Logistics
SHP02057,Delhi,Jaipur,Short,Packaged Foods,13.9,283.5,11688,2024-05-05,Om Sai Transport
SHP02058,Chennai,Bangalore,Short,Steel Coils,18.3,346.8,17633,2024-05-05,Shivam Freight Co
SHP02059,Ahmedabad,Mumbai,Medium,Packaged Foods,18.1,533.7,24091,2024-05-05,SafeExpress
SHP02060,Kolkata,Bhubaneswar,Medium,Automobile Parts,14.2,439.0,16180,2024-05-05,Western Carriers
SHP02061,Bangalore,Hyderabad,Medium,Electronics,14.4,572.6,19416,2024-05-05,Shivam Freight Co
SHP02062,Mumbai,Delhi,Long,Textiles,11.3,1419.9,32306,2024-05-05,Western Carriers
SHP02063,Mumbai,Delhi,Long,Electronics,24.5,1421.3,72011,2024-05-05,Om Sai Transport
SHP02064,Delhi,Kolkata,Long,Electronics,15.0,1507.3,45751,2024-05-05,TCI Freight
SHP02065,Delhi,Kolkata,Long,Packaged Foods,11.1,1511.4,34266,2024-05-05,SafeExpress
SHP02066,Mumbai,Pune,Short,Electronics,14.8,152.4,6695,2024-05-06,Western Carriers
SHP02067,Mumbai,Pune,Short,Steel Coils,19.5,146.3,8189,2024-05-06,TCI Freight
SHP02068,Mumbai,Pune,Short,Textiles,24.1,149.0,10587,2024-05-06,SafeExpress
SHP02069,Delhi,Jaipur,Short,Packaged Foods,14.2,281.9,11422,2024-05-06,TCI Freight
SHP02070,Chennai,Bangalore,Short,Chemicals,16.5,347.7,16109,2024-05-06,Om Sai Transport
SHP02071,Chennai,Bangalore,Short,Chemicals,10.6,351.7,10550,2024-05-06,SafeExpress
SHP02072,Chennai,Bangalore,Short,Chemicals,13.5,351.0,13230,2024-05-06,Western Carriers
SHP02073,Ahmedabad,Mumbai,Medium,Automobile Parts,23.1,532.7,31178,2024-05-06,Western Carriers
SHP02074,Ahmedabad,Mumbai,Medium,Packaged Foods,15.4,529.1,20492,2024-05-06,Om Sai Transport
SHP02075,Kolkata,Bhubaneswar,Medium,Automobile Parts,16.7,439.4,17737,2024-05-06,Shivam Freight Co
SHP02076,Kolkata,Bhubaneswar,Medium,Textiles,24.3,437.4,26121,2024-05-06,Western Carriers
SHP02077,Bangalore,Hyderabad,Medium,Automobile Parts,17.3,572.2,23900,2024-05-06,TCI Freight
SHP02078,Mumbai,Delhi,Long,FMCG,14.0,1416.2,39970,2024-05-06,SafeExpress
SHP02079,Delhi,Kolkata,Long,Automobile Parts,14.8,1508.1,43275,2024-05-06,SafeExpress
SHP02080,Delhi,Kolkata,Long,Electronics,23.7,1509.2,69005,2024-05-06,Om Sai Transport
SHP02081,Mumbai,Pune,Short,Steel Coils,16.1,148.5,7124,2024-05-07,TCI Freight
SHP02082,Delhi,Jaipur,Short,Steel Coils,24.5,276.9,19747,2024-05-07,TCI Freight
SHP02083,Delhi,Jaipur,Short,Automobile Parts,24.3,280.3,19361,2024-05-07,Shivam Freight Co
SHP02084,Delhi,Jaipur,Short,FMCG,15.0,282.2,12195,2024-05-07,TCI Freight
SHP02085,Chennai,Bangalore,Short,Steel Coils,15.4,350.1,14264,2024-05-07,TCI Freight
SHP02086,Ahmedabad,Mumbai,Medium,Textiles,22.0,527.8,28734,2024-05-07,SafeExpress
SHP02087,Ahmedabad,Mumbai,Medium,Packaged Foods,21.0,527.7,27455,2024-05-07,Shivam Freight Co
SHP02088,Ahmedabad,Mumbai,Medium,FMCG,17.9,532.0,23186,2024-05-07,SafeExpress
SHP02089,Kolkata,Bhubaneswar,Medium,Steel Coils,13.5,438.4,14546,2024-05-07,Shivam Freight Co
SHP02090,Kolkata,Bhubaneswar,Medium,Electronics,11.9,438.2,12822,2024-05-07,SafeExpress
SHP02091,Bangalore,Hyderabad,Medium,Chemicals,22.9,573.0,30274,2024-05-07,Western Carriers
SHP02092,Bangalore,Hyderabad,Medium,Electronics,21.0,571.6,27630,2024-05-07,TCI Freight
SHP02093,Bangalore,Hyderabad,Medium,FMCG,12.3,570.8,16633,2024-05-07,SafeExpress
SHP02094,Mumbai,Delhi,Long,Electronics,21.8,1422.9,62236,2024-05-07,Shivam Freight Co
SHP02095,Mumbai,Delhi,Long,Electronics,16.9,1418.4,47467,2024-05-07,TCI Freight
SHP02096,Mumbai,Delhi,Long,Automobile Parts,14.4,1419.8,40474,2024-05-07,TCI Freight
SHP02097,Delhi,Kolkata,Long,Packaged Foods,18.0,1513.3,53206,2024-05-07,SafeExpress
SHP02098,Delhi,Kolkata,Long,Electronics,24.3,1511.8,73259,2024-05-07,Shivam Freight Co
SHP02099,Mumbai,Pune,Short,Textiles,16.0,153.8,7282,2024-05-08,SafeExpress
SHP02100,Mumbai,Pune,Short,FMCG,19.6,150.5,8765,2024-05-08,Western Carriers
SHP02101,Mumbai,Pune,Short,FMCG,11.4,153.8,5176,2024-05-08,SafeExpress
SHP02102,Delhi,Jaipur,Short,Electronics,19.2,277.1,15766,2024-05-08,TCI Freight
SHP02103,Chennai,Bangalore,Short,Textiles,13.8,352.1,13469,2024-05-08,Om Sai Transport
SHP02104,Ahmedabad,Mumbai,Medium,Electronics,16.1,530.5,19941,2024-05-08,Om Sai Transport
SHP02105,Ahmedabad,Mumbai,Medium,Textiles,21.9,532.0,27801,2024-05-08,Western Carriers
SHP02106,Ahmedabad,Mumbai,Medium,Chemicals,16.9,527.9,21235,2024-05-08,Western Carriers
SHP02107,Kolkata,Bhubaneswar,Medium,Steel Coils,16.4,443.4,18401,2024-05-08,Shivam Freight Co
SHP02108,Bangalore,Hyderabad,Medium,Packaged Foods,13.0,567.0,17588,2024-05-08,Shivam Freight Co
SHP02109,Bangalore,Hyderabad,Medium,Chemicals,17.4,573.1,23566,2024-05-08,SafeExpress
SHP02110,Bangalore,Hyderabad,Medium,Packaged Foods,23.1,567.1,30702,2024-05-08,VRL Logistics
SHP02111,Mumbai,Delhi,Long,Textiles,23.2,1421.8,65464,2024-05-08,TCI Freight
SHP02112,Mumbai,Delhi,Long,Textiles,18.5,1423.1,52028,2024-05-08,TCI Freight
SHP02113,Delhi,Kolkata,Long,Automobile Parts,15.6,1513.6,47948,2024-05-08,SafeExpress
SHP02114,Delhi,Kolkata,Long,FMCG,15.0,1507.7,46185,2024-05-08,Om Sai Transport
SHP02115,Delhi,Kolkata,Long,Textiles,20.7,1507.3,63029,2024-05-08,SafeExpress
SHP02116,Mumbai,Pune,Short,Steel Coils,24.7,146.5,10567,2024-05-09,Om Sai Transport
SHP02117,Mumbai,Pune,Short,Packaged Foods,18.1,151.6,8019,2024-05-09,TCI Freight
SHP02118,Delhi,Jaipur,Short,Textiles,19.5,276.5,16119,2024-05-09,Western Carriers
SHP02119,Chennai,Bangalore,Short,Chemicals,22.3,348.2,21036,2024-05-09,Western Carriers
SHP02120,Ahmedabad,Mumbai,Medium,Electronics,24.0,532.1,30998,2024-05-09,Western Carriers
SHP02121,Ahmedabad,Mumbai,Medium,Steel Coils,18.9,527.6,23762,2024-05-09,VRL Logistics
SHP02122,Ahmedabad,Mumbai,Medium,Chemicals,18.5,527.4,23273,2024-05-09,TCI Freight
SHP02123,Kolkata,Bhubaneswar,Medium,Textiles,21.6,438.6,23978,2024-05-09,Western Carriers
SHP02124,Kolkata,Bhubaneswar,Medium,Steel Coils,20.0,443.0,22319,2024-05-09,Shivam Freight Co
SHP02125,Bangalore,Hyderabad,Medium,Steel Coils,22.1,566.7,30137,2024-05-09,SafeExpress
SHP02126,Mumbai,Delhi,Long,FMCG,24.5,1416.6,71692,2024-05-09,SafeExpress
SHP02127,Mumbai,Delhi,Long,FMCG,17.1,1419.4,50474,2024-05-09,Shivam Freight Co
SHP02128,Delhi,Kolkata,Long,Textiles,15.8,1509.0,46895,2024-05-09,TCI Freight
SHP02129,Delhi,Kolkata,Long,Steel Coils,11.2,1508.5,33405,2024-05-09,Om Sai Transport
SHP02130,Mumbai,Pune,Short,Automobile Parts,22.6,151.7,10586,2024-05-10,Western Carriers
SHP02131,Mumbai,Pune,Short,Automobile Parts,20.3,152.3,9545,2024-05-10,Western Carriers
SHP02132,Delhi,Jaipur,Short,Textiles,22.8,282.9,19059,2024-05-10,Western Carriers
SHP02133,Chennai,Bangalore,Short,Automobile Parts,25.0,350.5,24409,2024-05-10,VRL Logistics
SHP02134,Chennai,Bangalore,Short,Automobile Parts,21.2,347.4,19767,2024-05-10,VRL Logistics
SHP02135,Chennai,Bangalore,Short,Packaged Foods,10.1,350.2,9609,2024-05-10,VRL Logistics
SHP02136,Ahmedabad,Mumbai,Medium,Textiles,19.1,533.4,25106,2024-05-10,Western Carriers
SHP02137,Ahmedabad,Mumbai,Medium,Textiles,10.7,529.8,14347,2024-05-10,VRL Logistics
SHP02138,Ahmedabad,Mumbai,Medium,FMCG,24.6,531.0,33226,2024-05-10,Western Carriers
SHP02139,Kolkata,Bhubaneswar,Medium,FMCG,17.4,441.1,19659,2024-05-10,Western Carriers
SHP02140,Kolkata,Bhubaneswar,Medium,Packaged Foods,22.1,442.0,24584,2024-05-10,TCI Freight
SHP02141,Kolkata,Bhubaneswar,Medium,FMCG,12.3,443.2,14110,2024-05-10,Om Sai Transport
SHP02142,Bangalore,Hyderabad,Medium,Packaged Foods,19.6,566.4,25522,2024-05-10,TCI Freight
SHP02143,Mumbai,Delhi,Long,Electronics,21.1,1421.2,60247,2024-05-10,VRL Logistics
SHP02144,Delhi,Kolkata,Long,Chemicals,18.8,1513.2,59289,2024-05-10,Shivam Freight Co
SHP02145,Mumbai,Pune,Short,Steel Coils,20.0,149.3,9034,2024-05-11,TCI Freight
SHP02146,Mumbai,Pune,Short,Packaged Foods,14.0,147.2,6263,2024-05-11,VRL Logistics
SHP02147,Delhi,Jaipur,Short,FMCG,12.6,280.0,10579,2024-05-11,Shivam Freight Co
SHP02148,Delhi,Jaipur,Short,Automobile Parts,18.4,278.5,14983,2024-05-11,TCI Freight
SHP02149,Delhi,Jaipur,Short,Packaged Foods,11.3,282.7,9648,2024-05-11,Shivam Freight Co
SHP02150,Chennai,Bangalore,Short,Packaged Foods,12.8,351.8,12740,2024-05-11,Om Sai Transport
SHP02151,Ahmedabad,Mumbai,Medium,Steel Coils,16.9,531.1,22709,2024-05-11,VRL Logistics
SHP02152,Kolkata,Bhubaneswar,Medium,Electronics,23.0,443.5,26275,2024-05-11,Om Sai Transport
SHP02153,Kolkata,Bhubaneswar,Medium,Textiles,15.7,438.5,17410,2024-05-11,Om Sai Transport
SHP02154,Kolkata,Bhubaneswar,Medium,Textiles,16.2,440.5,18445,2024-05-11,Om Sai Transport
SHP02155,Bangalore,Hyderabad,Medium,Textiles,16.6,568.1,21833,2024-05-11,TCI Freight
SHP02156,Bangalore,Hyderabad,Medium,FMCG,21.6,568.9,28947,2024-05-11,Western Carriers
SHP02157,Mumbai,Delhi,Long,Chemicals,22.5,1416.3,65758,2024-05-11,TCI Freight
SHP02158,Delhi,Kolkata,Long,Textiles,19.7,1509.5,58867,2024-05-11,Om Sai Transport
SHP02159,Delhi,Kolkata,Long,Electronics,24.5,1508.7,72793,2024-05-11,VRL Logistics
SHP02160,Delhi,Kolkata,Long,Automobile Parts,21.6,1506.7,63341,2024-05-11,VRL Logistics
SHP02161,Mumbai,Pune,Short,Automobile Parts,19.5,150.1,8526,2024-05-12,TCI Freight
SHP02162,Delhi,Jaipur,Short,Electronics,18.8,279.0,15024,2024-05-12,Shivam Freight Co
SHP02163,Delhi,Jaipur,Short,Automobile Parts,23.0,281.0,18492,2024-05-12,SafeExpress
SHP02164,Delhi,Jaipur,Short,Textiles,19.7,278.7,15768,2024-05-12,VRL Logistics
SHP02165,Chennai,Bangalore,Short,Automobile Parts,10.3,347.5,9763,2024-05-12,TCI Freight
SHP02166,Chennai,Bangalore,Short,FMCG,16.5,350.6,15524,2024-05-12,Om Sai Transport
SHP02167,Chennai,Bangalore,Short,Electronics,15.6,348.0,14532,2024-05-12,SafeExpress
SHP02168,Ahmedabad,Mumbai,Medium,Automobile Parts,23.5,532.1,30277,2024-05-12,SafeExpress
SHP02169,Kolkata,Bhubaneswar,Medium,Textiles,10.4,439.2,11613,2024-05-12,TCI Freight
SHP02170,Kolkata,Bhubaneswar,Medium,Chemicals,24.1,443.7,26845,2024-05-12,Om Sai Transport
SHP02171,Kolkata,Bhubaneswar,Medium,Packaged Foods,15.0,437.0,16963,2024-05-12,VRL Logistics
SHP02172,Bangalore,Hyderabad,Medium,Packaged Foods,16.9,572.4,23308,2024-05-12,Western Carriers
SHP02173,Mumbai,Delhi,Long,Steel Coils,11.2,1418.4,31541,2024-05-12,SafeExpress
SHP02174,Delhi,Kolkata,Long,Packaged Foods,18.3,1507.2,54400,2024-05-12,SafeExpress
SHP02175,Mumbai,Pune,Short,Automobile Parts,20.3,149.8,9007,2024-05-13,Western Carriers
SHP02176,Delhi,Jaipur,Short,Steel Coils,21.4,281.6,17360,2024-05-13,VRL Logistics
SHP02177,Delhi,Jaipur,Short,Textiles,12.0,282.1,10021,2024-05-13,Western Carriers
SHP02178,Chennai,Bangalore,Short,Electronics,18.0,350.8,17497,2024-05-13,Western Carriers
SHP02179,Chennai,Bangalore,Short,Steel Coils,10.4,353.8,10417,2024-05-13,Om Sai Transport
SHP02180,Ahmedabad,Mumbai,Medium,Automobile Parts,10.0,530.0,12934,2024-05-13,Shivam Freight Co
SHP02181,Ahmedabad,Mumbai,Medium,Steel Coils,12.1,531.2,15429,2024-05-13,VRL Logistics
SHP02182,Kolkata,Bhubaneswar,Medium,Textiles,12.7,439.1,13693,2024-05-13,SafeExpress
SHP02183,Kolkata,Bhubaneswar,Medium,Automobile Parts,17.2,441.4,18726,2024-05-13,Om Sai Transport
SHP02184,Bangalore,Hyderabad,Medium,Textiles,11.6,570.1,15742,2024-05-13,Western Carriers
SHP02185,Bangalore,Hyderabad,Medium,FMCG,19.8,571.9,26526,2024-05-13,Shivam Freight Co
SHP02186,Bangalore,Hyderabad,Medium,Electronics,11.9,567.3,15879,2024-05-13,SafeExpress
SHP02187,Mumbai,Delhi,Long,Textiles,16.0,1423.7,45821,2024-05-13,SafeExpress
SHP02188,Mumbai,Delhi,Long,FMCG,19.5,1418.1,55255,2024-05-13,SafeExpress
SHP02189,Mumbai,Delhi,Long,FMCG,21.7,1420.0,61838,2024-05-13,TCI Freight
SHP02190,Delhi,Kolkata,Long,Automobile Parts,24.7,1512.3,76920,2024-05-13,Western Carriers
SHP02191,Mumbai,Pune,Short,Steel Coils,24.0,148.7,10474,2024-05-14,TCI Freight
SHP02192,Delhi,Jaipur,Short,Packaged Foods,16.5,283.0,14014,2024-05-14,Shivam Freight Co
SHP02193,Delhi,Jaipur,Short,Chemicals,16.9,282.9,14110,2024-05-14,Western Carriers
SHP02194,Delhi,Jaipur,Short,FMCG,16.4,279.0,13848,2024-05-14,Shivam Freight Co
SHP02195,Chennai,Bangalore,Short,Textiles,16.3,348.3,15619,2024-05-14,Western Carriers
SHP02196,Ahmedabad,Mumbai,Medium,Steel Coils,10.5,528.9,13353,2024-05-14,Om Sai Transport
SHP02197,Kolkata,Bhubaneswar,Medium,Textiles,12.2,437.0,12992,2024-05-14,VRL Logistics
SHP02198,Bangalore,Hyderabad,Medium,Electronics,23.8,570.9,34074,2024-05-14,TCI Freight
SHP02199,Bangalore,Hyderabad,Medium,Packaged Foods,10.6,570.6,14823,2024-05-14,Om Sai Transport
SHP02200,Bangalore,Hyderabad,Medium,Packaged Foods,20.9,570.9,29815,2024-05-14,SafeExpress
SHP02201,Mumbai,Delhi,Long,Automobile Parts,23.9,1416.6,70151,2024-05-14,SafeExpress
SHP02202,Mumbai,Delhi,Long,Electronics,24.3,1416.2,69915,2024-05-14,Western Carriers
SHP02203,Mumbai,Delhi,Long,Packaged Foods,22.6,1423.1,65807,2024-05-14,Om Sai Transport
SHP02204,Delhi,Kolkata,Long,Electronics,18.1,1510.9,55573,2024-05-14,Shivam Freight Co
SHP02205,Delhi,Kolkata,Long,Automobile Parts,17.1,1509.0,52368,2024-05-14,VRL Logistics
SHP02206,Mumbai,Pune,Short,Steel Coils,20.1,148.2,9107,2024-05-15,Western Carriers
SHP02207,Delhi,Jaipur,Short,Steel Coils,10.3,279.3,8348,2024-05-15,VRL Logistics
SHP02208,Chennai,Bangalore,Short,Steel Coils,19.5,352.3,18328,2024-05-15,Shivam Freight Co
SHP02209,Chennai,Bangalore,Short,Electronics,13.3,351.7,12740,2024-05-15,Western Carriers
SHP02210,Chennai,Bangalore,Short,Chemicals,16.9,350.9,16029,2024-05-15,VRL Logistics
SHP02211,Ahmedabad,Mumbai,Medium,Textiles,10.2,533.4,13278,2024-05-15,SafeExpress
SHP02212,Ahmedabad,Mumbai,Medium,Chemicals,22.8,527.2,29521,2024-05-15,Western Carriers
SHP02213,Kolkata,Bhubaneswar,Medium,Packaged Foods,10.5,438.0,11429,2024-05-15,Western Carriers
SHP02214,Kolkata,Bhubaneswar,Medium,Electronics,24.8,439.9,26288,2024-05-15,TCI Freight
SHP02215,Bangalore,Hyderabad,Medium,Steel Coils,16.8,572.0,22852,2024-05-15,TCI Freight
SHP02216,Bangalore,Hyderabad,Medium,Automobile Parts,19.4,570.7,26432,2024-05-15,Shivam Freight Co
SHP02217,Mumbai,Delhi,Long,Chemicals,17.4,1420.5,50888,2024-05-15,Om Sai Transport
SHP02218,Mumbai,Delhi,Long,Automobile Parts,24.2,1419.0,70382,2024-05-15,Om Sai Transport
SHP02219,Delhi,Kolkata,Long,FMCG,12.7,1510.6,37191,2024-05-15,Western Carriers
SHP02220,Mumbai,Pune,Short,Chemicals,21.3,149.3,9782,2024-05-16,VRL Logistics
SHP02221,Mumbai,Pune,Short,Electronics,15.4,148.6,6951,2024-05-16,Western Carriers
SHP02222,Mumbai,Pune,Short,Automobile Parts,14.8,152.1,6957,2024-05-16,Om Sai Transport
SHP02223,Delhi,Jaipur,Short,Steel Coils,14.3,282.1,12363,2024-05-16,Om Sai Transport
SHP02224,Delhi,Jaipur,Short,FMCG,10.1,279.2,8610,2024-05-16,SafeExpress
SHP02225,Chennai,Bangalore,Short,Automobile Parts,15.8,353.3,15590,2024-05-16,SafeExpress
SHP02226,Chennai,Bangalore,Short,Chemicals,10.4,347.5,9921,2024-05-16,TCI Freight
SHP02227,Chennai,Bangalore,Short,Automobile Parts,11.2,350.0,10912,2024-05-16,Shivam Freight Co
SHP02228,Ahmedabad,Mumbai,Medium,Textiles,19.4,527.3,24982,2024-05-16,Shivam Freight Co
SHP02229,Kolkata,Bhubaneswar,Medium,Steel Coils,17.7,439.1,19471,2024-05-16,SafeExpress
SHP02230,Kolkata,Bhubaneswar,Medium,Electronics,23.1,439.0,25388,2024-05-16,Om Sai Transport
SHP02231,Kolkata,Bhubaneswar,Medium,Steel Coils,14.4,438.6,16273,2024-05-16,TCI Freight
SHP02232,Bangalore,Hyderabad,Medium,Steel Coils,16.7,571.5,22616,2024-05-16,SafeExpress
SHP02233,Mumbai,Delhi,Long,Steel Coils,22.6,1422.4,66881,2024-05-16,Om Sai Transport
SHP02234,Delhi,Kolkata,Long,FMCG,10.5,1506.1,31780,2024-05-16,TCI Freight
SHP02235,Mumbai,Pune,Short,Electronics,16.3,146.6,7311,2024-05-17,TCI Freight
SHP02236,Mumbai,Pune,Short,Chemicals,21.6,147.0,9867,2024-05-17,Western Carriers
SHP02237,Delhi,Jaipur,Short,FMCG,10.9,282.6,8937,2024-05-17,Western Carriers
SHP02238,Delhi,Jaipur,Short,Chemicals,15.5,282.2,12643,2024-05-17,Western Carriers
SHP02239,Chennai,Bangalore,Short,FMCG,11.6,352.3,11497,2024-05-17,TCI Freight
SHP02240,Chennai,Bangalore,Short,Automobile Parts,11.7,352.0,11276,2024-05-17,Western Carriers
SHP02241,Ahmedabad,Mumbai,Medium,Electronics,13.2,532.4,16778,2024-05-17,Western Carriers
SHP02242,Kolkata,Bhubaneswar,Medium,Textiles,13.7,439.9,14541,2024-05-17,Western Carriers
SHP02243,Kolkata,Bhubaneswar,Medium,Chemicals,21.8,439.6,23532,2024-05-17,VRL Logistics
SHP02244,Kolkata,Bhubaneswar,Medium,Textiles,21.4,440.8,22657,2024-05-17,Shivam Freight Co
SHP02245,Bangalore,Hyderabad,Medium,Electronics,20.7,570.5,27653,2024-05-17,Om Sai Transport
SHP02246,Bangalore,Hyderabad,Medium,Electronics,14.6,570.5,19823,2024-05-17,VRL Logistics
SHP02247,Mumbai,Delhi,Long,Textiles,19.1,1417.0,55113,2024-05-17,Western Carriers
SHP02248,Mumbai,Delhi,Long,Steel Coils,22.8,1417.8,65110,2024-05-17,TCI Freight
SHP02249,Mumbai,Delhi,Long,FMCG,15.5,1416.1,44079,2024-05-17,TCI Freight
SHP02250,Delhi,Kolkata,Long,Chemicals,24.6,1513.2,74455,2024-05-17,TCI Freight
SHP02251,Delhi,Kolkata,Long,Automobile Parts,15.6,1508.5,47483,2024-05-17,Western Carriers
SHP02252,Delhi,Kolkata,Long,Automobile Parts,17.9,1507.4,52963,2024-05-17,Shivam Freight Co
SHP02253,Mumbai,Pune,Short,Textiles,14.6,148.7,6506,2024-05-18,TCI Freight
SHP02254,Delhi,Jaipur,Short,Electronics,15.3,281.2,12883,2024-05-18,Shivam Freight Co
SHP02255,Chennai,Bangalore,Short,Packaged Foods,21.1,353.2,20798,2024-05-18,SafeExpress
SHP02256,Chennai,Bangalore,Short,Textiles,24.3,351.0,23941,2024-05-18,TCI Freight
SHP02257,Chennai,Bangalore,Short,Packaged Foods,22.7,353.7,22564,2024-05-18,Shivam Freight Co
SHP02258,Ahmedabad,Mumbai,Medium,Electronics,13.8,528.0,17965,2024-05-18,Western Carriers
SHP02259,Ahmedabad,Mumbai,Medium,Steel Coils,13.4,532.9,17591,2024-05-18,Shivam Freight Co
SHP02260,Ahmedabad,Mumbai,Medium,Electronics,14.0,533.8,18088,2024-05-18,Om Sai Transport
SHP02261,Kolkata,Bhubaneswar,Medium,Steel Coils,12.0,443.2,13376,2024-05-18,Om Sai Transport
SHP02262,Bangalore,Hyderabad,Medium,Packaged Foods,11.5,569.8,15721,2024-05-18,VRL Logistics
SHP02263,Bangalore,Hyderabad,Medium,Automobile Parts,11.1,572.3,14999,2024-05-18,Shivam Freight Co
SHP02264,Bangalore,Hyderabad,Medium,Chemicals,11.5,569.8,15540,2024-05-18,SafeExpress
SHP02265,Mumbai,Delhi,Long,Automobile Parts,22.9,1420.7,64870,2024-05-18,Western Carriers
SHP02266,Delhi,Kolkata,Long,FMCG,16.8,1510.9,48841,2024-05-18,SafeExpress
SHP02267,Delhi,Kolkata,Long,Chemicals,17.4,1510.8,50945,2024-05-18,SafeExpress
SHP02268,Delhi,Kolkata,Long,FMCG,24.3,1510.1,71470,2024-05-18,TCI Freight
SHP02269,Mumbai,Pune,Short,Packaged Foods,17.5,151.4,7868,2024-05-19,Om Sai Transport
SHP02270,Mumbai,Pune,Short,Automobile Parts,14.8,149.9,6680,2024-05-19,SafeExpress
SHP02271,Delhi,Jaipur,Short,FMCG,20.1,282.1,16123,2024-05-19,SafeExpress
SHP02272,Chennai,Bangalore,Short,FMCG,12.7,350.3,12254,2024-05-19,Om Sai Transport
SHP02273,Chennai,Bangalore,Short,Chemicals,17.5,347.7,16456,2024-05-19,SafeExpress
SHP02274,Chennai,Bangalore,Short,Chemicals,14.5,346.8,13758,2024-05-19,Western Carriers
SHP02275,Ahmedabad,Mumbai,Medium,Steel Coils,15.9,527.5,19859,2024-05-19,TCI Freight
SHP02276,Kolkata,Bhubaneswar,Medium,FMCG,24.7,443.7,27836,2024-05-19,SafeExpress
SHP02277,Kolkata,Bhubaneswar,Medium,Automobile Parts,14.0,442.2,15899,2024-05-19,VRL Logistics
SHP02278,Bangalore,Hyderabad,Medium,Automobile Parts,15.3,568.7,20924,2024-05-19,VRL Logistics
SHP02279,Bangalore,Hyderabad,Medium,FMCG,15.9,569.4,21488,2024-05-19,SafeExpress
SHP02280,Mumbai,Delhi,Long,FMCG,22.1,1418.8,63752,2024-05-19,VRL Logistics
SHP02281,Mumbai,Delhi,Long,Electronics,20.6,1416.2,57532,2024-05-19,VRL Logistics
SHP02282,Delhi,Kolkata,Long,Chemicals,16.4,1506.2,48566,2024-05-19,TCI Freight
SHP02283,Delhi,Kolkata,Long,Automobile Parts,22.0,1511.9,66014,2024-05-19,VRL Logistics
SHP02284,Mumbai,Pune,Short,Chemicals,20.8,147.3,9133,2024-05-20,SafeExpress
SHP02285,Delhi,Jaipur,Short,Electronics,15.9,282.2,13846,2024-05-20,SafeExpress
SHP02286,Chennai,Bangalore,Short,Textiles,10.9,350.7,10171,2024-05-20,VRL Logistics
SHP02287,Chennai,Bangalore,Short,Automobile Parts,16.6,350.3,15615,2024-05-20,Om Sai Transport
SHP02288,Chennai,Bangalore,Short,Electronics,11.1,353.0,10816,2024-05-20,SafeExpress
SHP02289,Ahmedabad,Mumbai,Medium,Automobile Parts,18.6,530.7,24716,2024-05-20,Om Sai Transport
SHP02290,Kolkata,Bhubaneswar,Medium,Textiles,13.9,442.1,15223,2024-05-20,Western Carriers
SHP02291,Kolkata,Bhubaneswar,Medium,FMCG,21.6,436.2,22909,2024-05-20,Western Carriers
SHP02292,Kolkata,Bhubaneswar,Medium,FMCG,14.7,441.7,16292,2024-05-20,SafeExpress
SHP02293,Bangalore,Hyderabad,Medium,Textiles,17.0,567.5,23461,2024-05-20,Om Sai Transport
SHP02294,Mumbai,Delhi,Long,Steel Coils,19.1,1418.1,57089,2024-05-20,Shivam Freight Co
SHP02295,Mumbai,Delhi,Long,FMCG,16.4,1421.1,48878,2024-05-20,Shivam Freight Co
SHP02296,Mumbai,Delhi,Long,Textiles,10.9,1422.7,32758,2024-05-20,Shivam Freight Co
SHP02297,Delhi,Kolkata,Long,Chemicals,23.1,1513.7,69723,2024-05-20,SafeExpress
SHP02298,Mumbai,Pune,Short,Chemicals,21.0,151.1,9420,2024-05-21,Shivam Freight Co
SHP02299,Mumbai,Pune,Short,Packaged Foods,22.0,150.3,9926,2024-05-21,TCI Freight
SHP02300,Delhi,Jaipur,Short,Electronics,12.9,281.2,10785,2024-05-21,SafeExpress
SHP02301,Delhi,Jaipur,Short,Electronics,17.0,282.5,14753,2024-05-21,Om Sai Transport
SHP02302,Delhi,Jaipur,Short,Textiles,11.1,281.2,9497,2024-05-21,SafeExpress
SHP02303,Chennai,Bangalore,Short,Automobile Parts,24.2,351.9,23823,2024-05-21,TCI Freight
SHP02304,Chennai,Bangalore,Short,Packaged Foods,19.4,348.4,18536,2024-05-21,Om Sai Transport
SHP02305,Chennai,Bangalore,Short,Chemicals,12.3,348.6,11979,2024-05-21,Western Carriers
SHP02306,Ahmedabad,Mumbai,Medium,Chemicals,20.0,529.7,26657,2024-05-21,VRL Logistics
SHP02307,Ahmedabad,Mumbai,Medium,Steel Coils,20.7,533.1,27555,2024-05-21,Om Sai Transport
SHP02308,Ahmedabad,Mumbai,Medium,Chemicals,12.7,527.6,16364,2024-05-21,Shivam Freight Co
SHP02309,Kolkata,Bhubaneswar,Medium,Steel Coils,11.0,438.8,12451,2024-05-21,Western Carriers
SHP02310,Kolkata,Bhubaneswar,Medium,Textiles,14.5,437.7,16084,2024-05-21,Om Sai Transport
SHP02311,Kolkata,Bhubaneswar,Medium,Steel Coils,13.3,443.5,14907,2024-05-21,SafeExpress
SHP02312,Bangalore,Hyderabad,Medium,Steel Coils,23.0,566.2,30980,2024-05-21,SafeExpress
SHP02313,Bangalore,Hyderabad,Medium,FMCG,16.6,566.4,21789,2024-05-21,SafeExpress
SHP02314,Mumbai,Delhi,Long,Electronics,12.6,1416.7,37400,2024-05-21,TCI Freight
SHP02315,Delhi,Kolkata,Long,Electronics,17.3,1507.0,51172,2024-05-21,VRL Logistics
SHP02316,Mumbai,Pune,Short,Textiles,22.0,153.9,10049,2024-05-22,TCI Freight
SHP02317,Delhi,Jaipur,Short,FMCG,15.7,276.1,12450,2024-05-22,Shivam Freight Co
SHP02318,Delhi,Jaipur,Short,Automobile Parts,24.2,278.8,19702,2024-05-22,Western Carriers
SHP02319,Chennai,Bangalore,Short,Automobile Parts,19.7,346.7,18476,2024-05-22,Shivam Freight Co
SHP02320,Chennai,Bangalore,Short,Textiles,14.1,353.6,13627,2024-05-22,Shivam Freight Co
SHP02321,Chennai,Bangalore,Short,Steel Coils,13.7,347.1,12954,2024-05-22,TCI Freight
SHP02322,Ahmedabad,Mumbai,Medium,Steel Coils,10.6,529.8,13527,2024-05-22,Western Carriers
SHP02323,Ahmedabad,Mumbai,Medium,Steel Coils,15.6,531.3,19819,2024-05-22,SafeExpress
SHP02324,Ahmedabad,Mumbai,Medium,Electronics,24.0,527.4,30936,2024-05-22,Western Carriers
SHP02325,Kolkata,Bhubaneswar,Medium,Automobile Parts,10.4,442.3,11147,2024-05-22,Western Carriers
SHP02326,Bangalore,Hyderabad,Medium,Packaged Foods,10.4,571.0,13875,2024-05-22,SafeExpress
SHP02327,Bangalore,Hyderabad,Medium,Packaged Foods,23.1,566.3,31672,2024-05-22,TCI Freight
SHP02328,Mumbai,Delhi,Long,Textiles,12.5,1421.8,35586,2024-05-22,Om Sai Transport
SHP02329,Mumbai,Delhi,Long,Automobile Parts,24.8,1416.7,70385,2024-05-22,SafeExpress
SHP02330,Mumbai,Delhi,Long,Steel Coils,22.8,1423.9,66159,2024-05-22,TCI Freight
SHP02331,Delhi,Kolkata,Long,Steel Coils,17.0,1508.5,53083,2024-05-22,VRL Logistics
SHP02332,Mumbai,Pune,Short,Automobile Parts,20.0,153.7,9158,2024-05-23,Western Carriers
SHP02333,Mumbai,Pune,Short,Chemicals,18.6,152.6,8466,2024-05-23,Om Sai Transport
SHP02334,Delhi,Jaipur,Short,Automobile Parts,11.2,277.8,9195,2024-05-23,VRL Logistics
SHP02335,Chennai,Bangalore,Short,Textiles,13.8,348.0,13638,2024-05-23,VRL Logistics
SHP02336,Ahmedabad,Mumbai,Medium,Textiles,17.8,531.3,23535,2024-05-23,Om Sai Transport
SHP02337,Ahmedabad,Mumbai,Medium,Electronics,15.6,528.6,20168,2024-05-23,Shivam Freight Co
SHP02338,Kolkata,Bhubaneswar,Medium,Packaged Foods,21.9,441.1,24980,2024-05-23,Om Sai Transport
SHP02339,Kolkata,Bhubaneswar,Medium,Automobile Parts,22.5,441.1,24917,2024-05-23,VRL Logistics
SHP02340,Bangalore,Hyderabad,Medium,FMCG,15.2,569.9,20285,2024-05-23,TCI Freight
SHP02341,Bangalore,Hyderabad,Medium,Textiles,24.9,569.2,32957,2024-05-23,TCI Freight
SHP02342,Mumbai,Delhi,Long,Textiles,21.5,1418.2,63338,2024-05-23,Om Sai Transport
SHP02343,Mumbai,Delhi,Long,Chemicals,22.1,1418.0,63978,2024-05-23,SafeExpress
SHP02344,Mumbai,Delhi,Long,Chemicals,20.0,1421.3,57697,2024-05-23,VRL Logistics
SHP02345,Delhi,Kolkata,Long,Packaged Foods,10.4,1509.4,30626,2024-05-23,Om Sai Transport
SHP02346,Delhi,Kolkata,Long,Electronics,22.5,1513.8,65328,2024-05-23,VRL Logistics
SHP02347,Mumbai,Pune,Short,Packaged Foods,16.5,148.5,7325,2024-05-24,TCI Freight
SHP02348,Mumbai,Pune,Short,Chemicals,22.3,147.5,9795,2024-05-24,Om Sai Transport
SHP02349,Delhi,Jaipur,Short,Textiles,10.3,277.8,8337,2024-05-24,TCI Freight
SHP02350,Delhi,Jaipur,Short,Chemicals,12.3,280.8,10113,2024-05-24,Shivam Freight Co
SHP02351,Delhi,Jaipur,Short,Chemicals,15.4,282.4,12418,2024-05-24,Om Sai Transport
SHP02352,Chennai,Bangalore,Short,Steel Coils,19.5,351.4,18970,2024-05-24,Western Carriers
SHP02353,Ahmedabad,Mumbai,Medium,Automobile Parts,13.0,529.4,16211,2024-05-24,VRL Logistics
SHP02354,Ahmedabad,Mumbai,Medium,Automobile Parts,17.8,529.1,22521,2024-05-24,SafeExpress
SHP02355,Ahmedabad,Mumbai,Medium,Packaged Foods,20.8,528.6,26164,2024-05-24,VRL Logistics
SHP02356,Kolkata,Bhubaneswar,Medium,Packaged Foods,23.8,438.5,26536,2024-05-24,Shivam Freight Co
SHP02357,Kolkata,Bhubaneswar,Medium,Steel Coils,12.1,442.0,13527,2024-05-24,Om Sai Transport
SHP02358,Kolkata,Bhubaneswar,Medium,Chemicals,12.4,439.1,13738,2024-05-24,Om Sai Transport
SHP02359,Bangalore,Hyderabad,Medium,Automobile Parts,24.5,566.6,32520,2024-05-24,Shivam Freight Co
SHP02360,Bangalore,Hyderabad,Medium,Steel Coils,18.8,571.8,25586,2024-05-24,SafeExpress
SHP02361,Mumbai,Delhi,Long,Textiles,10.2,1422.1,28653,2024-05-24,TCI Freight
SHP02362,Mumbai,Delhi,Long,Electronics,19.4,1416.8,55073,2024-05-24,SafeExpress
SHP02363,Delhi,Kolkata,Long,FMCG,19.2,1510.3,56502,2024-05-24,Western Carriers
SHP02364,Mumbai,Pune,Short,Textiles,10.6,153.6,4903,2024-05-25,Shivam Freight Co
SHP02365,Mumbai,Pune,Short,Electronics,16.4,151.0,7261,2024-05-25,Western Carriers
SHP02366,Delhi,Jaipur,Short,Electronics,13.4,282.1,11215,2024-05-25,TCI Freight
SHP02367,Delhi,Jaipur,Short,FMCG,23.0,283.7,19468,2024-05-25,Western Carriers
SHP02368,Chennai,Bangalore,Short,FMCG,16.3,353.7,15937,2024-05-25,VRL Logistics
SHP02369,Chennai,Bangalore,Short,Electronics,21.0,352.7,20691,2024-05-25,TCI Freight
SHP02370,Chennai,Bangalore,Short,Textiles,20.0,348.6,18976,2024-05-25,Shivam Freight Co
SHP02371,Ahmedabad,Mumbai,Medium,Chemicals,13.6,532.4,17218,2024-05-25,SafeExpress
SHP02372,Ahmedabad,Mumbai,Medium,Electronics,11.6,531.3,14823,2024-05-25,SafeExpress
SHP02373,Ahmedabad,Mumbai,Medium,Chemicals,22.6,530.5,28374,2024-05-25,Western Carriers
SHP02374,Kolkata,Bhubaneswar,Medium,Packaged Foods,22.6,436.9,24651,2024-05-25,TCI Freight
SHP02375,Kolkata,Bhubaneswar,Medium,Chemicals,24.5,436.8,26288,2024-05-25,Western Carriers
SHP02376,Kolkata,Bhubaneswar,Medium,Electronics,19.1,441.7,21207,2024-05-25,Western Carriers
SHP02377,Bangalore,Hyderabad,Medium,Chemicals,22.8,572.3,30541,2024-05-25,Shivam Freight Co
SHP02378,Bangalore,Hyderabad,Medium,FMCG,22.2,573.5,29865,2024-05-25,SafeExpress
SHP02379,Bangalore,Hyderabad,Medium,Packaged Foods,10.4,571.4,13906,2024-05-25,Western Carriers
SHP02380,Mumbai,Delhi,Long,Automobile Parts,16.2,1418.3,47450,2024-05-25,VRL Logistics
SHP02381,Delhi,Kolkata,Long,Automobile Parts,24.6,1508.8,72863,2024-05-25,Shivam Freight Co
SHP02382,Delhi,Kolkata,Long,FMCG,20.5,1508.6,61658,2024-05-25,Om Sai Transport
SHP02383,Delhi,Kolkata,Long,Textiles,21.6,1507.7,64702,2024-05-25,Western Carriers
SHP02384,Mumbai,Pune,Short,Packaged Foods,12.6,152.2,5719,2024-05-26,VRL Logistics
SHP02385,Mumbai,Pune,Short,Steel Coils,18.1,148.8,8130,2024-05-26,VRL Logistics
SHP02386,Delhi,Jaipur,Short,Chemicals,11.4,283.3,9679,2024-05-26,SafeExpress
SHP02387,Chennai,Bangalore,Short,Textiles,22.8,347.6,21964,2024-05-26,SafeExpress
SHP02388,Chennai,Bangalore,Short,Textiles,21.3,353.2,21245,2024-05-26,Shivam Freight Co
SHP02389,Ahmedabad,Mumbai,Medium,Textiles,17.6,528.5,22384,2024-05-26,TCI Freight
SHP02390,Ahmedabad,Mumbai,Medium,Steel Coils,16.0,530.3,20462,2024-05-26,Shivam Freight Co
SHP02391,Ahmedabad,Mumbai,Medium,Automobile Parts,19.0,526.7,24307,2024-05-26,VRL Logistics
SHP02392,Kolkata,Bhubaneswar,Medium,Packaged Foods,16.0,440.3,17528,2024-05-26,Western Carriers
SHP02393,Kolkata,Bhubaneswar,Medium,Chemicals,23.3,442.5,25020,2024-05-26,Shivam Freight Co
SHP02394,Bangalore,Hyderabad,Medium,Electronics,10.6,569.5,14362,2024-05-26,VRL Logistics
SHP02395,Mumbai,Delhi,Long,Steel Coils,24.7,1422.7,69278,2024-05-26,SafeExpress
SHP02396,Delhi,Kolkata,Long,FMCG,14.5,1507.2,44916,2024-05-26,TCI Freight
SHP02397,Mumbai,Pune,Short,Automobile Parts,18.3,149.3,8211,2024-05-27,Om Sai Transport
SHP02398,Mumbai,Pune,Short,Automobile Parts,18.7,152.8,8607,2024-05-27,Western Carriers
SHP02399,Delhi,Jaipur,Short,Steel Coils,14.0,282.4,11437,2024-05-27,VRL Logistics
SHP02400,Delhi,Jaipur,Short,Textiles,11.2,280.3,9199,2024-05-27,Western Carriers
SHP02401,Chennai,Bangalore,Short,Chemicals,11.4,350.6,11005,2024-05-27,Western Carriers
SHP02402,Chennai,Bangalore,Short,Chemicals,14.7,349.8,14097,2024-05-27,Om Sai Transport
SHP02403,Chennai,Bangalore,Short,Chemicals,20.8,351.8,19932,2024-05-27,Om Sai Transport
SHP02404,Ahmedabad,Mumbai,Medium,Chemicals,16.9,532.7,21956,2024-05-27,SafeExpress
SHP02405,Ahmedabad,Mumbai,Medium,Automobile Parts,24.9,526.5,31440,2024-05-27,TCI Freight
SHP02406,Ahmedabad,Mumbai,Medium,Electronics,23.4,531.2,30362,2024-05-27,Om Sai Transport
SHP02407,Kolkata,Bhubaneswar,Medium,Electronics,20.8,436.5,22166,2024-05-27,Shivam Freight Co
SHP02408,Kolkata,Bhubaneswar,Medium,Steel Coils,17.4,441.7,18864,2024-05-27,SafeExpress
SHP02409,Bangalore,Hyderabad,Medium,Steel Coils,20.5,568.5,27277,2024-05-27,TCI Freight
SHP02410,Bangalore,Hyderabad,Medium,FMCG,17.6,572.4,23677,2024-05-27,TCI Freight
SHP02411,Mumbai,Delhi,Long,Electronics,10.1,1418.5,30349,2024-05-27,VRL Logistics
SHP02412,Mumbai,Delhi,Long,Packaged Foods,21.6,1420.7,63610,2024-05-27,TCI Freight
SHP02413,Mumbai,Delhi,Long,Chemicals,12.4,1419.3,36665,2024-05-27,Om Sai Transport
SHP02414,Delhi,Kolkata,Long,Packaged Foods,17.4,1511.2,52833,2024-05-27,Shivam Freight Co
SHP02415,Mumbai,Pune,Short,Automobile Parts,20.3,151.6,9595,2024-05-28,Western Carriers
SHP02416,Mumbai,Pune,Short,Textiles,22.7,149.8,10342,2024-05-28,VRL Logistics
SHP02417,Mumbai,Pune,Short,Packaged Foods,16.5,147.4,7417,2024-05-28,Om Sai Transport
SHP02418,Delhi,Jaipur,Short,Textiles,24.8,277.8,20138,2024-05-28,SafeExpress
SHP02419,Chennai,Bangalore,Short,Chemicals,23.2,348.1,22148,2024-05-28,Shivam Freight Co
SHP02420,Chennai,Bangalore,Short,Chemicals,11.4,351.5,10963,2024-05-28,Shivam Freight Co
SHP02421,Chennai,Bangalore,Short,Chemicals,15.8,346.0,14973,2024-05-28,TCI Freight
SHP02422,Ahmedabad,Mumbai,Medium,Steel Coils,12.8,533.6,16688,2024-05-28,TCI Freight
SHP02423,Kolkata,Bhubaneswar,Medium,Textiles,20.2,436.8,21386,2024-05-28,TCI Freight
SHP02424,Kolkata,Bhubaneswar,Medium,FMCG,16.6,437.4,18092,2024-05-28,Om Sai Transport
SHP02425,Bangalore,Hyderabad,Medium,FMCG,10.6,566.2,14432,2024-05-28,Shivam Freight Co
SHP02426,Bangalore,Hyderabad,Medium,Textiles,14.7,572.5,20038,2024-05-28,Western Carriers
SHP02427,Mumbai,Delhi,Long,Steel Coils,11.5,1417.3,32370,2024-05-28,TCI Freight
SHP02428,Mumbai,Delhi,Long,Chemicals,24.1,1423.4,70157,2024-05-28,SafeExpress
SHP02429,Mumbai,Delhi,Long,Packaged Foods,24.2,1422.3,69674,2024-05-28,VRL Logistics
SHP02430,Delhi,Kolkata,Long,Automobile Parts,22.3,1507.9,65403,2024-05-28,Shivam Freight Co
SHP02431,Mumbai,Pune,Short,FMCG,23.6,152.5,10794,2024-05-29,TCI Freight
SHP02432,Mumbai,Pune,Short,Textiles,17.8,146.8,7823,2024-05-29,TCI Freight
SHP02433,Delhi,Jaipur,Short,Steel Coils,15.9,280.3,13222,2024-05-29,VRL Logistics
SHP02434,Delhi,Jaipur,Short,Electronics,16.7,278.6,13611,2024-05-29,SafeExpress
SHP02435,Delhi,Jaipur,Short,Automobile Parts,15.7,279.2,12975,2024-05-29,Shivam Freight Co
SHP02436,Chennai,Bangalore,Short,FMCG,14.6,350.9,14212,2024-05-29,VRL Logistics
SHP02437,Chennai,Bangalore,Short,Packaged Foods,20.5,352.2,19664,2024-05-29,Om Sai Transport
SHP02438,Ahmedabad,Mumbai,Medium,Steel Coils,21.2,533.1,28513,2024-05-29,Western Carriers
SHP02439,Ahmedabad,Mumbai,Medium,Textiles,10.7,528.5,13957,2024-05-29,SafeExpress
SHP02440,Kolkata,Bhubaneswar,Medium,Electronics,22.4,436.4,24340,2024-05-29,TCI Freight
SHP02441,Kolkata,Bhubaneswar,Medium,Electronics,12.7,440.2,13644,2024-05-29,Shivam Freight Co
SHP02442,Kolkata,Bhubaneswar,Medium,Steel Coils,11.5,443.3,12732,2024-05-29,Western Carriers
SHP02443,Bangalore,Hyderabad,Medium,Packaged Foods,13.1,567.6,17752,2024-05-29,Shivam Freight Co
SHP02444,Bangalore,Hyderabad,Medium,Textiles,13.1,573.4,17968,2024-05-29,Shivam Freight Co
SHP02445,Bangalore,Hyderabad,Medium,Textiles,19.9,573.2,27531,2024-05-29,Om Sai Transport
SHP02446,Mumbai,Delhi,Long,Steel Coils,22.6,1419.0,66431,2024-05-29,TCI Freight
SHP02447,Delhi,Kolkata,Long,Electronics,23.8,1508.1,71202,2024-05-29,Western Carriers
SHP02448,Delhi,Kolkata,Long,Textiles,24.1,1508.5,72042,2024-05-29,SafeExpress
SHP02449,Delhi,Kolkata,Long,Textiles,16.2,1511.5,48060,2024-05-29,Om Sai Transport
SHP02450,Mumbai,Pune,Short,Packaged Foods,10.2,148.0,4650,2024-05-30,Western Carriers
SHP02451,Mumbai,Pune,Short,Packaged Foods,11.9,152.1,5575,2024-05-30,Western Carriers
SHP02452,Delhi,Jaipur,Short,Textiles,17.3,283.2,13940,2024-05-30,Om Sai Transport
SHP02453,Chennai,Bangalore,Short,Textiles,20.7,353.6,20826,2024-05-30,TCI Freight
SHP02454,Chennai,Bangalore,Short,FMCG,22.8,348.3,22206,2024-05-30,Shivam Freight Co
SHP02455,Ahmedabad,Mumbai,Medium,Steel Coils,18.3,533.6,23771,2024-05-30,TCI Freight
SHP02456,Kolkata,Bhubaneswar,Medium,Automobile Parts,11.7,439.8,13002,2024-05-30,Om Sai Transport
SHP02457,Kolkata,Bhubaneswar,Medium,Automobile Parts,20.4,436.7,22537,2024-05-30,TCI Freight
SHP02458,Bangalore,Hyderabad,Medium,Chemicals,19.0,567.1,25188,2024-05-30,Om Sai Transport
SHP02459,Bangalore,Hyderabad,Medium,Packaged Foods,20.9,572.1,27955,2024-05-30,Om Sai Transport
SHP02460,Bangalore,Hyderabad,Medium,Textiles,24.3,568.7,33465,2024-05-30,SafeExpress
SHP02461,Mumbai,Delhi,Long,Chemicals,15.7,1416.5,45571,2024-05-30,Shivam Freight Co
SHP02462,Mumbai,Delhi,Long,Electronics,19.4,1417.8,55010,2024-05-30,SafeExpress
SHP02463,Mumbai,Delhi,Long,Chemicals,16.6,1416.2,47978,2024-05-30,TCI Freight
SHP02464,Delhi,Kolkata,Long,Electronics,24.5,1507.1,71615,2024-05-30,Shivam Freight Co
SHP02465,Mumbai,Pune,Short,Textiles,20.8,146.1,9149,2024-05-31,VRL Logistics
SHP02466,Mumbai,Pune,Short,Packaged Foods,23.5,146.3,10334,2024-05-31,SafeExpress
SHP02467,Mumbai,Pune,Short,Chemicals,10.9,146.0,4727,2024-05-31,Shivam Freight Co
SHP02468,Delhi,Jaipur,Short,FMCG,18.2,276.3,14861,2024-05-31,SafeExpress
SHP02469,Delhi,Jaipur,Short,Chemicals,19.7,283.5,16682,2024-05-31,SafeExpress
SHP02470,Delhi,Jaipur,Short,Chemicals,21.2,279.6,17991,2024-05-31,VRL Logistics
SHP02471,Chennai,Bangalore,Short,Chemicals,23.8,349.6,22354,2024-05-31,VRL Logistics
SHP02472,Chennai,Bangalore,Short,Automobile Parts,14.3,347.8,13675,2024-05-31,VRL Logistics
SHP02473,Chennai,Bangalore,Short,FMCG,15.5,353.1,14625,2024-05-31,VRL Logistics
SHP02474,Ahmedabad,Mumbai,Medium,Automobile Parts,23.2,529.3,29857,2024-05-31,Om Sai Transport
SHP02475,Ahmedabad,Mumbai,Medium,Automobile Parts,15.3,532.7,19887,2024-05-31,SafeExpress
SHP02476,Kolkata,Bhubaneswar,Medium,Textiles,15.8,439.6,17229,2024-05-31,Western Carriers
SHP02477,Kolkata,Bhubaneswar,Medium,Steel Coils,20.8,439.2,22516,2024-05-31,Western Carriers
SHP02478,Bangalore,Hyderabad,Medium,Textiles,20.9,573.6,28559,2024-05-31,SafeExpress
SHP02479,Mumbai,Delhi,Long,Automobile Parts,14.6,1419.0,42411,2024-05-31,Shivam Freight Co
SHP02480,Mumbai,Delhi,Long,FMCG,16.8,1420.3,49851,2024-05-31,TCI Freight
SHP02481,Delhi,Kolkata,Long,Automobile Parts,18.3,1507.7,54137,2024-05-31,TCI Freight
SHP02482,Mumbai,Pune,Short,Steel Coils,13.1,146.2,5738,2024-06-01,VRL Logistics
SHP02483,Mumbai,Pune,Short,Electronics,20.2,153.9,9388,2024-06-01,SafeExpress
SHP02484,Delhi,Jaipur,Short,Electronics,14.7,277.2,11952,2024-06-01,Om Sai Transport
SHP02485,Chennai,Bangalore,Short,Electronics,24.0,348.5,23468,2024-06-01,Western Carriers
SHP02486,Chennai,Bangalore,Short,Packaged Foods,20.1,353.0,20047,2024-06-01,Shivam Freight Co
SHP02487,Ahmedabad,Mumbai,Medium,Textiles,11.3,528.7,14451,2024-06-01,Om Sai Transport
SHP02488,Kolkata,Bhubaneswar,Medium,Textiles,11.0,438.5,12295,2024-06-01,TCI Freight
SHP02489,Bangalore,Hyderabad,Medium,Packaged Foods,20.6,569.8,28612,2024-06-01,TCI Freight
SHP02490,Bangalore,Hyderabad,Medium,Packaged Foods,23.2,567.3,31918,2024-06-01,TCI Freight
SHP02491,Mumbai,Delhi,Long,Textiles,18.3,1417.3,54412,2024-06-01,Western Carriers
SHP02492,Mumbai,Delhi,Long,Steel Coils,13.7,1422.8,40310,2024-06-01,SafeExpress
SHP02493,Delhi,Kolkata,Long,Steel Coils,15.7,1507.1,45956,2024-06-01,Shivam Freight Co
SHP02494,Mumbai,Pune,Short,Packaged Foods,18.8,153.4,8586,2024-06-02,SafeExpress
SHP02495,Mumbai,Pune,Short,Packaged Foods,18.5,153.6,8701,2024-06-02,VRL Logistics
SHP02496,Delhi,Jaipur,Short,Packaged Foods,20.2,281.0,16584,2024-06-02,Western Carriers
SHP02497,Chennai,Bangalore,Short,Packaged Foods,20.7,348.6,19833,2024-06-02,VRL Logistics
SHP02498,Chennai,Bangalore,Short,Chemicals,22.0,350.8,20434,2024-06-02,SafeExpress
SHP02499,Chennai,Bangalore,Short,Chemicals,15.5,353.9,14664,2024-06-02,VRL Logistics
SHP02500,Ahmedabad,Mumbai,Medium,Steel Coils,23.6,529.9,30960,2024-06-02,Western Carriers
SHP02501,Kolkata,Bhubaneswar,Medium,FMCG,15.1,444.0,16416,2024-06-02,Western Carriers
SHP02502,Kolkata,Bhubaneswar,Medium,Steel Coils,11.2,439.7,12194,2024-06-02,TCI Freight
SHP02503,Bangalore,Hyderabad,Medium,Automobile Parts,15.7,566.2,21043,2024-06-02,SafeExpress
SHP02504,Bangalore,Hyderabad,Medium,Textiles,20.1,566.3,26725,2024-06-02,VRL Logistics
SHP02505,Bangalore,Hyderabad,Medium,Automobile Parts,22.8,572.4,30748,2024-06-02,Western Carriers
SHP02506,Mumbai,Delhi,Long,Textiles,18.3,1421.8,52810,2024-06-02,Shivam Freight Co
SHP02507,Mumbai,Delhi,Long,Electronics,23.8,1423.3,67643,2024-06-02,VRL Logistics
SHP02508,Delhi,Kolkata,Long,Steel Coils,11.9,1506.2,37009,2024-06-02,Shivam Freight Co
SHP02509,Mumbai,Pune,Short,FMCG,22.0,147.2,9633,2024-06-03,Shivam Freight Co
SHP02510,Delhi,Jaipur,Short,Packaged Foods,15.1,281.9,12387,2024-06-03,Om Sai Transport
SHP02511,Chennai,Bangalore,Short,Chemicals,15.0,351.0,14647,2024-06-03,Shivam Freight Co
SHP02512,Chennai,Bangalore,Short,Packaged Foods,12.1,346.4,11777,2024-06-03,Om Sai Transport
SHP02513,Ahmedabad,Mumbai,Medium,Packaged Foods,21.9,526.0,27237,2024-06-03,Western Carriers
SHP02514,Kolkata,Bhubaneswar,Medium,Electronics,12.9,441.0,14039,2024-06-03,SafeExpress
SHP02515,Kolkata,Bhubaneswar,Medium,Electronics,12.8,440.8,13633,2024-06-03,TCI Freight
SHP02516,Bangalore,Hyderabad,Medium,Steel Coils,17.6,569.5,24169,2024-06-03,VRL Logistics
SHP02517,Mumbai,Delhi,Long,FMCG,12.8,1420.6,35931,2024-06-03,Shivam Freight Co
SHP02518,Mumbai,Delhi,Long,Steel Coils,22.7,1417.5,65216,2024-06-03,Om Sai Transport
SHP02519,Mumbai,Delhi,Long,Automobile Parts,22.5,1419.2,63541,2024-06-03,TCI Freight
SHP02520,Delhi,Kolkata,Long,Chemicals,22.4,1509.4,68834,2024-06-03,Shivam Freight Co
SHP02521,Mumbai,Pune,Short,Packaged Foods,21.3,148.0,9379,2024-06-04,SafeExpress
SHP02522,Mumbai,Pune,Short,FMCG,21.0,148.8,9507,2024-06-04,SafeExpress
SHP02523,Mumbai,Pune,Short,Packaged Foods,21.5,146.6,9626,2024-06-04,Western Carriers
SHP02524,Delhi,Jaipur,Short,Electronics,23.7,280.7,19721,2024-06-04,TCI Freight
SHP02525,Delhi,Jaipur,Short,FMCG,11.0,281.4,9139,2024-06-04,VRL Logistics
SHP02526,Chennai,Bangalore,Short,Automobile Parts,15.6,352.5,14957,2024-06-04,VRL Logistics
SHP02527,Chennai,Bangalore,Short,Steel Coils,21.2,350.4,20146,2024-06-04,Shivam Freight Co
SHP02528,Chennai,Bangalore,Short,Textiles,16.1,351.5,15753,2024-06-04,SafeExpress
SHP02529,Ahmedabad,Mumbai,Medium,Automobile Parts,12.1,529.6,15823,2024-06-04,Shivam Freight Co
SHP02530,Ahmedabad,Mumbai,Medium,FMCG,21.8,533.0,28271,2024-06-04,Western Carriers
SHP02531,Kolkata,Bhubaneswar,Medium,Steel Coils,21.9,436.1,23525,2024-06-04,Om Sai Transport
SHP02532,Kolkata,Bhubaneswar,Medium,Automobile Parts,12.8,440.7,13582,2024-06-04,SafeExpress
SHP02533,Bangalore,Hyderabad,Medium,FMCG,17.5,567.6,23019,2024-06-04,TCI Freight
SHP02534,Bangalore,Hyderabad,Medium,Automobile Parts,12.8,568.2,17161,2024-06-04,SafeExpress
SHP02535,Mumbai,Delhi,Long,Packaged Foods,20.0,1419.9,57649,2024-06-04,Shivam Freight Co
SHP02536,Delhi,Kolkata,Long,Automobile Parts,14.3,1509.8,43884,2024-06-04,Om Sai Transport
SHP02537,Delhi,Kolkata,Long,Steel Coils,10.2,1509.3,31384,2024-06-04,VRL Logistics
SHP02538,Delhi,Kolkata,Long,Packaged Foods,20.3,1511.0,62835,2024-06-04,TCI Freight
SHP02539,Mumbai,Pune,Short,Steel Coils,15.6,148.7,6856,2024-06-05,VRL Logistics
SHP02540,Mumbai,Pune,Short,Textiles,17.1,150.5,7403,2024-06-05,SafeExpress
SHP02541,Delhi,Jaipur,Short,Electronics,23.7,281.5,19693,2024-06-05,SafeExpress
SHP02542,Delhi,Jaipur,Short,Textiles,18.3,282.3,15054,2024-06-05,Western Carriers
SHP02543,Chennai,Bangalore,Short,Steel Coils,21.7,353.7,20780,2024-06-05,Western Carriers
SHP02544,Ahmedabad,Mumbai,Medium,Packaged Foods,13.7,532.5,18018,2024-06-05,VRL Logistics
SHP02545,Kolkata,Bhubaneswar,Medium,Chemicals,12.2,439.1,13306,2024-06-05,SafeExpress
SHP02546,Bangalore,Hyderabad,Medium,FMCG,16.7,568.1,22971,2024-06-05,VRL Logistics
SHP02547,Bangalore,Hyderabad,Medium,Automobile Parts,15.5,571.7,21455,2024-06-05,Om Sai Transport
SHP02548,Bangalore,Hyderabad,Medium,Chemicals,10.0,567.8,13518,2024-06-05,SafeExpress
SHP02549,Mumbai,Delhi,Long,Chemicals,17.3,1423.7,50302,2024-06-05,Om Sai Transport
SHP02550,Mumbai,Delhi,Long,Chemicals,19.7,1422.6,58721,2024-06-05,TCI Freight
SHP02551,Delhi,Kolkata,Long,Chemicals,23.3,1506.5,68668,2024-06-05,VRL Logistics
SHP02552,Delhi,Kolkata,Long,FMCG,15.6,1508.0,46347,2024-06-05,Shivam Freight Co
SHP02553,Delhi,Kolkata,Long,Packaged Foods,13.1,1508.4,38305,2024-06-05,Western Carriers
SHP02554,Mumbai,Pune,Short,Steel Coils,17.0,146.6,7665,2024-06-06,SafeExpress
SHP02555,Mumbai,Pune,Short,FMCG,18.3,151.0,8393,2024-06-06,VRL Logistics
SHP02556,Delhi,Jaipur,Short,Textiles,13.0,279.6,10515,2024-06-06,Om Sai Transport
SHP02557,Delhi,Jaipur,Short,Packaged Foods,14.8,280.7,11736,2024-06-06,VRL Logistics
SHP02558,Chennai,Bangalore,Short,Packaged Foods,22.5,347.1,21437,2024-06-06,Western Carriers
SHP02559,Chennai,Bangalore,Short,Chemicals,14.9,349.5,14181,2024-06-06,Shivam Freight Co
SHP02560,Ahmedabad,Mumbai,Medium,Packaged Foods,18.5,530.5,24624,2024-06-06,Western Carriers
SHP02561,Ahmedabad,Mumbai,Medium,Packaged Foods,12.0,531.7,15492,2024-06-06,Om Sai Transport
SHP02562,Kolkata,Bhubaneswar,Medium,Textiles,20.7,437.3,21795,2024-06-06,VRL Logistics
SHP02563,Kolkata,Bhubaneswar,Medium,Automobile Parts,16.2,438.7,17570,2024-06-06,SafeExpress
SHP02564,Kolkata,Bhubaneswar,Medium,Automobile Parts,17.9,440.4,19405,2024-06-06,Western Carriers
SHP02565,Bangalore,Hyderabad,Medium,FMCG,16.7,572.5,22125,2024-06-06,VRL Logistics
SHP02566,Mumbai,Delhi,Long,FMCG,18.4,1421.2,51787,2024-06-06,Western Carriers
SHP02567,Delhi,Kolkata,Long,FMCG,21.4,1506.3,64549,2024-06-06,Om Sai Transport
SHP02568,Mumbai,Pune,Short,Chemicals,19.5,149.1,8686,2024-06-07,VRL Logistics
SHP02569,Mumbai,Pune,Short,Chemicals,20.0,149.9,9065,2024-06-07,Shivam Freight Co
SHP02570,Delhi,Jaipur,Short,Textiles,13.4,276.3,10617,2024-06-07,Western Carriers
SHP02571,Delhi,Jaipur,Short,FMCG,23.2,276.6,18415,2024-06-07,Om Sai Transport
SHP02572,Delhi,Jaipur,Short,Electronics,12.3,279.2,9657,2024-06-07,Western Carriers
SHP02573,Chennai,Bangalore,Short,Steel Coils,17.7,350.5,16952,2024-06-07,TCI Freight
SHP02574,Chennai,Bangalore,Short,Automobile Parts,12.9,348.1,12638,2024-06-07,Shivam Freight Co
SHP02575,Ahmedabad,Mumbai,Medium,Chemicals,19.1,526.2,24996,2024-06-07,SafeExpress
SHP02576,Ahmedabad,Mumbai,Medium,Packaged Foods,11.7,527.6,15191,2024-06-07,Western Carriers
SHP02577,Kolkata,Bhubaneswar,Medium,FMCG,18.6,437.6,21084,2024-06-07,Western Carriers
SHP02578,Bangalore,Hyderabad,Medium,Electronics,15.4,572.5,21000,2024-06-07,Om Sai Transport
SHP02579,Bangalore,Hyderabad,Medium,Chemicals,23.3,570.5,31916,2024-06-07,Shivam Freight Co
SHP02580,Bangalore,Hyderabad,Medium,Textiles,13.2,568.5,17966,2024-06-07,Om Sai Transport
SHP02581,Mumbai,Delhi,Long,Chemicals,14.9,1419.1,44185,2024-06-07,Om Sai Transport
SHP02582,Mumbai,Delhi,Long,FMCG,17.2,1423.4,50382,2024-06-07,Western Carriers
SHP02583,Mumbai,Delhi,Long,Packaged Foods,13.7,1422.9,40147,2024-06-07,Shivam Freight Co
SHP02584,Delhi,Kolkata,Long,Automobile Parts,24.0,1513.6,72597,2024-06-07,Western Carriers
SHP02585,Mumbai,Pune,Short,Automobile Parts,15.5,146.8,6894,2024-06-08,Western Carriers
SHP02586,Delhi,Jaipur,Short,Packaged Foods,19.8,278.2,16482,2024-06-08,Shivam Freight Co
SHP02587,Chennai,Bangalore,Short,Steel Coils,24.0,349.7,23247,2024-06-08,Shivam Freight Co
SHP02588,Chennai,Bangalore,Short,Packaged Foods,21.2,353.4,20507,2024-06-08,SafeExpress
SHP02589,Ahmedabad,Mumbai,Medium,Chemicals,13.5,526.7,17333,2024-06-08,Western Carriers
SHP02590,Kolkata,Bhubaneswar,Medium,Electronics,18.4,436.2,19783,2024-06-08,Om Sai Transport
SHP02591,Kolkata,Bhubaneswar,Medium,Packaged Foods,16.0,437.7,17482,2024-06-08,SafeExpress
SHP02592,Bangalore,Hyderabad,Medium,Packaged Foods,24.6,569.3,33578,2024-06-08,Western Carriers
SHP02593,Bangalore,Hyderabad,Medium,Textiles,21.5,566.5,28858,2024-06-08,Western Carriers
SHP02594,Mumbai,Delhi,Long,Steel Coils,14.1,1416.2,41492,2024-06-08,Western Carriers
SHP02595,Mumbai,Delhi,Long,FMCG,10.0,1419.6,29240,2024-06-08,TCI Freight
SHP02596,Delhi,Kolkata,Long,Electronics,20.5,1510.5,63915,2024-06-08,Western Carriers
SHP02597,Delhi,Kolkata,Long,Automobile Parts,15.5,1506.4,47825,2024-06-08,SafeExpress
SHP02598,Mumbai,Pune,Short,Steel Coils,15.6,151.3,7114,2024-06-09,VRL Logistics
SHP02599,Mumbai,Pune,Short,Automobile Parts,15.2,151.9,6855,2024-06-09,VRL Logistics
SHP02600,Delhi,Jaipur,Short,Automobile Parts,12.2,282.1,10203,2024-06-09,Western Carriers
SHP02601,Delhi,Jaipur,Short,Chemicals,15.4,280.3,12674,2024-06-09,VRL Logistics
SHP02602,Chennai,Bangalore,Short,Chemicals,19.7,353.4,19549,2024-06-09,Western Carriers
SHP02603,Chennai,Bangalore,Short,FMCG,10.6,347.3,10360,2024-06-09,Western Carriers
SHP02604,Ahmedabad,Mumbai,Medium,FMCG,22.5,530.3,28220,2024-06-09,TCI Freight
SHP02605,Ahmedabad,Mumbai,Medium,Electronics,22.2,527.1,27728,2024-06-09,SafeExpress
SHP02606,Kolkata,Bhubaneswar,Medium,Chemicals,24.9,443.0,26932,2024-06-09,Shivam Freight Co
SHP02607,Kolkata,Bhubaneswar,Medium,Steel Coils,13.8,440.6,14849,2024-06-09,Western Carriers
SHP02608,Bangalore,Hyderabad,Medium,FMCG,17.3,572.3,23209,2024-06-09,VRL Logistics
SHP02609,Bangalore,Hyderabad,Medium,Automobile Parts,15.9,570.4,21544,2024-06-09,Om Sai Transport
SHP02610,Bangalore,Hyderabad,Medium,Packaged Foods,21.2,570.6,28771,2024-06-09,Om Sai Transport
SHP02611,Mumbai,Delhi,Long,Electronics,20.4,1417.2,60372,2024-06-09,Shivam Freight Co
SHP02612,Mumbai,Delhi,Long,Automobile Parts,24.5,1423.1,72942,2024-06-09,Om Sai Transport
SHP02613,Delhi,Kolkata,Long,FMCG,13.6,1513.6,42039,2024-06-09,Om Sai Transport
SHP02614,Delhi,Kolkata,Long,Packaged Foods,11.4,1510.3,35738,2024-06-09,Shivam Freight Co
SHP02615,Delhi,Kolkata,Long,FMCG,11.8,1506.2,35975,2024-06-09,Western Carriers
SHP02616,Mumbai,Pune,Short,Electronics,11.8,149.6,5251,2024-06-10,SafeExpress
SHP02617,Mumbai,Pune,Short,Textiles,19.0,146.1,8063,2024-06-10,Om Sai Transport
SHP02618,Delhi,Jaipur,Short,Packaged Foods,17.2,280.7,14140,2024-06-10,Western Carriers
SHP02619,Delhi,Jaipur,Short,Packaged Foods,10.5,279.9,8506,2024-06-10,VRL Logistics
SHP02620,Delhi,Jaipur,Short,Chemicals,22.9,281.6,18712,2024-06-10,Shivam Freight Co
SHP02621,Chennai,Bangalore,Short,Automobile Parts,15.3,351.0,14977,2024-06-10,Shivam Freight Co
SHP02622,Chennai,Bangalore,Short,Packaged Foods,24.4,349.0,23551,2024-06-10,SafeExpress
SHP02623,Chennai,Bangalore,Short,FMCG,11.4,348.0,10749,2024-06-10,Western Carriers
SHP02624,Ahmedabad,Mumbai,Medium,Automobile Parts,21.2,529.6,27437,2024-06-10,Shivam Freight Co
SHP02625,Kolkata,Bhubaneswar,Medium,Automobile Parts,22.8,442.2,24655,2024-06-10,Shivam Freight Co
SHP02626,Kolkata,Bhubaneswar,Medium,FMCG,11.9,436.1,13022,2024-06-10,Shivam Freight Co
SHP02627,Kolkata,Bhubaneswar,Medium,Automobile Parts,16.7,443.5,18321,2024-06-10,VRL Logistics
SHP02628,Bangalore,Hyderabad,Medium,Textiles,18.0,572.4,25245,2024-06-10,TCI Freight
SHP02629,Bangalore,Hyderabad,Medium,Automobile Parts,17.8,566.9,24185,2024-06-10,VRL Logistics
SHP02630,Mumbai,Delhi,Long,Steel Coils,15.0,1418.3,43843,2024-06-10,Shivam Freight Co
SHP02631,Delhi,Kolkata,Long,Electronics,15.8,1508.0,47250,2024-06-10,Om Sai Transport
SHP02632,Delhi,Kolkata,Long,Textiles,10.7,1512.2,31374,2024-06-10,Western Carriers
SHP02633,Mumbai,Pune,Short,Packaged Foods,16.7,147.8,7502,2024-06-11,Shivam Freight Co
SHP02634,Mumbai,Pune,Short,Chemicals,12.0,147.3,5431,2024-06-11,TCI Freight
SHP02635,Delhi,Jaipur,Short,Chemicals,20.5,278.9,16070,2024-06-11,Western Carriers
SHP02636,Delhi,Jaipur,Short,Packaged Foods,18.2,278.9,14499,2024-06-11,VRL Logistics
SHP02637,Chennai,Bangalore,Short,Electronics,11.0,349.4,10429,2024-06-11,VRL Logistics
SHP02638,Chennai,Bangalore,Short,Steel Coils,17.6,349.8,16692,2024-06-11,Shivam Freight Co
SHP02639,Chennai,Bangalore,Short,Steel Coils,11.3,346.2,10583,2024-06-11,SafeExpress
SHP02640,Ahmedabad,Mumbai,Medium,FMCG,13.9,529.0,17873,2024-06-11,Western Carriers
SHP02641,Ahmedabad,Mumbai,Medium,Steel Coils,16.2,527.5,21188,2024-06-11,Om Sai Transport
SHP02642,Ahmedabad,Mumbai,Medium,Packaged Foods,12.0,527.2,15774,2024-06-11,VRL Logistics
SHP02643,Kolkata,Bhubaneswar,Medium,Packaged Foods,20.0,436.9,21341,2024-06-11,VRL Logistics
SHP02644,Bangalore,Hyderabad,Medium,Steel Coils,13.7,568.6,19107,2024-06-11,Om Sai Transport
SHP02645,Mumbai,Delhi,Long,Electronics,11.5,1419.8,33650,2024-06-11,Western Carriers
SHP02646,Mumbai,Delhi,Long,Steel Coils,22.1,1420.3,64060,2024-06-11,TCI Freight
SHP02647,Delhi,Kolkata,Long,Steel Coils,24.8,1509.8,72040,2024-06-11,Om Sai Transport
SHP02648,Mumbai,Pune,Short,Textiles,15.4,152.7,7030,2024-06-12,SafeExpress
SHP02649,Mumbai,Pune,Short,FMCG,16.5,146.5,7415,2024-06-12,SafeExpress
SHP02650,Delhi,Jaipur,Short,FMCG,15.6,281.8,12576,2024-06-12,Om Sai Transport
SHP02651,Delhi,Jaipur,Short,FMCG,11.9,282.0,9663,2024-06-12,TCI Freight
SHP02652,Delhi,Jaipur,Short,Steel Coils,19.7,283.1,16149,2024-06-12,Om Sai Transport
SHP02653,Chennai,Bangalore,Short,Automobile Parts,11.1,350.0,10790,2024-06-12,Shivam Freight Co
SHP02654,Chennai,Bangalore,Short,FMCG,20.6,350.5,20195,2024-06-12,Western Carriers
SHP02655,Ahmedabad,Mumbai,Medium,Textiles,17.0,529.1,21692,2024-06-12,VRL Logistics
SHP02656,Ahmedabad,Mumbai,Medium,FMCG,19.1,532.7,24646,2024-06-12,SafeExpress
SHP02657,Kolkata,Bhubaneswar,Medium,Chemicals,22.6,442.1,25085,2024-06-12,Western Carriers
SHP02658,Kolkata,Bhubaneswar,Medium,Automobile Parts,19.9,440.8,22010,2024-06-12,VRL Logistics
SHP02659,Bangalore,Hyderabad,Medium,Packaged Foods,18.0,573.8,24292,2024-06-12,VRL Logistics
SHP02660,Bangalore,Hyderabad,Medium,Chemicals,24.0,571.0,32563,2024-06-12,TCI Freight
SHP02661,Mumbai,Delhi,Long,Textiles,18.5,1423.3,52775,2024-06-12,Om Sai Transport
SHP02662,Mumbai,Delhi,Long,Textiles,17.8,1422.6,50882,2024-06-12,TCI Freight
SHP02663,Delhi,Kolkata,Long,FMCG,19.2,1507.5,58285,2024-06-12,Western Carriers
SHP02664,Delhi,Kolkata,Long,Chemicals,20.3,1508.4,60623,2024-06-12,TCI Freight
SHP02665,Delhi,Kolkata,Long,Steel Coils,22.0,1508.6,66291,2024-06-12,Shivam Freight Co
SHP02666,Mumbai,Pune,Short,FMCG,13.1,151.1,6088,2024-06-13,VRL Logistics
SHP02667,Mumbai,Pune,Short,Steel Coils,19.7,147.5,8834,2024-06-13,SafeExpress
SHP02668,Delhi,Jaipur,Short,Textiles,16.9,283.5,14031,2024-06-13,TCI Freight
SHP02669,Delhi,Jaipur,Short,Chemicals,11.9,276.6,9653,2024-06-13,SafeExpress
SHP02670,Chennai,Bangalore,Short,Chemicals,13.8,352.5,12976,2024-06-13,TCI Freight
SHP02671,Ahmedabad,Mumbai,Medium,Automobile Parts,13.0,530.5,16913,2024-06-13,Western Carriers
SHP02672,Ahmedabad,Mumbai,Medium,Automobile Parts,18.9,533.9,25175,2024-06-13,VRL Logistics
SHP02673,Ahmedabad,Mumbai,Medium,FMCG,12.7,527.0,16621,2024-06-13,Shivam Freight Co
SHP02674,Kolkata,Bhubaneswar,Medium,FMCG,18.2,438.2,19209,2024-06-13,Shivam Freight Co
SHP02675,Bangalore,Hyderabad,Medium,Packaged Foods,10.6,569.4,14951,2024-06-13,Shivam Freight Co
SHP02676,Bangalore,Hyderabad,Medium,Textiles,24.7,566.9,34767,2024-06-13,SafeExpress
SHP02677,Bangalore,Hyderabad,Medium,FMCG,13.3,567.9,18668,2024-06-13,VRL Logistics
SHP02678,Mumbai,Delhi,Long,Textiles,12.3,1422.7,36873,2024-06-13,Om Sai Transport
SHP02679,Mumbai,Delhi,Long,Chemicals,24.5,1417.4,72675,2024-06-13,TCI Freight
SHP02680,Delhi,Kolkata,Long,Textiles,21.1,1506.7,62924,2024-06-13,SafeExpress
SHP02681,Mumbai,Pune,Short,Steel Coils,13.3,152.8,5950,2024-06-14,Om Sai Transport
SHP02682,Delhi,Jaipur,Short,Chemicals,13.6,276.9,11300,2024-06-14,TCI Freight
SHP02683,Delhi,Jaipur,Short,FMCG,16.7,282.8,14128,2024-06-14,Shivam Freight Co
SHP02684,Chennai,Bangalore,Short,Chemicals,21.1,349.5,20075,2024-06-14,SafeExpress
SHP02685,Chennai,Bangalore,Short,Electronics,21.5,346.2,20117,2024-06-14,SafeExpress
SHP02686,Ahmedabad,Mumbai,Medium,Automobile Parts,10.3,528.7,13295,2024-06-14,SafeExpress
SHP02687,Ahmedabad,Mumbai,Medium,Chemicals,15.6,530.9,20378,2024-06-14,Western Carriers
SHP02688,Ahmedabad,Mumbai,Medium,Steel Coils,12.5,531.5,16153,2024-06-14,VRL Logistics
SHP02689,Kolkata,Bhubaneswar,Medium,Chemicals,14.4,438.0,15461,2024-06-14,SafeExpress
SHP02690,Kolkata,Bhubaneswar,Medium,Electronics,20.3,443.7,22376,2024-06-14,Western Carriers
SHP02691,Bangalore,Hyderabad,Medium,Automobile Parts,15.8,572.4,21008,2024-06-14,Shivam Freight Co
SHP02692,Bangalore,Hyderabad,Medium,Packaged Foods,20.9,569.9,28295,2024-06-14,SafeExpress
SHP02693,Bangalore,Hyderabad,Medium,Textiles,13.4,568.0,17695,2024-06-14,SafeExpress
SHP02694,Mumbai,Delhi,Long,FMCG,19.7,1422.8,56504,2024-06-14,Om Sai Transport
SHP02695,Delhi,Kolkata,Long,Steel Coils,21.4,1508.9,64840,2024-06-14,Shivam Freight Co
SHP02696,Delhi,Kolkata,Long,Chemicals,18.3,1510.9,55883,2024-06-14,VRL Logistics
SHP02697,Mumbai,Pune,Short,Steel Coils,16.5,147.1,7369,2024-06-15,Om Sai Transport
SHP02698,Mumbai,Pune,Short,FMCG,12.5,149.3,5486,2024-06-15,Shivam Freight Co
SHP02699,Delhi,Jaipur,Short,Electronics,21.8,281.2,18546,2024-06-15,Om Sai Transport
SHP02700,Delhi,Jaipur,Short,Steel Coils,17.1,278.3,14097,2024-06-15,Om Sai Transport
SHP02701,Delhi,Jaipur,Short,Packaged Foods,24.4,276.1,20100,2024-06-15,Shivam Freight Co
SHP02702,Chennai,Bangalore,Short,Automobile Parts,12.7,352.5,12324,2024-06-15,TCI Freight
SHP02703,Chennai,Bangalore,Short,Steel Coils,20.8,352.1,20185,2024-06-15,Om Sai Transport
SHP02704,Ahmedabad,Mumbai,Medium,Packaged Foods,21.5,532.8,28563,2024-06-15,TCI Freight
SHP02705,Ahmedabad,Mumbai,Medium,Packaged Foods,10.9,530.0,14187,2024-06-15,SafeExpress
SHP02706,Kolkata,Bhubaneswar,Medium,FMCG,19.1,437.9,20369,2024-06-15,VRL Logistics
SHP02707,Bangalore,Hyderabad,Medium,Electronics,11.6,567.4,15602,2024-06-15,TCI Freight
SHP02708,Bangalore,Hyderabad,Medium,Packaged Foods,11.0,572.0,14993,2024-06-15,VRL Logistics
SHP02709,Mumbai,Delhi,Long,Automobile Parts,15.9,1421.4,46298,2024-06-15,TCI Freight
SHP02710,Mumbai,Delhi,Long,FMCG,19.7,1419.7,57245,2024-06-15,TCI Freight
SHP02711,Delhi,Kolkata,Long,Steel Coils,13.8,1509.2,42579,2024-06-15,TCI Freight
SHP02712,Delhi,Kolkata,Long,Packaged Foods,11.9,1512.9,35504,2024-06-15,TCI Freight
SHP02713,Delhi,Kolkata,Long,Automobile Parts,22.6,1514.0,67694,2024-06-15,SafeExpress
SHP02714,Mumbai,Pune,Short,Steel Coils,17.3,146.2,7607,2024-06-16,SafeExpress
SHP02715,Mumbai,Pune,Short,Chemicals,21.3,152.2,9634,2024-06-16,Western Carriers
SHP02716,Delhi,Jaipur,Short,Automobile Parts,12.1,279.2,9907,2024-06-16,VRL Logistics
SHP02717,Delhi,Jaipur,Short,Steel Coils,17.0,279.9,13715,2024-06-16,SafeExpress
SHP02718,Chennai,Bangalore,Short,Packaged Foods,12.2,348.0,11480,2024-06-16,VRL Logistics
SHP02719,Ahmedabad,Mumbai,Medium,Automobile Parts,15.8,529.7,20475,2024-06-16,Shivam Freight Co
SHP02720,Ahmedabad,Mumbai,Medium,Automobile Parts,15.3,530.8,19757,2024-06-16,Shivam Freight Co
SHP02721,Kolkata,Bhubaneswar,Medium,Chemicals,15.0,436.5,16668,2024-06-16,Om Sai Transport
SHP02722,Kolkata,Bhubaneswar,Medium,Chemicals,11.5,436.1,12990,2024-06-16,VRL Logistics
SHP02723,Bangalore,Hyderabad,Medium,Automobile Parts,17.8,567.7,23162,2024-06-16,VRL Logistics
SHP02724,Bangalore,Hyderabad,Medium,Textiles,16.9,572.4,22714,2024-06-16,VRL Logistics
SHP02725,Bangalore,Hyderabad,Medium,Automobile Parts,17.8,566.4,23203,2024-06-16,SafeExpress
SHP02726,Mumbai,Delhi,Long,Chemicals,21.7,1416.3,63326,2024-06-16,TCI Freight
SHP02727,Mumbai,Delhi,Long,Automobile Parts,24.5,1416.5,72087,2024-06-16,VRL Logistics
SHP02728,Mumbai,Delhi,Long,Textiles,16.6,1421.3,48602,2024-06-16,Om Sai Transport
SHP02729,Delhi,Kolkata,Long,Packaged Foods,15.8,1506.7,46393,2024-06-16,Shivam Freight Co
SHP02730,Mumbai,Pune,Short,FMCG,18.5,147.6,8068,2024-06-17,Om Sai Transport
SHP02731,Delhi,Jaipur,Short,Packaged Foods,23.7,278.0,18965,2024-06-17,Om Sai Transport
SHP02732,Delhi,Jaipur,Short,Packaged Foods,14.0,282.9,11624,2024-06-17,Om Sai Transport
SHP02733,Delhi,Jaipur,Short,Automobile Parts,24.7,279.7,20636,2024-06-17,Shivam Freight Co
SHP02734,Chennai,Bangalore,Short,Textiles,15.1,352.5,14399,2024-06-17,SafeExpress
SHP02735,Chennai,Bangalore,Short,FMCG,13.9,353.6,13207,2024-06-17,Western Carriers
SHP02736,Ahmedabad,Mumbai,Medium,Electronics,12.3,528.6,15882,2024-06-17,TCI Freight
SHP02737,Ahmedabad,Mumbai,Medium,Steel Coils,14.2,530.2,18327,2024-06-17,Om Sai Transport
SHP02738,Ahmedabad,Mumbai,Medium,Chemicals,16.5,532.5,21113,2024-06-17,VRL Logistics
SHP02739,Kolkata,Bhubaneswar,Medium,FMCG,10.8,443.9,12028,2024-06-17,VRL Logistics
SHP02740,Kolkata,Bhubaneswar,Medium,FMCG,12.2,436.9,13177,2024-06-17,Om Sai Transport
SHP02741,Kolkata,Bhubaneswar,Medium,Packaged Foods,13.7,443.0,15418,2024-06-17,Western Carriers
SHP02742,Bangalore,Hyderabad,Medium,Textiles,16.0,569.3,21975,2024-06-17,Shivam Freight Co
SHP02743,Bangalore,Hyderabad,Medium,Electronics,19.3,567.9,26845,2024-06-17,Shivam Freight Co
SHP02744,Mumbai,Delhi,Long,Automobile Parts,22.2,1419.5,64759,2024-06-17,Shivam Freight Co
SHP02745,Delhi,Kolkata,Long,Automobile Parts,13.5,1506.9,40891,2024-06-17,SafeExpress
SHP02746,Delhi,Kolkata,Long,Textiles,16.1,1510.7,48833,2024-06-17,Om Sai Transport
SHP02747,Mumbai,Pune,Short,FMCG,19.0,148.7,8564,2024-06-18,Shivam Freight Co
SHP02748,Delhi,Jaipur,Short,Automobile Parts,10.1,282.4,8226,2024-06-18,Shivam Freight Co
SHP02749,Chennai,Bangalore,Short,Steel Coils,24.9,351.2,24184,2024-06-18,Shivam Freight Co
SHP02750,Chennai,Bangalore,Short,Electronics,24.8,347.1,24160,2024-06-18,Western Carriers
SHP02751,Chennai,Bangalore,Short,Textiles,18.6,348.9,17975,2024-06-18,VRL Logistics
SHP02752,Ahmedabad,Mumbai,Medium,Steel Coils,10.6,526.7,13083,2024-06-18,Om Sai Transport
SHP02753,Ahmedabad,Mumbai,Medium,Textiles,22.4,533.2,28549,2024-06-18,TCI Freight
SHP02754,Ahmedabad,Mumbai,Medium,Chemicals,22.6,528.3,28061,2024-06-18,VRL Logistics
SHP02755,Kolkata,Bhubaneswar,Medium,Electronics,13.9,440.8,15072,2024-06-18,TCI Freight
SHP02756,Kolkata,Bhubaneswar,Medium,Packaged Foods,19.1,436.8,20559,2024-06-18,SafeExpress
SHP02757,Bangalore,Hyderabad,Medium,Chemicals,17.1,567.3,23729,2024-06-18,VRL Logistics
SHP02758,Bangalore,Hyderabad,Medium,FMCG,20.6,568.3,28577,2024-06-18,Om Sai Transport
SHP02759,Bangalore,Hyderabad,Medium,Steel Coils,22.7,572.4,32055,2024-06-18,Om Sai Transport
SHP02760,Mumbai,Delhi,Long,Packaged Foods,11.2,1417.2,32577,2024-06-18,Om Sai Transport
SHP02761,Mumbai,Delhi,Long,Packaged Foods,16.7,1416.9,47716,2024-06-18,VRL Logistics
SHP02762,Mumbai,Delhi,Long,Electronics,20.3,1422.2,59235,2024-06-18,SafeExpress
SHP02763,Delhi,Kolkata,Long,Electronics,20.0,1513.4,60715,2024-06-18,TCI Freight
SHP02764,Mumbai,Pune,Short,Steel Coils,17.1,147.7,7348,2024-06-19,SafeExpress
SHP02765,Mumbai,Pune,Short,FMCG,11.0,147.5,4720,2024-06-19,VRL Logistics
SHP02766,Mumbai,Pune,Short,Automobile Parts,22.2,149.1,9798,2024-06-19,Western Carriers
SHP02767,Delhi,Jaipur,Short,Automobile Parts,14.9,277.1,12677,2024-06-19,Western Carriers
SHP02768,Delhi,Jaipur,Short,Electronics,23.7,278.5,19948,2024-06-19,Om Sai Transport
SHP02769,Chennai,Bangalore,Short,Textiles,16.2,353.6,15279,2024-06-19,Om Sai Transport
SHP02770,Ahmedabad,Mumbai,Medium,Steel Coils,19.1,527.9,24464,2024-06-19,Western Carriers
SHP02771,Kolkata,Bhubaneswar,Medium,FMCG,19.5,442.2,21323,2024-06-19,TCI Freight
SHP02772,Bangalore,Hyderabad,Medium,Steel Coils,21.6,566.8,29706,2024-06-19,Om Sai Transport
SHP02773,Mumbai,Delhi,Long,Chemicals,21.0,1421.3,59906,2024-06-19,SafeExpress
SHP02774,Mumbai,Delhi,Long,Chemicals,24.9,1423.1,71427,2024-06-19,Om Sai Transport
SHP02775,Mumbai,Delhi,Long,Automobile Parts,24.2,1419.5,69761,2024-06-19,Western Carriers
SHP02776,Delhi,Kolkata,Long,Textiles,21.3,1510.3,63511,2024-06-19,Shivam Freight Co
SHP02777,Delhi,Kolkata,Long,Automobile Parts,19.4,1509.3,59568,2024-06-19,SafeExpress
SHP02778,Mumbai,Pune,Short,Steel Coils,23.8,150.6,11177,2024-06-20,SafeExpress
SHP02779,Mumbai,Pune,Short,FMCG,23.4,148.1,10814,2024-06-20,Om Sai Transport
SHP02780,Mumbai,Pune,Short,Packaged Foods,18.7,151.3,8670,2024-06-20,TCI Freight
SHP02781,Delhi,Jaipur,Short,Automobile Parts,16.7,283.6,13688,2024-06-20,Shivam Freight Co
SHP02782,Chennai,Bangalore,Short,Packaged Foods,23.5,350.3,23670,2024-06-20,TCI Freight
SHP02783,Chennai,Bangalore,Short,FMCG,21.0,352.9,21164,2024-06-20,VRL Logistics
SHP02784,Ahmedabad,Mumbai,Medium,Electronics,24.8,526.4,32128,2024-06-20,TCI Freight
SHP02785,Ahmedabad,Mumbai,Medium,Automobile Parts,11.7,528.3,15225,2024-06-20,TCI Freight
SHP02786,Ahmedabad,Mumbai,Medium,Packaged Foods,12.7,531.8,16919,2024-06-20,Western Carriers
SHP02787,Kolkata,Bhubaneswar,Medium,Steel Coils,24.2,441.2,26070,2024-06-20,Western Carriers
SHP02788,Kolkata,Bhubaneswar,Medium,Textiles,12.5,441.8,13634,2024-06-20,SafeExpress
SHP02789,Bangalore,Hyderabad,Medium,Textiles,12.5,567.6,16414,2024-06-20,VRL Logistics
SHP02790,Bangalore,Hyderabad,Medium,Packaged Foods,20.4,574.0,27686,2024-06-20,Om Sai Transport
SHP02791,Mumbai,Delhi,Long,FMCG,11.0,1423.6,33176,2024-06-20,VRL Logistics
SHP02792,Delhi,Kolkata,Long,FMCG,15.1,1512.1,46941,2024-06-20,TCI Freight
SHP02793,Mumbai,Pune,Short,Textiles,19.2,149.8,8709,2024-06-21,Shivam Freight Co
SHP02794,Delhi,Jaipur,Short,Packaged Foods,18.2,282.5,14884,2024-06-21,TCI Freight
SHP02795,Delhi,Jaipur,Short,Packaged Foods,21.9,282.4,17785,2024-06-21,Om Sai Transport
SHP02796,Chennai,Bangalore,Short,FMCG,20.3,350.2,18900,2024-06-21,Western Carriers
SHP02797,Ahmedabad,Mumbai,Medium,FMCG,21.9,532.8,28256,2024-06-21,TCI Freight
SHP02798,Ahmedabad,Mumbai,Medium,Chemicals,16.0,532.2,20401,2024-06-21,Western Carriers
SHP02799,Kolkata,Bhubaneswar,Medium,Steel Coils,11.0,442.0,12382,2024-06-21,Western Carriers
SHP02800,Kolkata,Bhubaneswar,Medium,Automobile Parts,21.7,443.5,24091,2024-06-21,SafeExpress
SHP02801,Kolkata,Bhubaneswar,Medium,Packaged Foods,15.5,438.6,17250,2024-06-21,SafeExpress
SHP02802,Bangalore,Hyderabad,Medium,Electronics,24.8,568.8,33798,2024-06-21,VRL Logistics
SHP02803,Bangalore,Hyderabad,Medium,FMCG,22.6,569.3,30870,2024-06-21,SafeExpress
SHP02804,Bangalore,Hyderabad,Medium,Chemicals,22.6,566.7,30277,2024-06-21,Shivam Freight Co
SHP02805,Mumbai,Delhi,Long,Textiles,24.9,1420.0,73546,2024-06-21,Shivam Freight Co
SHP02806,Mumbai,Delhi,Long,Textiles,10.5,1421.0,31170,2024-06-21,Om Sai Transport
SHP02807,Delhi,Kolkata,Long,Textiles,22.9,1508.3,67085,2024-06-21,Western Carriers
SHP02808,Delhi,Kolkata,Long,Automobile Parts,12.1,1513.7,35868,2024-06-21,Om Sai Transport
SHP02809,Mumbai,Pune,Short,Automobile Parts,24.6,153.9,11147,2024-06-22,VRL Logistics
SHP02810,Mumbai,Pune,Short,Textiles,16.1,151.9,7103,2024-06-22,VRL Logistics
SHP02811,Delhi,Jaipur,Short,FMCG,24.0,283.0,19738,2024-06-22,Shivam Freight Co
SHP02812,Chennai,Bangalore,Short,Packaged Foods,21.5,353.8,20595,2024-06-22,Om Sai Transport
SHP02813,Ahmedabad,Mumbai,Medium,FMCG,13.5,532.4,17532,2024-06-22,TCI Freight
SHP02814,Ahmedabad,Mumbai,Medium,Electronics,23.7,532.0,30510,2024-06-22,TCI Freight
SHP02815,Ahmedabad,Mumbai,Medium,Chemicals,23.1,533.5,30388,2024-06-22,Western Carriers
SHP02816,Kolkata,Bhubaneswar,Medium,Automobile Parts,10.6,442.0,11765,2024-06-22,Shivam Freight Co
SHP02817,Kolkata,Bhubaneswar,Medium,Packaged Foods,14.0,441.3,14984,2024-06-22,Shivam Freight Co
SHP02818,Bangalore,Hyderabad,Medium,FMCG,23.4,566.0,32046,2024-06-22,VRL Logistics
SHP02819,Bangalore,Hyderabad,Medium,Chemicals,11.6,569.2,16051,2024-06-22,Om Sai Transport
SHP02820,Bangalore,Hyderabad,Medium,Chemicals,12.5,566.7,17563,2024-06-22,Western Carriers
SHP02821,Mumbai,Delhi,Long,Steel Coils,17.1,1422.5,51429,2024-06-22,Om Sai Transport
SHP02822,Mumbai,Delhi,Long,Steel Coils,22.3,1421.9,66917,2024-06-22,SafeExpress
SHP02823,Mumbai,Delhi,Long,FMCG,17.8,1416.0,52328,2024-06-22,Western Carriers
SHP02824,Delhi,Kolkata,Long,Chemicals,13.6,1509.9,41633,2024-06-22,Western Carriers
SHP02825,Mumbai,Pune,Short,Automobile Parts,12.0,148.3,5404,2024-06-23,TCI Freight
SHP02826,Mumbai,Pune,Short,Packaged Foods,13.7,148.3,6141,2024-06-23,Western Carriers
SHP02827,Mumbai,Pune,Short,Packaged Foods,19.7,149.4,8770,2024-06-23,SafeExpress
SHP02828,Delhi,Jaipur,Short,Electronics,11.9,278.0,9688,2024-06-23,TCI Freight
SHP02829,Delhi,Jaipur,Short,Packaged Foods,20.1,277.0,16271,2024-06-23,Om Sai Transport
SHP02830,Delhi,Jaipur,Short,Electronics,21.2,284.0,18023,2024-06-23,SafeExpress
SHP02831,Chennai,Bangalore,Short,Steel Coils,11.7,348.2,10739,2024-06-23,Western Carriers
SHP02832,Ahmedabad,Mumbai,Medium,Steel Coils,11.6,526.1,14431,2024-06-23,Om Sai Transport
SHP02833,Ahmedabad,Mumbai,Medium,Textiles,21.8,531.8,28149,2024-06-23,SafeExpress
SHP02834,Ahmedabad,Mumbai,Medium,Electronics,17.8,529.0,22328,2024-06-23,Om Sai Transport
SHP02835,Kolkata,Bhubaneswar,Medium,FMCG,15.3,437.7,17354,2024-06-23,Western Carriers
SHP02836,Bangalore,Hyderabad,Medium,Automobile Parts,16.6,573.6,22276,2024-06-23,SafeExpress
SHP02837,Bangalore,Hyderabad,Medium,Electronics,21.7,567.3,29477,2024-06-23,SafeExpress
SHP02838,Mumbai,Delhi,Long,Textiles,23.2,1419.3,66629,2024-06-23,Om Sai Transport
SHP02839,Delhi,Kolkata,Long,Automobile Parts,21.4,1509.8,63214,2024-06-23,VRL Logistics
SHP02840,Mumbai,Pune,Short,Automobile Parts,20.3,149.6,8922,2024-06-24,SafeExpress
SHP02841,Delhi,Jaipur,Short,Steel Coils,23.6,277.8,18705,2024-06-24,Western Carriers
SHP02842,Delhi,Jaipur,Short,Chemicals,13.3,279.9,11024,2024-06-24,Western Carriers
SHP02843,Chennai,Bangalore,Short,Packaged Foods,15.6,348.1,15172,2024-06-24,VRL Logistics
SHP02844,Ahmedabad,Mumbai,Medium,Chemicals,21.2,532.4,27711,2024-06-24,Shivam Freight Co
SHP02845,Ahmedabad,Mumbai,Medium,FMCG,14.2,527.9,18997,2024-06-24,Western Carriers
SHP02846,Ahmedabad,Mumbai,Medium,Chemicals,22.8,533.5,30539,2024-06-24,Om Sai Transport
SHP02847,Kolkata,Bhubaneswar,Medium,Electronics,24.4,436.0,26614,2024-06-24,TCI Freight
SHP02848,Kolkata,Bhubaneswar,Medium,Steel Coils,15.1,439.4,16702,2024-06-24,Shivam Freight Co
SHP02849,Kolkata,Bhubaneswar,Medium,Electronics,20.8,441.9,23085,2024-06-24,VRL Logistics
SHP02850,Bangalore,Hyderabad,Medium,Chemicals,22.6,569.2,31159,2024-06-24,VRL Logistics
SHP02851,Bangalore,Hyderabad,Medium,Steel Coils,17.1,566.8,23098,2024-06-24,VRL Logistics
SHP02852,Bangalore,Hyderabad,Medium,Steel Coils,15.0,566.4,20472,2024-06-24,TCI Freight
SHP02853,Mumbai,Delhi,Long,Packaged Foods,18.4,1419.4,53407,2024-06-24,TCI Freight
SHP02854,Delhi,Kolkata,Long,Chemicals,10.7,1509.3,33023,2024-06-24,Western Carriers
SHP02855,Mumbai,Pune,Short,Steel Coils,18.2,153.9,8259,2024-06-25,Western Carriers
SHP02856,Mumbai,Pune,Short,Packaged Foods,15.6,147.7,6610,2024-06-25,TCI Freight
SHP02857,Mumbai,Pune,Short,Automobile Parts,24.9,149.3,10929,2024-06-25,Om Sai Transport
SHP02858,Delhi,Jaipur,Short,Chemicals,11.4,280.9,9124,2024-06-25,TCI Freight
SHP02859,Chennai,Bangalore,Short,Electronics,20.3,346.4,19656,2024-06-25,Western Carriers
SHP02860,Ahmedabad,Mumbai,Medium,Textiles,13.2,532.5,17396,2024-06-25,Shivam Freight Co
SHP02861,Ahmedabad,Mumbai,Medium,Textiles,18.7,526.7,24877,2024-06-25,Shivam Freight Co
SHP02862,Kolkata,Bhubaneswar,Medium,Steel Coils,21.3,443.5,23566,2024-06-25,Shivam Freight Co
SHP02863,Kolkata,Bhubaneswar,Medium,Electronics,24.7,441.9,27246,2024-06-25,VRL Logistics
SHP02864,Bangalore,Hyderabad,Medium,FMCG,10.7,567.9,14131,2024-06-25,Om Sai Transport
SHP02865,Mumbai,Delhi,Long,Steel Coils,19.9,1419.7,56242,2024-06-25,Shivam Freight Co
SHP02866,Mumbai,Delhi,Long,Electronics,23.7,1416.9,66791,2024-06-25,VRL Logistics
SHP02867,Delhi,Kolkata,Long,Automobile Parts,10.9,1507.2,34055,2024-06-25,SafeExpress
SHP02868,Delhi,Kolkata,Long,Electronics,15.6,1506.1,47997,2024-06-25,SafeExpress
SHP02869,Mumbai,Pune,Short,Steel Coils,12.3,147.7,5239,2024-06-26,Western Carriers
SHP02870,Delhi,Jaipur,Short,Chemicals,20.7,281.7,17794,2024-06-26,TCI Freight
SHP02871,Delhi,Jaipur,Short,Automobile Parts,23.8,283.2,20649,2024-06-26,Om Sai Transport
SHP02872,Chennai,Bangalore,Short,Automobile Parts,18.5,350.3,18503,2024-06-26,Om Sai Transport
SHP02873,Chennai,Bangalore,Short,Textiles,21.9,350.9,21359,2024-06-26,TCI Freight
SHP02874,Chennai,Bangalore,Short,Packaged Foods,21.0,347.7,20698,2024-06-26,Om Sai Transport
SHP02875,Ahmedabad,Mumbai,Medium,Chemicals,17.0,532.2,21680,2024-06-26,Shivam Freight Co
SHP02876,Ahmedabad,Mumbai,Medium,Electronics,11.9,532.4,15159,2024-06-26,Western Carriers
SHP02877,Kolkata,Bhubaneswar,Medium,Electronics,15.9,440.5,17650,2024-06-26,Western Carriers
SHP02878,Bangalore,Hyderabad,Medium,Steel Coils,18.1,570.1,24965,2024-06-26,Om Sai Transport
SHP02879,Mumbai,Delhi,Long,Chemicals,18.2,1422.9,53462,2024-06-26,TCI Freight
SHP02880,Mumbai,Delhi,Long,Textiles,17.9,1416.7,52393,2024-06-26,VRL Logistics
SHP02881,Mumbai,Delhi,Long,Automobile Parts,22.4,1420.4,65603,2024-06-26,Om Sai Transport
SHP02882,Delhi,Kolkata,Long,Automobile Parts,11.3,1511.6,32953,2024-06-26,Shivam Freight Co
SHP02883,Mumbai,Pune,Short,Steel Coils,21.1,150.4,9408,2024-06-27,Western Carriers
SHP02884,Mumbai,Pune,Short,FMCG,22.7,148.2,9856,2024-06-27,Shivam Freight Co
SHP02885,Mumbai,Pune,Short,FMCG,21.6,152.2,9891,2024-06-27,Western Carriers
SHP02886,Delhi,Jaipur,Short,Packaged Foods,21.1,277.3,16866,2024-06-27,Shivam Freight Co
SHP02887,Delhi,Jaipur,Short,Automobile Parts,17.2,281.5,14050,2024-06-27,TCI Freight
SHP02888,Chennai,Bangalore,Short,Electronics,21.2,352.3,20808,2024-06-27,Om Sai Transport
SHP02889,Ahmedabad,Mumbai,Medium,Electronics,11.7,529.0,15867,2024-06-27,VRL Logistics
SHP02890,Ahmedabad,Mumbai,Medium,FMCG,13.9,532.0,18339,2024-06-27,Om Sai Transport
SHP02891,Kolkata,Bhubaneswar,Medium,FMCG,14.3,440.3,15850,2024-06-27,Shivam Freight Co
SHP02892,Kolkata,Bhubaneswar,Medium,Chemicals,22.4,437.2,24423,2024-06-27,Shivam Freight Co
SHP02893,Kolkata,Bhubaneswar,Medium,Automobile Parts,17.0,438.5,18754,2024-06-27,Shivam Freight Co
SHP02894,Bangalore,Hyderabad,Medium,Textiles,13.9,566.0,18178,2024-06-27,Western Carriers
SHP02895,Mumbai,Delhi,Long,Automobile Parts,14.1,1421.8,40136,2024-06-27,TCI Freight
SHP02896,Mumbai,Delhi,Long,Chemicals,16.2,1417.0,47166,2024-06-27,Om Sai Transport
SHP02897,Delhi,Kolkata,Long,FMCG,15.5,1511.3,48850,2024-06-27,TCI Freight
SHP02898,Delhi,Kolkata,Long,Electronics,10.6,1509.0,33215,2024-06-27,SafeExpress
SHP02899,Mumbai,Pune,Short,Automobile Parts,19.0,147.9,8242,2024-06-28,TCI Freight
SHP02900,Delhi,Jaipur,Short,FMCG,21.7,282.2,18233,2024-06-28,TCI Freight
SHP02901,Chennai,Bangalore,Short,FMCG,22.0,346.5,20919,2024-06-28,SafeExpress
SHP02902,Ahmedabad,Mumbai,Medium,Packaged Foods,18.3,527.0,23305,2024-06-28,VRL Logistics
SHP02903,Ahmedabad,Mumbai,Medium,Steel Coils,13.9,531.0,18069,2024-06-28,TCI Freight
SHP02904,Ahmedabad,Mumbai,Medium,Chemicals,17.5,533.6,22927,2024-06-28,Om Sai Transport
SHP02905,Kolkata,Bhubaneswar,Medium,Steel Coils,11.0,440.2,11905,2024-06-28,Western Carriers
SHP02906,Bangalore,Hyderabad,Medium,Chemicals,20.2,569.2,27118,2024-06-28,TCI Freight
SHP02907,Bangalore,Hyderabad,Medium,Textiles,20.0,571.2,26497,2024-06-28,Om Sai Transport
SHP02908,Bangalore,Hyderabad,Medium,Steel Coils,23.2,566.2,31019,2024-06-28,VRL Logistics
SHP02909,Mumbai,Delhi,Long,Textiles,11.6,1419.4,34834,2024-06-28,Shivam Freight Co
SHP02910,Mumbai,Delhi,Long,Electronics,10.6,1419.7,31124,2024-06-28,SafeExpress
SHP02911,Mumbai,Delhi,Long,Textiles,24.2,1417.3,70890,2024-06-28,Shivam Freight Co
SHP02912,Delhi,Kolkata,Long,Steel Coils,15.5,1511.8,46064,2024-06-28,VRL Logistics
SHP02913,Mumbai,Pune,Short,Automobile Parts,11.3,146.2,4841,2024-06-29,VRL Logistics
SHP02914,Mumbai,Pune,Short,Chemicals,17.7,152.9,8115,2024-06-29,TCI Freight
SHP02915,Mumbai,Pune,Short,Packaged Foods,10.3,153.3,4598,2024-06-29,VRL Logistics
SHP02916,Delhi,Jaipur,Short,Textiles,12.7,280.0,10527,2024-06-29,Western Carriers
SHP02917,Delhi,Jaipur,Short,Packaged Foods,17.0,283.8,14198,2024-06-29,Western Carriers
SHP02918,Delhi,Jaipur,Short,Packaged Foods,10.6,281.5,8731,2024-06-29,VRL Logistics
SHP02919,Chennai,Bangalore,Short,FMCG,21.5,347.7,20118,2024-06-29,TCI Freight
SHP02920,Ahmedabad,Mumbai,Medium,FMCG,11.8,533.1,15327,2024-06-29,Om Sai Transport
SHP02921,Ahmedabad,Mumbai,Medium,Automobile Parts,11.4,532.4,14778,2024-06-29,TCI Freight
SHP02922,Kolkata,Bhubaneswar,Medium,Chemicals,19.1,440.4,20734,2024-06-29,Shivam Freight Co
SHP02923,Bangalore,Hyderabad,Medium,Steel Coils,12.0,569.9,16637,2024-06-29,Shivam Freight Co
SHP02924,Mumbai,Delhi,Long,Chemicals,24.3,1421.8,73664,2024-06-29,TCI Freight
SHP02925,Delhi,Kolkata,Long,FMCG,11.4,1513.9,35146,2024-06-29,SafeExpress
SHP02926,Delhi,Kolkata,Long,Packaged Foods,20.8,1512.2,62957,2024-06-29,Shivam Freight Co
SHP02927,Mumbai,Pune,Short,Packaged Foods,25.0,152.6,11507,2024-06-30,VRL Logistics
SHP02928,Delhi,Jaipur,Short,Packaged Foods,22.6,280.4,19025,2024-06-30,Om Sai Transport
SHP02929,Chennai,Bangalore,Short,Textiles,20.5,349.8,19755,2024-06-30,TCI Freight
SHP02930,Chennai,Bangalore,Short,Packaged Foods,20.9,347.0,20101,2024-06-30,TCI Freight
SHP02931,Ahmedabad,Mumbai,Medium,Packaged Foods,21.9,528.9,28265,2024-06-30,Shivam Freight Co
SHP02932,Ahmedabad,Mumbai,Medium,Chemicals,11.1,528.5,14309,2024-06-30,Western Carriers
SHP02933,Kolkata,Bhubaneswar,Medium,Chemicals,14.4,436.9,15813,2024-06-30,SafeExpress
SHP02934,Kolkata,Bhubaneswar,Medium,Automobile Parts,10.4,438.7,11425,2024-06-30,Om Sai Transport
SHP02935,Bangalore,Hyderabad,Medium,Steel Coils,13.2,567.3,17689,2024-06-30,Shivam Freight Co
SHP02936,Bangalore,Hyderabad,Medium,Packaged Foods,14.1,567.9,18716,2024-06-30,Shivam Freight Co
SHP02937,Bangalore,Hyderabad,Medium,Electronics,10.5,568.0,14169,2024-06-30,VRL Logistics
SHP02938,Mumbai,Delhi,Long,Electronics,21.2,1419.3,61109,2024-06-30,Shivam Freight Co
SHP02939,Mumbai,Delhi,Long,Automobile Parts,15.1,1422.2,43034,2024-06-30,SafeExpress
SHP02940,Mumbai,Delhi,Long,Electronics,21.9,1419.5,61183,2024-06-30,Shivam Freight Co
SHP02941,Delhi,Kolkata,Long,Steel Coils,22.7,1509.4,68125,2024-06-30,Shivam Freight Co
SHP02942,Mumbai,Pune,Short,FMCG,16.0,148.9,7187,2024-07-01,Shivam Freight Co
SHP02943,Delhi,Jaipur,Short,Packaged Foods,14.8,279.6,12243,2024-07-01,Om Sai Transport
SHP02944,Delhi,Jaipur,Short,Packaged Foods,13.8,282.1,11333,2024-07-01,SafeExpress
SHP02945,Delhi,Jaipur,Short,Automobile Parts,12.8,280.1,10535,2024-07-01,Western Carriers
SHP02946,Chennai,Bangalore,Short,Steel Coils,19.7,352.1,19194,2024-07-01,TCI Freight
SHP02947,Chennai,Bangalore,Short,Packaged Foods,14.4,352.7,14522,2024-07-01,Om Sai Transport
SHP02948,Ahmedabad,Mumbai,Medium,Steel Coils,17.9,526.0,22749,2024-07-01,VRL Logistics
SHP02949,Ahmedabad,Mumbai,Medium,Chemicals,17.2,528.4,22152,2024-07-01,Western Carriers
SHP02950,Ahmedabad,Mumbai,Medium,Steel Coils,12.0,533.1,15208,2024-07-01,Western Carriers
SHP02951,Kolkata,Bhubaneswar,Medium,Electronics,11.5,437.0,12404,2024-07-01,Western Carriers
SHP02952,Kolkata,Bhubaneswar,Medium,Chemicals,22.3,436.1,24136,2024-07-01,TCI Freight
SHP02953,Kolkata,Bhubaneswar,Medium,Steel Coils,22.0,441.7,23904,2024-07-01,Shivam Freight Co
SHP02954,Bangalore,Hyderabad,Medium,FMCG,18.7,573.9,25739,2024-07-01,TCI Freight
SHP02955,Bangalore,Hyderabad,Medium,FMCG,19.4,571.6,27092,2024-07-01,TCI Freight
SHP02956,Mumbai,Delhi,Long,Electronics,19.9,1423.0,59075,2024-07-01,TCI Freight
SHP02957,Mumbai,Delhi,Long,FMCG,21.2,1422.1,62511,2024-07-01,SafeExpress
SHP02958,Delhi,Kolkata,Long,Automobile Parts,18.0,1508.4,52682,2024-07-01,Western Carriers
SHP02959,Delhi,Kolkata,Long,Packaged Foods,13.7,1513.6,40177,2024-07-01,VRL Logistics
SHP02960,Delhi,Kolkata,Long,Chemicals,17.5,1506.2,51027,2024-07-01,Om Sai Transport
SHP02961,Mumbai,Pune,Short,Steel Coils,22.6,146.9,10356,2024-07-02,VRL Logistics
SHP02962,Delhi,Jaipur,Short,Automobile Parts,18.4,279.2,15680,2024-07-02,TCI Freight
SHP02963,Delhi,Jaipur,Short,Automobile Parts,24.9,281.6,21010,2024-07-02,Western Carriers
SHP02964,Chennai,Bangalore,Short,Electronics,10.5,353.8,9958,2024-07-02,Om Sai Transport
SHP02965,Chennai,Bangalore,Short,Chemicals,24.1,348.5,22770,2024-07-02,TCI Freight
SHP02966,Ahmedabad,Mumbai,Medium,Chemicals,23.6,531.3,30386,2024-07-02,Om Sai Transport
SHP02967,Ahmedabad,Mumbai,Medium,FMCG,18.4,531.3,23095,2024-07-02,VRL Logistics
SHP02968,Ahmedabad,Mumbai,Medium,Electronics,23.5,532.6,30705,2024-07-02,Shivam Freight Co
SHP02969,Kolkata,Bhubaneswar,Medium,FMCG,16.5,440.5,18344,2024-07-02,Om Sai Transport
SHP02970,Kolkata,Bhubaneswar,Medium,Steel Coils,21.4,439.2,24219,2024-07-02,SafeExpress
SHP02971,Kolkata,Bhubaneswar,Medium,Chemicals,11.4,441.3,12967,2024-07-02,SafeExpress
SHP02972,Bangalore,Hyderabad,Medium,Automobile Parts,22.4,566.6,29591,2024-07-02,SafeExpress
SHP02973,Bangalore,Hyderabad,Medium,FMCG,22.5,566.8,30786,2024-07-02,Om Sai Transport
SHP02974,Bangalore,Hyderabad,Medium,FMCG,14.7,572.5,19879,2024-07-02,Shivam Freight Co
SHP02975,Mumbai,Delhi,Long,Chemicals,16.0,1422.2,45309,2024-07-02,VRL Logistics
SHP02976,Delhi,Kolkata,Long,Steel Coils,10.6,1511.0,32090,2024-07-02,SafeExpress
SHP02977,Delhi,Kolkata,Long,Chemicals,10.0,1512.0,31082,2024-07-02,SafeExpress
SHP02978,Mumbai,Pune,Short,FMCG,10.8,146.5,4839,2024-07-03,SafeExpress
SHP02979,Mumbai,Pune,Short,FMCG,11.1,150.0,5059,2024-07-03,TCI Freight
SHP02980,Delhi,Jaipur,Short,Chemicals,11.0,276.4,8890,2024-07-03,Western Carriers
SHP02981,Chennai,Bangalore,Short,Packaged Foods,11.1,351.0,10673,2024-07-03,SafeExpress
SHP02982,Chennai,Bangalore,Short,Steel Coils,12.7,349.3,12100,2024-07-03,TCI Freight
SHP02983,Ahmedabad,Mumbai,Medium,Steel Coils,12.2,529.3,16397,2024-07-03,Western Carriers
SHP02984,Ahmedabad,Mumbai,Medium,Automobile Parts,10.3,528.2,13686,2024-07-03,TCI Freight
SHP02985,Ahmedabad,Mumbai,Medium,Automobile Parts,12.4,528.3,16624,2024-07-03,Om Sai Transport
SHP02986,Kolkata,Bhubaneswar,Medium,Chemicals,18.9,441.4,21008,2024-07-03,Shivam Freight Co
SHP02987,Kolkata,Bhubaneswar,Medium,Automobile Parts,17.4,442.0,19585,2024-07-03,SafeExpress
SHP02988,Bangalore,Hyderabad,Medium,FMCG,24.0,570.5,33111,2024-07-03,VRL Logistics
SHP02989,Mumbai,Delhi,Long,Steel Coils,13.9,1421.4,40083,2024-07-03,Om Sai Transport
SHP02990,Mumbai,Delhi,Long,Textiles,11.3,1419.6,31474,2024-07-03,VRL Logistics
SHP02991,Mumbai,Delhi,Long,Automobile Parts,12.6,1421.7,35449,2024-07-03,Shivam Freight Co
SHP02992,Delhi,Kolkata,Long,Steel Coils,13.1,1509.7,40260,2024-07-03,Western Carriers
SHP02993,Mumbai,Pune,Short,Automobile Parts,15.7,147.3,6696,2024-07-04,Om Sai Transport
SHP02994,Mumbai,Pune,Short,Automobile Parts,24.7,152.6,10957,2024-07-04,SafeExpress
SHP02995,Mumbai,Pune,Short,Steel Coils,24.6,150.4,10780,2024-07-04,Om Sai Transport
SHP02996,Delhi,Jaipur,Short,Electronics,14.6,280.4,12083,2024-07-04,Om Sai Transport
SHP02997,Delhi,Jaipur,Short,Automobile Parts,14.8,282.9,12136,2024-07-04,VRL Logistics
SHP02998,Delhi,Jaipur,Short,Textiles,24.6,280.1,19934,2024-07-04,VRL Logistics
SHP02999,Chennai,Bangalore,Short,Automobile Parts,20.2,349.6,20263,2024-07-04,SafeExpress
SHP03000,Ahmedabad,Mumbai,Medium,Chemicals,21.1,533.2,27620,2024-07-04,Om Sai Transport
SHP03001,Kolkata,Bhubaneswar,Medium,Automobile Parts,12.4,436.1,13630,2024-07-04,TCI Freight
SHP03002,Bangalore,Hyderabad,Medium,Automobile Parts,12.9,566.8,17600,2024-07-04,Om Sai Transport
SHP03003,Mumbai,Delhi,Long,Chemicals,17.4,1421.9,51411,2024-07-04,SafeExpress
SHP03004,Mumbai,Delhi,Long,FMCG,16.4,1417.9,48502,2024-07-04,TCI Freight
SHP03005,Delhi,Kolkata,Long,Textiles,12.7,1512.8,38107,2024-07-04,SafeExpress
SHP03006,Mumbai,Pune,Short,Automobile Parts,16.7,150.6,7402,2024-07-05,Western Carriers
SHP03007,Delhi,Jaipur,Short,Packaged Foods,16.0,281.1,13566,2024-07-05,SafeExpress
SHP03008,Delhi,Jaipur,Short,Automobile Parts,10.9,279.8,9175,2024-07-05,Om Sai Transport
SHP03009,Delhi,Jaipur,Short,FMCG,17.8,283.2,15134,2024-07-05,Shivam Freight Co
SHP03010,Chennai,Bangalore,Short,Steel Coils,12.2,349.0,11688,2024-07-05,Om Sai Transport
SHP03011,Ahmedabad,Mumbai,Medium,Electronics,12.4,528.6,16104,2024-07-05,Western Carriers
SHP03012,Ahmedabad,Mumbai,Medium,Automobile Parts,21.7,528.9,27696,2024-07-05,Shivam Freight Co
SHP03013,Kolkata,Bhubaneswar,Medium,FMCG,21.0,440.6,23412,2024-07-05,Om Sai Transport
SHP03014,Kolkata,Bhubaneswar,Medium,Automobile Parts,18.6,436.6,20388,2024-07-05,SafeExpress
SHP03015,Bangalore,Hyderabad,Medium,Steel Coils,18.0,570.5,25205,2024-07-05,SafeExpress
SHP03016,Mumbai,Delhi,Long,Steel Coils,18.2,1418.3,52277,2024-07-05,Om Sai Transport
SHP03017,Mumbai,Delhi,Long,Packaged Foods,10.6,1423.1,30942,2024-07-05,TCI Freight
SHP03018,Mumbai,Delhi,Long,Automobile Parts,13.4,1421.5,39876,2024-07-05,Western Carriers
SHP03019,Delhi,Kolkata,Long,Textiles,24.5,1508.0,74769,2024-07-05,TCI Freight
SHP03020,Delhi,Kolkata,Long,Electronics,21.0,1508.7,63770,2024-07-05,Shivam Freight Co
SHP03021,Delhi,Kolkata,Long,Chemicals,14.3,1511.2,43391,2024-07-05,TCI Freight
SHP03022,Mumbai,Pune,Short,Steel Coils,16.6,151.6,7488,2024-07-06,Om Sai Transport
SHP03023,Delhi,Jaipur,Short,Electronics,17.2,279.6,14546,2024-07-06,Om Sai Transport
SHP03024,Delhi,Jaipur,Short,FMCG,19.2,276.2,15871,2024-07-06,Shivam Freight Co
SHP03025,Chennai,Bangalore,Short,Chemicals,20.0,351.8,19856,2024-07-06,TCI Freight
SHP03026,Ahmedabad,Mumbai,Medium,Chemicals,19.4,527.2,25463,2024-07-06,SafeExpress
SHP03027,Ahmedabad,Mumbai,Medium,Textiles,12.3,531.7,16230,2024-07-06,TCI Freight
SHP03028,Ahmedabad,Mumbai,Medium,FMCG,17.4,530.6,22835,2024-07-06,Western Carriers
SHP03029,Kolkata,Bhubaneswar,Medium,Electronics,16.0,440.2,17421,2024-07-06,Om Sai Transport
SHP03030,Kolkata,Bhubaneswar,Medium,Electronics,20.4,438.9,22771,2024-07-06,VRL Logistics
SHP03031,Kolkata,Bhubaneswar,Medium,Textiles,15.9,442.0,17764,2024-07-06,Western Carriers
SHP03032,Bangalore,Hyderabad,Medium,Chemicals,11.9,566.2,15986,2024-07-06,Om Sai Transport
SHP03033,Mumbai,Delhi,Long,Chemicals,14.0,1422.8,40989,2024-07-06,SafeExpress
SHP03034,Mumbai,Delhi,Long,FMCG,15.9,1419.7,46371,2024-07-06,TCI Freight
SHP03035,Delhi,Kolkata,Long,Electronics,24.3,1508.0,72915,2024-07-06,TCI Freight
SHP03036,Delhi,Kolkata,Long,Steel Coils,21.8,1512.8,66004,2024-07-06,Om Sai Transport
SHP03037,Delhi,Kolkata,Long,Packaged Foods,23.5,1510.4,70316,2024-07-06,VRL Logistics
SHP03038,Mumbai,Pune,Short,Chemicals,20.2,146.6,8772,2024-07-07,VRL Logistics
SHP03039,Mumbai,Pune,Short,Textiles,24.0,151.8,10727,2024-07-07,SafeExpress
SHP03040,Delhi,Jaipur,Short,Electronics,24.2,277.4,19193,2024-07-07,Om Sai Transport
SHP03041,Delhi,Jaipur,Short,Packaged Foods,19.1,278.7,15505,2024-07-07,Om Sai Transport
SHP03042,Delhi,Jaipur,Short,Electronics,24.1,282.9,19401,2024-07-07,SafeExpress
SHP03043,Chennai,Bangalore,Short,Automobile Parts,17.3,353.6,16532,2024-07-07,TCI Freight
SHP03044,Ahmedabad,Mumbai,Medium,FMCG,17.3,528.6,22328,2024-07-07,VRL Logistics
SHP03045,Ahmedabad,Mumbai,Medium,Packaged Foods,12.9,527.8,16590,2024-07-07,Western Carriers
SHP03046,Ahmedabad,Mumbai,Medium,FMCG,22.4,533.2,28461,2024-07-07,Shivam Freight Co
SHP03047,Kolkata,Bhubaneswar,Medium,Electronics,10.7,439.9,12070,2024-07-07,VRL Logistics
SHP03048,Kolkata,Bhubaneswar,Medium,FMCG,14.0,440.7,15515,2024-07-07,VRL Logistics
SHP03049,Kolkata,Bhubaneswar,Medium,Automobile Parts,14.6,437.7,16258,2024-07-07,Shivam Freight Co
SHP03050,Bangalore,Hyderabad,Medium,Chemicals,13.2,567.6,17562,2024-07-07,Om Sai Transport
SHP03051,Bangalore,Hyderabad,Medium,Chemicals,17.1,572.5,23573,2024-07-07,Shivam Freight Co
SHP03052,Mumbai,Delhi,Long,Chemicals,14.8,1419.6,41573,2024-07-07,VRL Logistics
SHP03053,Mumbai,Delhi,Long,FMCG,12.2,1423.6,35555,2024-07-07,Shivam Freight Co
SHP03054,Delhi,Kolkata,Long,Chemicals,15.3,1506.3,45415,2024-07-07,TCI Freight
SHP03055,Mumbai,Pune,Short,Chemicals,17.9,151.6,8380,2024-07-08,Western Carriers
SHP03056,Delhi,Jaipur,Short,Chemicals,15.4,276.1,12660,2024-07-08,TCI Freight
SHP03057,Delhi,Jaipur,Short,Steel Coils,21.5,280.5,18077,2024-07-08,VRL Logistics
SHP03058,Chennai,Bangalore,Short,Chemicals,24.3,349.3,23763,2024-07-08,TCI Freight
SHP03059,Chennai,Bangalore,Short,Textiles,21.3,349.3,20563,2024-07-08,VRL Logistics
SHP03060,Ahmedabad,Mumbai,Medium,Electronics,15.1,529.9,19900,2024-07-08,Western Carriers
SHP03061,Kolkata,Bhubaneswar,Medium,FMCG,18.8,438.7,20724,2024-07-08,VRL Logistics
SHP03062,Kolkata,Bhubaneswar,Medium,Chemicals,22.6,442.3,24450,2024-07-08,Om Sai Transport
SHP03063,Kolkata,Bhubaneswar,Medium,Packaged Foods,19.2,438.4,20448,2024-07-08,Western Carriers
SHP03064,Bangalore,Hyderabad,Medium,Packaged Foods,24.0,566.2,31831,2024-07-08,Shivam Freight Co
SHP03065,Bangalore,Hyderabad,Medium,Chemicals,14.6,567.2,19899,2024-07-08,Western Carriers
SHP03066,Mumbai,Delhi,Long,FMCG,12.0,1423.7,36359,2024-07-08,Shivam Freight Co
SHP03067,Delhi,Kolkata,Long,Packaged Foods,10.1,1506.6,30782,2024-07-08,TCI Freight
SHP03068,Delhi,Kolkata,Long,Steel Coils,19.5,1507.6,59985,2024-07-08,Western Carriers
SHP03069,Mumbai,Pune,Short,Automobile Parts,17.8,148.3,7765,2024-07-09,TCI Freight
SHP03070,Mumbai,Pune,Short,FMCG,20.8,151.0,9066,2024-07-09,Western Carriers
SHP03071,Delhi,Jaipur,Short,Electronics,23.5,279.4,20170,2024-07-09,VRL Logistics
SHP03072,Chennai,Bangalore,Short,Electronics,11.9,352.0,11779,2024-07-09,Western Carriers
SHP03073,Ahmedabad,Mumbai,Medium,Steel Coils,24.2,528.3,30170,2024-07-09,Om Sai Transport
SHP03074,Ahmedabad,Mumbai,Medium,Steel Coils,22.1,531.7,27770,2024-07-09,Om Sai Transport
SHP03075,Kolkata,Bhubaneswar,Medium,Packaged Foods,12.1,437.6,13689,2024-07-09,Western Carriers
SHP03076,Bangalore,Hyderabad,Medium,Chemicals,21.1,566.5,28789,2024-07-09,Om Sai Transport
SHP03077,Mumbai,Delhi,Long,Packaged Foods,20.8,1417.3,60038,2024-07-09,TCI Freight
SHP03078,Mumbai,Delhi,Long,Packaged Foods,17.1,1417.3,49468,2024-07-09,Western Carriers
SHP03079,Delhi,Kolkata,Long,Electronics,17.2,1513.2,51545,2024-07-09,VRL Logistics
SHP03080,Mumbai,Pune,Short,Packaged Foods,15.7,149.9,7189,2024-07-10,VRL Logistics
SHP03081,Mumbai,Pune,Short,FMCG,11.4,147.1,5114,2024-07-10,Western Carriers
SHP03082,Delhi,Jaipur,Short,Automobile Parts,18.3,283.2,15653,2024-07-10,Shivam Freight Co
SHP03083,Delhi,Jaipur,Short,Packaged Foods,12.7,280.4,10632,2024-07-10,Western Carriers
SHP03084,Chennai,Bangalore,Short,Electronics,13.2,349.7,12641,2024-07-10,Western Carriers
SHP03085,Ahmedabad,Mumbai,Medium,Packaged Foods,24.5,531.2,31917,2024-07-10,VRL Logistics
SHP03086,Ahmedabad,Mumbai,Medium,Chemicals,12.3,527.5,15911,2024-07-10,Om Sai Transport
SHP03087,Ahmedabad,Mumbai,Medium,Electronics,23.2,531.9,30262,2024-07-10,SafeExpress
SHP03088,Kolkata,Bhubaneswar,Medium,Chemicals,11.1,442.8,12410,2024-07-10,TCI Freight
SHP03089,Kolkata,Bhubaneswar,Medium,Textiles,23.5,437.2,25964,2024-07-10,Western Carriers
SHP03090,Kolkata,Bhubaneswar,Medium,Chemicals,21.8,443.7,24966,2024-07-10,Om Sai Transport
SHP03091,Bangalore,Hyderabad,Medium,Automobile Parts,11.8,568.1,16058,2024-07-10,Western Carriers
SHP03092,Bangalore,Hyderabad,Medium,Automobile Parts,17.4,571.9,23305,2024-07-10,VRL Logistics
SHP03093,Mumbai,Delhi,Long,FMCG,13.9,1420.6,39473,2024-07-10,SafeExpress
SHP03094,Delhi,Kolkata,Long,FMCG,23.4,1506.9,71288,2024-07-10,TCI Freight
SHP03095,Delhi,Kolkata,Long,Packaged Foods,12.8,1509.5,38394,2024-07-10,Om Sai Transport
SHP03096,Delhi,Kolkata,Long,Automobile Parts,13.7,1506.4,42217,2024-07-10,TCI Freight
SHP03097,Mumbai,Pune,Short,Textiles,17.4,146.9,7981,2024-07-11,Om Sai Transport
SHP03098,Mumbai,Pune,Short,Steel Coils,18.4,150.6,8659,2024-07-11,Om Sai Transport
SHP03099,Mumbai,Pune,Short,Packaged Foods,22.2,147.2,10147,2024-07-11,Om Sai Transport
SHP03100,Delhi,Jaipur,Short,Steel Coils,20.9,281.8,17365,2024-07-11,Om Sai Transport
SHP03101,Delhi,Jaipur,Short,Automobile Parts,10.7,276.3,8968,2024-07-11,TCI Freight
SHP03102,Chennai,Bangalore,Short,Chemicals,17.8,353.1,17611,2024-07-11,SafeExpress
SHP03103,Chennai,Bangalore,Short,Electronics,13.2,348.8,13021,2024-07-11,VRL Logistics
SHP03104,Chennai,Bangalore,Short,Chemicals,15.4,351.3,14995,2024-07-11,SafeExpress
SHP03105,Ahmedabad,Mumbai,Medium,Automobile Parts,14.2,527.6,18673,2024-07-11,Western Carriers
SHP03106,Kolkata,Bhubaneswar,Medium,Packaged Foods,18.6,442.8,19760,2024-07-11,VRL Logistics
SHP03107,Kolkata,Bhubaneswar,Medium,Electronics,12.4,442.7,13224,2024-07-11,TCI Freight
SHP03108,Kolkata,Bhubaneswar,Medium,Steel Coils,23.0,443.2,24371,2024-07-11,Western Carriers
SHP03109,Bangalore,Hyderabad,Medium,Packaged Foods,21.2,573.5,29507,2024-07-11,VRL Logistics
SHP03110,Bangalore,Hyderabad,Medium,Chemicals,14.2,567.6,19719,2024-07-11,Om Sai Transport
SHP03111,Bangalore,Hyderabad,Medium,Chemicals,22.3,566.5,30961,2024-07-11,SafeExpress
SHP03112,Mumbai,Delhi,Long,Packaged Foods,18.9,1417.7,55630,2024-07-11,Om Sai Transport
SHP03113,Delhi,Kolkata,Long,Packaged Foods,12.3,1507.2,36418,2024-07-11,Western Carriers
SHP03114,Delhi,Kolkata,Long,FMCG,24.4,1513.4,73137,2024-07-11,Western Carriers
SHP03115,Delhi,Kolkata,Long,Electronics,11.7,1507.1,35430,2024-07-11,Shivam Freight Co
SHP03116,Mumbai,Pune,Short,Packaged Foods,11.9,149.2,5137,2024-07-12,TCI Freight
SHP03117,Mumbai,Pune,Short,Electronics,16.7,151.8,7496,2024-07-12,Western Carriers
SHP03118,Delhi,Jaipur,Short,Electronics,13.0,283.5,11205,2024-07-12,Om Sai Transport
SHP03119,Delhi,Jaipur,Short,Textiles,18.6,276.3,15505,2024-07-12,Om Sai Transport
SHP03120,Chennai,Bangalore,Short,Textiles,19.8,347.4,19082,2024-07-12,TCI Freight
SHP03121,Chennai,Bangalore,Short,Packaged Foods,21.5,346.8,20370,2024-07-12,Shivam Freight Co
SHP03122,Chennai,Bangalore,Short,Electronics,21.8,348.3,21079,2024-07-12,TCI Freight
SHP03123,Ahmedabad,Mumbai,Medium,Steel Coils,18.6,532.9,23596,2024-07-12,Om Sai Transport
SHP03124,Ahmedabad,Mumbai,Medium,FMCG,15.6,530.8,19466,2024-07-12,TCI Freight
SHP03125,Kolkata,Bhubaneswar,Medium,FMCG,15.2,444.0,16483,2024-07-12,Shivam Freight Co
SHP03126,Kolkata,Bhubaneswar,Medium,Steel Coils,21.0,442.5,22349,2024-07-12,Western Carriers
SHP03127,Bangalore,Hyderabad,Medium,FMCG,21.7,568.8,30020,2024-07-12,Shivam Freight Co
SHP03128,Bangalore,Hyderabad,Medium,Steel Coils,13.4,572.2,18552,2024-07-12,VRL Logistics
SHP03129,Bangalore,Hyderabad,Medium,Chemicals,24.0,567.5,33081,2024-07-12,VRL Logistics
SHP03130,Mumbai,Delhi,Long,Electronics,10.4,1417.7,30551,2024-07-12,Om Sai Transport
SHP03131,Delhi,Kolkata,Long,Steel Coils,16.3,1513.4,47668,2024-07-12,SafeExpress
SHP03132,Delhi,Kolkata,Long,Chemicals,17.4,1507.8,50081,2024-07-12,TCI Freight
SHP03133,Mumbai,Pune,Short,Chemicals,11.3,151.8,4996,2024-07-13,Shivam Freight Co
SHP03134,Mumbai,Pune,Short,Chemicals,11.9,149.3,5265,2024-07-13,Western Carriers
SHP03135,Mumbai,Pune,Short,FMCG,11.6,153.6,5167,2024-07-13,Om Sai Transport
SHP03136,Delhi,Jaipur,Short,FMCG,10.1,281.1,8609,2024-07-13,VRL Logistics
SHP03137,Delhi,Jaipur,Short,Textiles,10.9,276.3,8884,2024-07-13,SafeExpress
SHP03138,Delhi,Jaipur,Short,Automobile Parts,18.5,283.7,15957,2024-07-13,VRL Logistics
SHP03139,Chennai,Bangalore,Short,FMCG,15.6,351.0,15043,2024-07-13,VRL Logistics
SHP03140,Chennai,Bangalore,Short,Steel Coils,16.4,349.0,15462,2024-07-13,VRL Logistics
SHP03141,Ahmedabad,Mumbai,Medium,Packaged Foods,22.2,527.1,28590,2024-07-13,Shivam Freight Co
SHP03142,Kolkata,Bhubaneswar,Medium,Packaged Foods,22.0,442.2,23669,2024-07-13,Om Sai Transport
SHP03143,Bangalore,Hyderabad,Medium,Automobile Parts,18.3,572.3,24031,2024-07-13,VRL Logistics
SHP03144,Bangalore,Hyderabad,Medium,Chemicals,11.3,572.1,14871,2024-07-13,Shivam Freight Co
SHP03145,Bangalore,Hyderabad,Medium,Electronics,17.8,570.4,23971,2024-07-13,VRL Logistics
SHP03146,Mumbai,Delhi,Long,Textiles,23.0,1420.7,65729,2024-07-13,Western Carriers
SHP03147,Delhi,Kolkata,Long,Steel Coils,10.6,1507.6,31060,2024-07-13,Shivam Freight Co
SHP03148,Mumbai,Pune,Short,Textiles,24.5,148.7,11041,2024-07-14,VRL Logistics
SHP03149,Delhi,Jaipur,Short,Packaged Foods,13.0,279.9,10993,2024-07-14,Western Carriers
SHP03150,Delhi,Jaipur,Short,Textiles,10.3,277.6,8650,2024-07-14,TCI Freight
SHP03151,Chennai,Bangalore,Short,Textiles,16.4,348.8,16025,2024-07-14,SafeExpress
SHP03152,Chennai,Bangalore,Short,Steel Coils,11.8,346.2,11249,2024-07-14,Western Carriers
SHP03153,Chennai,Bangalore,Short,Steel Coils,21.7,352.4,21575,2024-07-14,SafeExpress
SHP03154,Ahmedabad,Mumbai,Medium,Textiles,16.6,533.1,21918,2024-07-14,TCI Freight
SHP03155,Ahmedabad,Mumbai,Medium,FMCG,13.6,526.5,17727,2024-07-14,SafeExpress
SHP03156,Kolkata,Bhubaneswar,Medium,Textiles,16.0,443.8,17188,2024-07-14,VRL Logistics
SHP03157,Bangalore,Hyderabad,Medium,Chemicals,21.9,572.0,29749,2024-07-14,SafeExpress
SHP03158,Mumbai,Delhi,Long,Textiles,10.6,1423.3,31549,2024-07-14,TCI Freight
SHP03159,Delhi,Kolkata,Long,FMCG,20.7,1506.5,62013,2024-07-14,Western Carriers
SHP03160,Delhi,Kolkata,Long,Steel Coils,14.0,1511.0,40810,2024-07-14,Western Carriers
SHP03161,Delhi,Kolkata,Long,Packaged Foods,11.0,1514.0,33153,2024-07-14,VRL Logistics
SHP03162,Mumbai,Pune,Short,Chemicals,18.8,146.3,8355,2024-07-15,SafeExpress
SHP03163,Mumbai,Pune,Short,Automobile Parts,15.9,153.4,7397,2024-07-15,Western Carriers
SHP03164,Mumbai,Pune,Short,Automobile Parts,11.0,147.8,4903,2024-07-15,Western Carriers
SHP03165,Delhi,Jaipur,Short,Automobile Parts,18.3,279.1,14602,2024-07-15,SafeExpress
SHP03166,Delhi,Jaipur,Short,Packaged Foods,12.2,283.6,9968,2024-07-15,SafeExpress
SHP03167,Chennai,Bangalore,Short,Automobile Parts,22.5,348.0,21732,2024-07-15,Om Sai Transport
SHP03168,Chennai,Bangalore,Short,Chemicals,20.3,347.7,19399,2024-07-15,TCI Freight
SHP03169,Ahmedabad,Mumbai,Medium,Packaged Foods,24.9,533.3,32053,2024-07-15,Shivam Freight Co
SHP03170,Ahmedabad,Mumbai,Medium,Automobile Parts,23.7,531.7,30074,2024-07-15,Western Carriers
SHP03171,Ahmedabad,Mumbai,Medium,Automobile Parts,13.2,527.1,16528,2024-07-15,TCI Freight
SHP03172,Kolkata,Bhubaneswar,Medium,Electronics,10.8,436.7,11870,2024-07-15,Western Carriers
SHP03173,Bangalore,Hyderabad,Medium,Chemicals,11.4,571.0,15441,2024-07-15,Shivam Freight Co
SHP03174,Bangalore,Hyderabad,Medium,Chemicals,20.3,567.9,27153,2024-07-15,TCI Freight
SHP03175,Bangalore,Hyderabad,Medium,Automobile Parts,23.3,570.8,31362,2024-07-15,Om Sai Transport
SHP03176,Mumbai,Delhi,Long,Chemicals,24.4,1423.8,73590,2024-07-15,TCI Freight
SHP03177,Delhi,Kolkata,Long,FMCG,17.6,1513.4,54351,2024-07-15,Shivam Freight Co
SHP03178,Delhi,Kolkata,Long,Textiles,23.9,1513.8,74056,2024-07-15,TCI Freight
SHP03179,Mumbai,Pune,Short,Chemicals,23.2,149.6,10128,2024-07-16,Western Carriers
SHP03180,Delhi,Jaipur,Short,Packaged Foods,24.6,283.9,21024,2024-07-16,TCI Freight
SHP03181,Delhi,Jaipur,Short,Packaged Foods,22.2,277.4,18453,2024-07-16,SafeExpress
SHP03182,Delhi,Jaipur,Short,FMCG,17.1,279.8,14241,2024-07-16,Om Sai Transport
SHP03183,Chennai,Bangalore,Short,FMCG,14.5,350.5,14208,2024-07-16,Western Carriers
SHP03184,Chennai,Bangalore,Short,Automobile Parts,24.0,351.3,23672,2024-07-16,Western Carriers
SHP03185,Ahmedabad,Mumbai,Medium,Chemicals,19.0,532.3,25173,2024-07-16,Om Sai Transport
SHP03186,Ahmedabad,Mumbai,Medium,Electronics,21.3,529.7,28257,2024-07-16,SafeExpress
SHP03187,Kolkata,Bhubaneswar,Medium,Packaged Foods,18.8,438.1,20569,2024-07-16,VRL Logistics
SHP03188,Bangalore,Hyderabad,Medium,Packaged Foods,16.4,572.3,22939,2024-07-16,SafeExpress
SHP03189,Mumbai,Delhi,Long,FMCG,17.3,1418.0,51854,2024-07-16,Western Carriers
SHP03190,Mumbai,Delhi,Long,Textiles,13.4,1420.4,40310,2024-07-16,Shivam Freight Co
SHP03191,Mumbai,Delhi,Long,FMCG,16.9,1422.2,51055,2024-07-16,Western Carriers
SHP03192,Delhi,Kolkata,Long,Automobile Parts,19.6,1507.5,60616,2024-07-16,Western Carriers
SHP03193,Delhi,Kolkata,Long,Chemicals,22.5,1511.1,68353,2024-07-16,Om Sai Transport
SHP03194,Mumbai,Pune,Short,Steel Coils,14.0,149.4,6361,2024-07-17,Shivam Freight Co
SHP03195,Mumbai,Pune,Short,Automobile Parts,12.3,149.6,5557,2024-07-17,Om Sai Transport
SHP03196,Mumbai,Pune,Short,Steel Coils,24.0,147.3,10780,2024-07-17,Western Carriers
SHP03197,Delhi,Jaipur,Short,FMCG,10.0,280.4,8379,2024-07-17,Om Sai Transport
SHP03198,Delhi,Jaipur,Short,Steel Coils,16.0,278.1,13155,2024-07-17,TCI Freight
SHP03199,Delhi,Jaipur,Short,Automobile Parts,16.5,276.3,13633,2024-07-17,SafeExpress
SHP03200,Chennai,Bangalore,Short,Chemicals,18.6,349.6,17455,2024-07-17,Shivam Freight Co
SHP03201,Chennai,Bangalore,Short,Packaged Foods,11.1,346.7,10568,2024-07-17,TCI Freight
SHP03202,Chennai,Bangalore,Short,Electronics,24.9,353.2,23441,2024-07-17,TCI Freight
SHP03203,Ahmedabad,Mumbai,Medium,Packaged Foods,23.1,534.0,30738,2024-07-17,Om Sai Transport
SHP03204,Kolkata,Bhubaneswar,Medium,Steel Coils,10.0,439.3,10658,2024-07-17,Shivam Freight Co
SHP03205,Kolkata,Bhubaneswar,Medium,Automobile Parts,14.8,443.3,16127,2024-07-17,VRL Logistics
SHP03206,Kolkata,Bhubaneswar,Medium,Textiles,20.5,442.2,22638,2024-07-17,VRL Logistics
SHP03207,Bangalore,Hyderabad,Medium,Textiles,11.9,567.2,16178,2024-07-17,Western Carriers
SHP03208,Bangalore,Hyderabad,Medium,Packaged Foods,12.9,566.3,17646,2024-07-17,TCI Freight
SHP03209,Mumbai,Delhi,Long,Electronics,21.1,1419.8,62075,2024-07-17,Shivam Freight Co
SHP03210,Delhi,Kolkata,Long,Chemicals,18.9,1511.6,58242,2024-07-17,Western Carriers
SHP03211,Mumbai,Pune,Short,Automobile Parts,20.9,153.7,9509,2024-07-18,TCI Freight
SHP03212,Mumbai,Pune,Short,Automobile Parts,14.1,147.2,6042,2024-07-18,TCI Freight
SHP03213,Mumbai,Pune,Short,Textiles,11.6,152.8,5115,2024-07-18,TCI Freight
SHP03214,Delhi,Jaipur,Short,Chemicals,24.2,281.0,19717,2024-07-18,Western Carriers
SHP03215,Delhi,Jaipur,Short,Chemicals,22.1,280.3,17748,2024-07-18,SafeExpress
SHP03216,Chennai,Bangalore,Short,Textiles,24.0,349.5,23228,2024-07-18,Western Carriers
SHP03217,Chennai,Bangalore,Short,Textiles,11.4,353.1,11129,2024-07-18,VRL Logistics
SHP03218,Chennai,Bangalore,Short,Steel Coils,10.7,352.4,10334,2024-07-18,Western Carriers
SHP03219,Ahmedabad,Mumbai,Medium,Textiles,20.3,526.5,26318,2024-07-18,Om Sai Transport
SHP03220,Kolkata,Bhubaneswar,Medium,Automobile Parts,10.7,443.1,11808,2024-07-18,Shivam Freight Co
SHP03221,Kolkata,Bhubaneswar,Medium,Chemicals,20.9,439.4,22976,2024-07-18,TCI Freight
SHP03222,Bangalore,Hyderabad,Medium,Automobile Parts,13.1,572.5,18137,2024-07-18,Western Carriers
SHP03223,Bangalore,Hyderabad,Medium,Textiles,11.5,571.2,16055,2024-07-18,VRL Logistics
SHP03224,Bangalore,Hyderabad,Medium,Packaged Foods,15.7,570.8,21404,2024-07-18,TCI Freight
SHP03225,Mumbai,Delhi,Long,Chemicals,12.0,1418.4,35262,2024-07-18,VRL Logistics
SHP03226,Mumbai,Delhi,Long,Automobile Parts,14.4,1417.4,42025,2024-07-18,Western Carriers
SHP03227,Mumbai,Delhi,Long,Chemicals,21.8,1422.9,64802,2024-07-18,TCI Freight
SHP03228,Delhi,Kolkata,Long,Steel Coils,14.9,1509.3,44686,2024-07-18,Shivam Freight Co
SHP03229,Delhi,Kolkata,Long,FMCG,24.0,1512.6,71785,2024-07-18,VRL Logistics
SHP03230,Mumbai,Pune,Short,FMCG,23.4,148.7,10462,2024-07-19,VRL Logistics
SHP03231,Mumbai,Pune,Short,Chemicals,24.5,152.1,11035,2024-07-19,TCI Freight
SHP03232,Delhi,Jaipur,Short,Automobile Parts,21.7,277.9,17120,2024-07-19,SafeExpress
SHP03233,Chennai,Bangalore,Short,Packaged Foods,16.3,347.5,15969,2024-07-19,Shivam Freight Co
SHP03234,Chennai,Bangalore,Short,Steel Coils,15.0,349.2,14713,2024-07-19,Shivam Freight Co
SHP03235,Chennai,Bangalore,Short,FMCG,24.0,346.1,23162,2024-07-19,Om Sai Transport
SHP03236,Ahmedabad,Mumbai,Medium,Automobile Parts,24.4,528.4,31233,2024-07-19,SafeExpress
SHP03237,Kolkata,Bhubaneswar,Medium,Packaged Foods,12.0,438.5,13210,2024-07-19,SafeExpress
SHP03238,Kolkata,Bhubaneswar,Medium,Packaged Foods,11.2,436.2,12247,2024-07-19,Shivam Freight Co
SHP03239,Bangalore,Hyderabad,Medium,Electronics,13.8,572.5,19040,2024-07-19,SafeExpress
SHP03240,Bangalore,Hyderabad,Medium,Chemicals,10.1,573.9,14028,2024-07-19,Shivam Freight Co
SHP03241,Bangalore,Hyderabad,Medium,Automobile Parts,18.8,566.9,25872,2024-07-19,Western Carriers
SHP03242,Mumbai,Delhi,Long,Chemicals,23.1,1417.0,66202,2024-07-19,VRL Logistics
SHP03243,Mumbai,Delhi,Long,FMCG,21.8,1419.6,62187,2024-07-19,VRL Logistics
SHP03244,Mumbai,Delhi,Long,Textiles,24.9,1419.6,72175,2024-07-19,Om Sai Transport
SHP03245,Delhi,Kolkata,Long,Packaged Foods,21.0,1506.6,64874,2024-07-19,Om Sai Transport
SHP03246,Delhi,Kolkata,Long,Automobile Parts,13.4,1510.2,41234,2024-07-19,VRL Logistics
SHP03247,Mumbai,Pune,Short,Chemicals,20.9,151.6,9487,2024-07-20,Shivam Freight Co
SHP03248,Mumbai,Pune,Short,Steel Coils,15.3,149.7,6845,2024-07-20,VRL Logistics
SHP03249,Delhi,Jaipur,Short,Electronics,11.9,277.4,10089,2024-07-20,Om Sai Transport
SHP03250,Delhi,Jaipur,Short,FMCG,23.2,280.0,19610,2024-07-20,VRL Logistics
SHP03251,Delhi,Jaipur,Short,Textiles,20.1,276.4,16817,2024-07-20,Western Carriers
SHP03252,Chennai,Bangalore,Short,FMCG,21.1,349.7,20428,2024-07-20,Shivam Freight Co
SHP03253,Chennai,Bangalore,Short,Electronics,24.2,346.9,22586,2024-07-20,SafeExpress
SHP03254,Chennai,Bangalore,Short,Electronics,18.1,348.3,17381,2024-07-20,SafeExpress
SHP03255,Ahmedabad,Mumbai,Medium,FMCG,24.7,531.9,32476,2024-07-20,SafeExpress
SHP03256,Ahmedabad,Mumbai,Medium,Electronics,13.6,532.1,17775,2024-07-20,Western Carriers
SHP03257,Ahmedabad,Mumbai,Medium,FMCG,17.3,531.9,22363,2024-07-20,TCI Freight
SHP03258,Kolkata,Bhubaneswar,Medium,Electronics,11.1,437.4,12154,2024-07-20,Shivam Freight Co
SHP03259,Kolkata,Bhubaneswar,Medium,Chemicals,10.9,441.2,12218,2024-07-20,SafeExpress
SHP03260,Kolkata,Bhubaneswar,Medium,Electronics,22.4,443.7,24661,2024-07-20,Western Carriers
SHP03261,Bangalore,Hyderabad,Medium,Electronics,21.9,570.9,29138,2024-07-20,TCI Freight
SHP03262,Bangalore,Hyderabad,Medium,Steel Coils,12.2,570.0,16465,2024-07-20,VRL Logistics
SHP03263,Mumbai,Delhi,Long,FMCG,22.9,1416.1,68852,2024-07-20,Western Carriers
SHP03264,Mumbai,Delhi,Long,Automobile Parts,17.7,1421.9,53123,2024-07-20,SafeExpress
SHP03265,Delhi,Kolkata,Long,Steel Coils,11.0,1510.1,33071,2024-07-20,VRL Logistics
SHP03266,Delhi,Kolkata,Long,Textiles,23.8,1508.0,72975,2024-07-20,VRL Logistics
SHP03267,Mumbai,Pune,Short,Packaged Foods,18.0,147.7,7897,2024-07-21,SafeExpress
SHP03268,Mumbai,Pune,Short,Chemicals,13.3,150.8,6040,2024-07-21,Shivam Freight Co
SHP03269,Mumbai,Pune,Short,FMCG,20.3,146.1,8949,2024-07-21,Western Carriers
SHP03270,Delhi,Jaipur,Short,Chemicals,11.8,281.1,9899,2024-07-21,TCI Freight
SHP03271,Chennai,Bangalore,Short,Automobile Parts,22.1,351.9,21652,2024-07-21,TCI Freight
SHP03272,Chennai,Bangalore,Short,FMCG,21.6,350.2,21326,2024-07-21,Western Carriers
SHP03273,Chennai,Bangalore,Short,Automobile Parts,14.6,350.8,14497,2024-07-21,TCI Freight
SHP03274,Ahmedabad,Mumbai,Medium,Textiles,22.6,526.8,29738,2024-07-21,SafeExpress
SHP03275,Ahmedabad,Mumbai,Medium,Chemicals,22.2,527.9,29483,2024-07-21,TCI Freight
SHP03276,Kolkata,Bhubaneswar,Medium,Steel Coils,12.6,441.7,13913,2024-07-21,TCI Freight
SHP03277,Kolkata,Bhubaneswar,Medium,Steel Coils,18.9,441.2,20871,2024-07-21,Om Sai Transport
SHP03278,Bangalore,Hyderabad,Medium,Chemicals,11.7,567.2,16085,2024-07-21,SafeExpress
SHP03279,Mumbai,Delhi,Long,Chemicals,18.5,1423.5,53479,2024-07-21,TCI Freight
SHP03280,Delhi,Kolkata,Long,Packaged Foods,23.9,1510.6,73060,2024-07-21,Shivam Freight Co
SHP03281,Delhi,Kolkata,Long,Packaged Foods,10.2,1512.5,31299,2024-07-21,Shivam Freight Co
SHP03282,Delhi,Kolkata,Long,Automobile Parts,17.8,1506.5,54911,2024-07-21,Shivam Freight Co
SHP03283,Mumbai,Pune,Short,Chemicals,19.5,150.1,8600,2024-07-22,Western Carriers
SHP03284,Delhi,Jaipur,Short,Steel Coils,18.2,277.0,15044,2024-07-22,VRL Logistics
SHP03285,Delhi,Jaipur,Short,Electronics,11.4,279.1,9211,2024-07-22,Om Sai Transport
SHP03286,Chennai,Bangalore,Short,Packaged Foods,19.7,353.4,19713,2024-07-22,TCI Freight
SHP03287,Chennai,Bangalore,Short,Automobile Parts,10.7,350.1,10540,2024-07-22,TCI Freight
SHP03288,Ahmedabad,Mumbai,Medium,Textiles,16.1,528.5,21429,2024-07-22,Western Carriers
SHP03289,Kolkata,Bhubaneswar,Medium,Automobile Parts,21.0,436.0,23749,2024-07-22,SafeExpress
SHP03290,Bangalore,Hyderabad,Medium,Electronics,22.2,569.0,31624,2024-07-22,TCI Freight
SHP03291,Mumbai,Delhi,Long,Automobile Parts,23.5,1418.7,66619,2024-07-22,Western Carriers
SHP03292,Delhi,Kolkata,Long,Textiles,10.2,1506.7,30714,2024-07-22,VRL Logistics
SHP03293,Delhi,Kolkata,Long,Steel Coils,20.6,1512.9,62425,2024-07-22,VRL Logistics
SHP03294,Mumbai,Pune,Short,Chemicals,11.5,150.3,5053,2024-07-23,VRL Logistics
SHP03295,Mumbai,Pune,Short,Packaged Foods,17.0,152.2,7537,2024-07-23,VRL Logistics
SHP03296,Delhi,Jaipur,Short,Steel Coils,18.2,279.4,15121,2024-07-23,SafeExpress
SHP03297,Chennai,Bangalore,Short,Automobile Parts,16.1,350.5,15481,2024-07-23,Shivam Freight Co
SHP03298,Chennai,Bangalore,Short,Chemicals,18.1,350.2,17508,2024-07-23,Western Carriers
SHP03299,Chennai,Bangalore,Short,Electronics,17.1,350.5,16843,2024-07-23,Western Carriers
SHP03300,Ahmedabad,Mumbai,Medium,Automobile Parts,10.5,526.6,13699,2024-07-23,Om Sai Transport
SHP03301,Ahmedabad,Mumbai,Medium,Automobile Parts,22.7,528.9,29470,2024-07-23,Shivam Freight Co
SHP03302,Ahmedabad,Mumbai,Medium,Packaged Foods,13.6,531.5,17356,2024-07-23,Om Sai Transport
SHP03303,Kolkata,Bhubaneswar,Medium,Electronics,15.4,442.1,17188,2024-07-23,TCI Freight
SHP03304,Kolkata,Bhubaneswar,Medium,Packaged Foods,22.5,440.6,24373,2024-07-23,VRL Logistics
SHP03305,Kolkata,Bhubaneswar,Medium,Chemicals,18.3,443.8,19821,2024-07-23,VRL Logistics
SHP03306,Bangalore,Hyderabad,Medium,Packaged Foods,15.4,572.3,21713,2024-07-23,SafeExpress
SHP03307,Mumbai,Delhi,Long,Textiles,20.1,1421.6,57683,2024-07-23,SafeExpress
SHP03308,Mumbai,Delhi,Long,Electronics,21.8,1420.8,62421,2024-07-23,Western Carriers
SHP03309,Delhi,Kolkata,Long,Steel Coils,20.7,1506.7,62327,2024-07-23,SafeExpress
SHP03310,Delhi,Kolkata,Long,Automobile Parts,12.4,1508.1,37671,2024-07-23,VRL Logistics
SHP03311,Mumbai,Pune,Short,Textiles,22.2,149.6,10123,2024-07-24,Western Carriers
SHP03312,Delhi,Jaipur,Short,Electronics,11.6,283.3,9850,2024-07-24,VRL Logistics
SHP03313,Delhi,Jaipur,Short,Automobile Parts,22.5,279.0,18434,2024-07-24,TCI Freight
SHP03314,Chennai,Bangalore,Short,FMCG,22.7,347.1,21069,2024-07-24,Shivam Freight Co
SHP03315,Chennai,Bangalore,Short,Packaged Foods,10.3,351.7,9830,2024-07-24,Western Carriers
SHP03316,Chennai,Bangalore,Short,Automobile Parts,23.9,349.2,22794,2024-07-24,VRL Logistics
SHP03317,Ahmedabad,Mumbai,Medium,FMCG,22.4,527.4,29463,2024-07-24,SafeExpress
SHP03318,Ahmedabad,Mumbai,Medium,Chemicals,17.5,533.9,23904,2024-07-24,VRL Logistics
SHP03319,Kolkata,Bhubaneswar,Medium,FMCG,11.3,436.0,12613,2024-07-24,TCI Freight
SHP03320,Kolkata,Bhubaneswar,Medium,Steel Coils,20.3,437.5,22917,2024-07-24,Shivam Freight Co
SHP03321,Bangalore,Hyderabad,Medium,FMCG,24.1,566.6,32111,2024-07-24,VRL Logistics
SHP03322,Bangalore,Hyderabad,Medium,Chemicals,11.0,566.0,14784,2024-07-24,Western Carriers
SHP03323,Mumbai,Delhi,Long,Chemicals,18.6,1416.7,55699,2024-07-24,Om Sai Transport
SHP03324,Delhi,Kolkata,Long,Automobile Parts,19.9,1513.8,61037,2024-07-24,Shivam Freight Co
SHP03325,Mumbai,Pune,Short,FMCG,13.4,152.0,6280,2024-07-25,SafeExpress
SHP03326,Delhi,Jaipur,Short,FMCG,10.7,277.1,8499,2024-07-25,SafeExpress
SHP03327,Delhi,Jaipur,Short,Automobile Parts,20.2,280.7,15956,2024-07-25,VRL Logistics
SHP03328,Delhi,Jaipur,Short,Chemicals,22.4,283.2,18324,2024-07-25,TCI Freight
SHP03329,Chennai,Bangalore,Short,Electronics,20.5,351.7,19946,2024-07-25,Om Sai Transport
SHP03330,Chennai,Bangalore,Short,Chemicals,17.8,352.4,17484,2024-07-25,TCI Freight
SHP03331,Chennai,Bangalore,Short,Chemicals,22.9,347.7,22133,2024-07-25,VRL Logistics
SHP03332,Ahmedabad,Mumbai,Medium,Chemicals,16.2,532.1,21033,2024-07-25,Western Carriers
SHP03333,Ahmedabad,Mumbai,Medium,FMCG,12.1,530.1,15490,2024-07-25,VRL Logistics
SHP03334,Kolkata,Bhubaneswar,Medium,Packaged Foods,21.6,437.7,24340,2024-07-25,VRL Logistics
SHP03335,Bangalore,Hyderabad,Medium,Steel Coils,18.4,568.8,24976,2024-07-25,Western Carriers
SHP03336,Mumbai,Delhi,Long,FMCG,13.2,1423.1,38354,2024-07-25,Western Carriers
SHP03337,Mumbai,Delhi,Long,FMCG,13.8,1418.9,39793,2024-07-25,Om Sai Transport
SHP03338,Delhi,Kolkata,Long,Chemicals,10.9,1509.4,33056,2024-07-25,SafeExpress
SHP03339,Mumbai,Pune,Short,Electronics,18.8,149.6,8112,2024-07-26,VRL Logistics
SHP03340,Mumbai,Pune,Short,Chemicals,24.0,153.1,10720,2024-07-26,VRL Logistics
SHP03341,Delhi,Jaipur,Short,Electronics,15.7,282.4,13705,2024-07-26,VRL Logistics
SHP03342,Delhi,Jaipur,Short,Textiles,12.1,279.2,10060,2024-07-26,Shivam Freight Co
SHP03343,Chennai,Bangalore,Short,Automobile Parts,20.6,353.4,19870,2024-07-26,TCI Freight
SHP03344,Chennai,Bangalore,Short,Steel Coils,11.2,348.7,10902,2024-07-26,Om Sai Transport
SHP03345,Ahmedabad,Mumbai,Medium,Textiles,18.9,532.6,24798,2024-07-26,VRL Logistics
SHP03346,Ahmedabad,Mumbai,Medium,Electronics,17.4,526.9,22729,2024-07-26,Shivam Freight Co
SHP03347,Ahmedabad,Mumbai,Medium,Packaged Foods,19.0,531.3,25215,2024-07-26,Shivam Freight Co
SHP03348,Kolkata,Bhubaneswar,Medium,Electronics,24.1,442.2,26992,2024-07-26,Shivam Freight Co
SHP03349,Kolkata,Bhubaneswar,Medium,Automobile Parts,22.1,437.1,25073,2024-07-26,Western Carriers
SHP03350,Bangalore,Hyderabad,Medium,Electronics,12.5,571.6,16709,2024-07-26,TCI Freight
SHP03351,Bangalore,Hyderabad,Medium,Textiles,13.5,569.0,18546,2024-07-26,Western Carriers
SHP03352,Bangalore,Hyderabad,Medium,Packaged Foods,20.2,573.5,28169,2024-07-26,Western Carriers
SHP03353,Mumbai,Delhi,Long,Textiles,21.8,1423.2,63206,2024-07-26,Shivam Freight Co
SHP03354,Mumbai,Delhi,Long,Electronics,22.9,1416.1,65699,2024-07-26,Shivam Freight Co
SHP03355,Delhi,Kolkata,Long,Textiles,22.9,1508.7,68513,2024-07-26,Western Carriers
SHP03356,Mumbai,Pune,Short,Packaged Foods,19.5,148.1,8802,2024-07-27,SafeExpress
SHP03357,Mumbai,Pune,Short,FMCG,24.3,148.3,10929,2024-07-27,SafeExpress
SHP03358,Mumbai,Pune,Short,Chemicals,22.7,151.6,10424,2024-07-27,Shivam Freight Co
SHP03359,Delhi,Jaipur,Short,Steel Coils,20.1,281.9,17246,2024-07-27,Western Carriers
SHP03360,Delhi,Jaipur,Short,Automobile Parts,11.0,282.0,9203,2024-07-27,VRL Logistics
SHP03361,Delhi,Jaipur,Short,FMCG,19.3,283.7,16881,2024-07-27,Western Carriers
SHP03362,Chennai,Bangalore,Short,Steel Coils,11.8,353.2,11027,2024-07-27,Shivam Freight Co
SHP03363,Chennai,Bangalore,Short,Electronics,16.4,353.0,15458,2024-07-27,VRL Logistics
SHP03364,Chennai,Bangalore,Short,Packaged Foods,18.1,346.5,16827,2024-07-27,Om Sai Transport
SHP03365,Ahmedabad,Mumbai,Medium,Chemicals,19.2,533.0,25474,2024-07-27,VRL Logistics
SHP03366,Ahmedabad,Mumbai,Medium,Electronics,21.3,528.8,28873,2024-07-27,TCI Freight
SHP03367,Kolkata,Bhubaneswar,Medium,Automobile Parts,11.1,438.9,11850,2024-07-27,TCI Freight
SHP03368,Bangalore,Hyderabad,Medium,FMCG,16.0,571.2,22449,2024-07-27,TCI Freight
SHP03369,Mumbai,Delhi,Long,FMCG,16.6,1419.1,46567,2024-07-27,Western Carriers
SHP03370,Mumbai,Delhi,Long,Electronics,24.9,1423.2,70727,2024-07-27,Western Carriers
SHP03371,Mumbai,Delhi,Long,Steel Coils,23.3,1417.0,65147,2024-07-27,TCI Freight
SHP03372,Delhi,Kolkata,Long,Steel Coils,24.4,1510.6,74881,2024-07-27,Shivam Freight Co
SHP03373,Delhi,Kolkata,Long,FMCG,17.4,1506.0,53241,2024-07-27,Om Sai Transport
SHP03374,Mumbai,Pune,Short,Packaged Foods,19.5,147.7,8667,2024-07-28,SafeExpress
SHP03375,Delhi,Jaipur,Short,Textiles,12.0,278.5,9647,2024-07-28,Shivam Freight Co
SHP03376,Delhi,Jaipur,Short,Electronics,13.8,279.7,11227,2024-07-28,Om Sai Transport
SHP03377,Chennai,Bangalore,Short,Textiles,12.2,351.6,12048,2024-07-28,VRL Logistics
SHP03378,Chennai,Bangalore,Short,Packaged Foods,11.0,352.8,10878,2024-07-28,TCI Freight
SHP03379,Chennai,Bangalore,Short,Electronics,23.4,346.3,22430,2024-07-28,Shivam Freight Co
SHP03380,Ahmedabad,Mumbai,Medium,Automobile Parts,24.4,531.1,31545,2024-07-28,TCI Freight
SHP03381,Kolkata,Bhubaneswar,Medium,Automobile Parts,23.5,437.2,24889,2024-07-28,SafeExpress
SHP03382,Bangalore,Hyderabad,Medium,Textiles,10.1,570.9,13822,2024-07-28,SafeExpress
SHP03383,Mumbai,Delhi,Long,FMCG,24.7,1420.5,71072,2024-07-28,TCI Freight
SHP03384,Mumbai,Delhi,Long,Chemicals,11.3,1422.9,32755,2024-07-28,SafeExpress
SHP03385,Mumbai,Delhi,Long,FMCG,15.9,1418.5,45283,2024-07-28,Om Sai Transport
SHP03386,Delhi,Kolkata,Long,Textiles,23.3,1512.4,69130,2024-07-28,VRL Logistics
SHP03387,Mumbai,Pune,Short,Electronics,24.7,148.0,11152,2024-07-29,TCI Freight
SHP03388,Delhi,Jaipur,Short,Steel Coils,22.0,276.9,17808,2024-07-29,Western Carriers
SHP03389,Delhi,Jaipur,Short,Electronics,10.1,282.0,8112,2024-07-29,Om Sai Transport
SHP03390,Chennai,Bangalore,Short,Chemicals,12.6,351.8,11826,2024-07-29,Shivam Freight Co
SHP03391,Chennai,Bangalore,Short,Electronics,23.6,350.2,22379,2024-07-29,VRL Logistics
SHP03392,Chennai,Bangalore,Short,Chemicals,16.5,350.5,15691,2024-07-29,SafeExpress
SHP03393,Ahmedabad,Mumbai,Medium,Textiles,18.3,528.7,23508,2024-07-29,TCI Freight
SHP03394,Ahmedabad,Mumbai,Medium,Electronics,20.4,532.0,26098,2024-07-29,Western Carriers
SHP03395,Kolkata,Bhubaneswar,Medium,FMCG,20.6,440.1,22335,2024-07-29,VRL Logistics
SHP03396,Kolkata,Bhubaneswar,Medium,Electronics,17.2,443.3,18795,2024-07-29,TCI Freight
SHP03397,Kolkata,Bhubaneswar,Medium,Chemicals,11.0,442.9,12111,2024-07-29,Om Sai Transport
SHP03398,Bangalore,Hyderabad,Medium,Textiles,12.6,569.8,17246,2024-07-29,VRL Logistics
SHP03399,Bangalore,Hyderabad,Medium,Steel Coils,19.9,572.9,27918,2024-07-29,Om Sai Transport
SHP03400,Bangalore,Hyderabad,Medium,Steel Coils,17.2,571.8,23145,2024-07-29,TCI Freight
SHP03401,Mumbai,Delhi,Long,Steel Coils,19.4,1420.3,57823,2024-07-29,Om Sai Transport
SHP03402,Mumbai,Delhi,Long,Textiles,12.3,1421.3,35837,2024-07-29,VRL Logistics
SHP03403,Delhi,Kolkata,Long,FMCG,21.0,1511.2,64499,2024-07-29,TCI Freight
SHP03404,Delhi,Kolkata,Long,Textiles,11.0,1512.0,33869,2024-07-29,TCI Freight
SHP03405,Mumbai,Pune,Short,Electronics,20.1,151.6,9284,2024-07-30,Shivam Freight Co
SHP03406,Delhi,Jaipur,Short,Electronics,10.8,277.7,8801,2024-07-30,Om Sai Transport
SHP03407,Delhi,Jaipur,Short,Automobile Parts,12.0,277.8,9698,2024-07-30,VRL Logistics
SHP03408,Delhi,Jaipur,Short,Steel Coils,11.9,282.8,9852,2024-07-30,VRL Logistics
SHP03409,Chennai,Bangalore,Short,Automobile Parts,21.4,353.2,21060,2024-07-30,VRL Logistics
SHP03410,Ahmedabad,Mumbai,Medium,FMCG,13.0,528.0,17332,2024-07-30,Shivam Freight Co
SHP03411,Ahmedabad,Mumbai,Medium,FMCG,21.9,528.8,28718,2024-07-30,SafeExpress
SHP03412,Kolkata,Bhubaneswar,Medium,Steel Coils,18.8,439.2,20681,2024-07-30,Om Sai Transport
SHP03413,Kolkata,Bhubaneswar,Medium,Chemicals,20.3,442.1,22514,2024-07-30,Shivam Freight Co
SHP03414,Bangalore,Hyderabad,Medium,FMCG,11.1,573.8,15086,2024-07-30,TCI Freight
SHP03415,Bangalore,Hyderabad,Medium,Chemicals,24.2,566.3,32832,2024-07-30,Om Sai Transport
SHP03416,Bangalore,Hyderabad,Medium,FMCG,21.8,567.0,29236,2024-07-30,Western Carriers
SHP03417,Mumbai,Delhi,Long,Chemicals,15.8,1416.5,45713,2024-07-30,Shivam Freight Co
SHP03418,Mumbai,Delhi,Long,Automobile Parts,13.0,1422.4,37702,2024-07-30,Shivam Freight Co
SHP03419,Delhi,Kolkata,Long,Automobile Parts,23.3,1509.2,71652,2024-07-30,SafeExpress
SHP03420,Delhi,Kolkata,Long,Automobile Parts,21.3,1509.7,65323,2024-07-30,Om Sai Transport
SHP03421,Mumbai,Pune,Short,Textiles,17.7,146.7,7850,2024-07-31,Shivam Freight Co
SHP03422,Delhi,Jaipur,Short,Packaged Foods,21.7,282.2,17709,2024-07-31,SafeExpress
SHP03423,Delhi,Jaipur,Short,Textiles,15.9,283.7,12990,2024-07-31,TCI Freight
SHP03424,Chennai,Bangalore,Short,Electronics,16.3,347.8,15531,2024-07-31,TCI Freight
SHP03425,Chennai,Bangalore,Short,Steel Coils,16.8,349.0,16142,2024-07-31,SafeExpress
SHP03426,Chennai,Bangalore,Short,Textiles,23.2,347.1,22160,2024-07-31,Om Sai Transport
SHP03427,Ahmedabad,Mumbai,Medium,Electronics,23.8,531.3,30818,2024-07-31,TCI Freight
SHP03428,Ahmedabad,Mumbai,Medium,Electronics,14.0,531.6,17716,2024-07-31,TCI Freight
SHP03429,Kolkata,Bhubaneswar,Medium,Chemicals,10.6,443.1,12102,2024-07-31,Western Carriers
SHP03430,Kolkata,Bhubaneswar,Medium,Steel Coils,21.1,440.9,24155,2024-07-31,Western Carriers
SHP03431,Kolkata,Bhubaneswar,Medium,Packaged Foods,14.7,437.9,16642,2024-07-31,Western Carriers
SHP03432,Bangalore,Hyderabad,Medium,FMCG,13.3,569.0,18316,2024-07-31,Om Sai Transport
SHP03433,Bangalore,Hyderabad,Medium,Textiles,20.8,573.1,29315,2024-07-31,SafeExpress
SHP03434,Bangalore,Hyderabad,Medium,Packaged Foods,12.8,573.8,17638,2024-07-31,VRL Logistics
SHP03435,Mumbai,Delhi,Long,Packaged Foods,24.2,1418.0,72328,2024-07-31,Western Carriers
SHP03436,Delhi,Kolkata,Long,Automobile Parts,15.5,1511.7,46445,2024-07-31,SafeExpress
SHP03437,Mumbai,Pune,Short,Automobile Parts,23.0,148.1,10040,2024-08-01,Western Carriers
SHP03438,Mumbai,Pune,Short,Automobile Parts,14.0,150.5,6100,2024-08-01,SafeExpress
SHP03439,Mumbai,Pune,Short,Textiles,23.4,150.7,10402,2024-08-01,Western Carriers
SHP03440,Delhi,Jaipur,Short,Automobile Parts,13.0,278.7,11066,2024-08-01,VRL Logistics
SHP03441,Delhi,Jaipur,Short,Automobile Parts,24.9,280.5,20749,2024-08-01,Western Carriers
SHP03442,Delhi,Jaipur,Short,Packaged Foods,17.5,280.8,15005,2024-08-01,SafeExpress
SHP03443,Chennai,Bangalore,Short,Packaged Foods,12.7,347.0,11805,2024-08-01,TCI Freight
SHP03444,Chennai,Bangalore,Short,FMCG,10.1,351.6,9530,2024-08-01,TCI Freight
SHP03445,Ahmedabad,Mumbai,Medium,Automobile Parts,22.2,530.1,29182,2024-08-01,TCI Freight
SHP03446,Ahmedabad,Mumbai,Medium,Automobile Parts,21.8,527.1,28708,2024-08-01,SafeExpress
SHP03447,Kolkata,Bhubaneswar,Medium,Automobile Parts,22.8,437.5,24385,2024-08-01,VRL Logistics
SHP03448,Kolkata,Bhubaneswar,Medium,Packaged Foods,15.5,437.1,16882,2024-08-01,VRL Logistics
SHP03449,Bangalore,Hyderabad,Medium,Textiles,14.3,573.5,19691,2024-08-01,Western Carriers
SHP03450,Mumbai,Delhi,Long,FMCG,23.5,1418.0,70212,2024-08-01,Shivam Freight Co
SHP03451,Delhi,Kolkata,Long,Automobile Parts,13.2,1513.1,39958,2024-08-01,TCI Freight
SHP03452,Delhi,Kolkata,Long,Packaged Foods,19.9,1509.3,59253,2024-08-01,Western Carriers
SHP03453,Mumbai,Pune,Short,Chemicals,20.3,150.3,9233,2024-08-02,VRL Logistics
SHP03454,Delhi,Jaipur,Short,Automobile Parts,11.2,283.5,9691,2024-08-02,Shivam Freight Co
SHP03455,Chennai,Bangalore,Short,Electronics,12.3,348.2,12006,2024-08-02,VRL Logistics
SHP03456,Chennai,Bangalore,Short,Chemicals,12.6,351.9,12692,2024-08-02,SafeExpress
SHP03457,Chennai,Bangalore,Short,Electronics,22.7,348.1,22407,2024-08-02,SafeExpress
SHP03458,Ahmedabad,Mumbai,Medium,FMCG,24.5,527.6,31267,2024-08-02,Western Carriers
SHP03459,Ahmedabad,Mumbai,Medium,Electronics,17.9,526.2,22718,2024-08-02,Om Sai Transport
SHP03460,Kolkata,Bhubaneswar,Medium,Electronics,12.0,439.7,12935,2024-08-02,VRL Logistics
SHP03461,Kolkata,Bhubaneswar,Medium,Textiles,12.9,439.3,13655,2024-08-02,Shivam Freight Co
SHP03462,Bangalore,Hyderabad,Medium,Steel Coils,19.4,573.4,26777,2024-08-02,SafeExpress
SHP03463,Mumbai,Delhi,Long,Chemicals,24.0,1416.2,69883,2024-08-02,Western Carriers
SHP03464,Delhi,Kolkata,Long,Steel Coils,12.3,1506.2,38672,2024-08-02,Western Carriers
SHP03465,Mumbai,Pune,Short,Steel Coils,16.9,147.5,7413,2024-08-03,Shivam Freight Co
SHP03466,Mumbai,Pune,Short,Chemicals,19.1,149.4,8278,2024-08-03,Western Carriers
SHP03467,Delhi,Jaipur,Short,Packaged Foods,17.9,282.1,15234,2024-08-03,SafeExpress
SHP03468,Chennai,Bangalore,Short,Textiles,13.0,347.6,12857,2024-08-03,Western Carriers
SHP03469,Ahmedabad,Mumbai,Medium,Steel Coils,20.8,527.4,26425,2024-08-03,TCI Freight
SHP03470,Ahmedabad,Mumbai,Medium,Textiles,22.8,531.8,29421,2024-08-03,Om Sai Transport
SHP03471,Kolkata,Bhubaneswar,Medium,Steel Coils,23.4,438.8,26173,2024-08-03,Om Sai Transport
SHP03472,Kolkata,Bhubaneswar,Medium,FMCG,12.3,437.2,13726,2024-08-03,SafeExpress
SHP03473,Kolkata,Bhubaneswar,Medium,Chemicals,19.2,437.8,21626,2024-08-03,TCI Freight
SHP03474,Bangalore,Hyderabad,Medium,FMCG,17.1,568.9,23069,2024-08-03,Om Sai Transport
SHP03475,Bangalore,Hyderabad,Medium,Automobile Parts,13.4,572.3,17848,2024-08-03,Shivam Freight Co
SHP03476,Mumbai,Delhi,Long,Automobile Parts,11.4,1419.8,32908,2024-08-03,Shivam Freight Co
SHP03477,Delhi,Kolkata,Long,Chemicals,21.8,1510.9,64921,2024-08-03,Om Sai Transport
SHP03478,Delhi,Kolkata,Long,Packaged Foods,13.0,1512.6,38628,2024-08-03,SafeExpress
SHP03479,Mumbai,Pune,Short,Chemicals,19.7,146.8,8634,2024-08-04,Om Sai Transport
SHP03480,Mumbai,Pune,Short,Steel Coils,18.4,153.1,8281,2024-08-04,Western Carriers
SHP03481,Delhi,Jaipur,Short,Electronics,22.6,281.3,18245,2024-08-04,VRL Logistics
SHP03482,Delhi,Jaipur,Short,Steel Coils,13.9,280.3,11167,2024-08-04,VRL Logistics
SHP03483,Chennai,Bangalore,Short,Steel Coils,13.1,347.0,12692,2024-08-04,Western Carriers
SHP03484,Chennai,Bangalore,Short,Electronics,12.1,353.9,11577,2024-08-04,TCI Freight
SHP03485,Ahmedabad,Mumbai,Medium,Textiles,14.4,532.0,18587,2024-08-04,TCI Freight
SHP03486,Kolkata,Bhubaneswar,Medium,Electronics,20.8,440.5,23736,2024-08-04,Western Carriers
SHP03487,Kolkata,Bhubaneswar,Medium,Automobile Parts,12.7,442.9,14741,2024-08-04,Shivam Freight Co
SHP03488,Kolkata,Bhubaneswar,Medium,Textiles,22.3,439.0,25313,2024-08-04,Om Sai Transport
SHP03489,Bangalore,Hyderabad,Medium,FMCG,13.6,573.2,18860,2024-08-04,Western Carriers
SHP03490,Mumbai,Delhi,Long,Textiles,19.7,1416.5,57850,2024-08-04,SafeExpress
SHP03491,Delhi,Kolkata,Long,Electronics,22.4,1508.2,66963,2024-08-04,VRL Logistics
SHP03492,Delhi,Kolkata,Long,Packaged Foods,18.4,1507.8,55661,2024-08-04,Western Carriers
SHP03493,Mumbai,Pune,Short,Automobile Parts,19.9,146.1,8656,2024-08-05,Om Sai Transport
SHP03494,Delhi,Jaipur,Short,Chemicals,14.3,280.1,11699,2024-08-05,Western Carriers
SHP03495,Chennai,Bangalore,Short,Automobile Parts,14.7,349.1,13964,2024-08-05,Shivam Freight Co
SHP03496,Chennai,Bangalore,Short,Steel Coils,13.8,348.9,12994,2024-08-05,Western Carriers
SHP03497,Ahmedabad,Mumbai,Medium,Packaged Foods,24.7,526.7,31880,2024-08-05,TCI Freight
SHP03498,Ahmedabad,Mumbai,Medium,Textiles,20.1,532.1,26274,2024-08-05,Shivam Freight Co
SHP03499,Kolkata,Bhubaneswar,Medium,Steel Coils,20.8,436.7,22888,2024-08-05,TCI Freight
SHP03500,Kolkata,Bhubaneswar,Medium,Steel Coils,18.2,438.6,19926,2024-08-05,Shivam Freight Co
SHP03501,Kolkata,Bhubaneswar,Medium,Textiles,10.0,439.8,10881,2024-08-05,Om Sai Transport
SHP03502,Bangalore,Hyderabad,Medium,Automobile Parts,11.1,571.3,15382,2024-08-05,Shivam Freight Co
SHP03503,Mumbai,Delhi,Long,Chemicals,14.6,1416.7,42207,2024-08-05,Om Sai Transport
SHP03504,Mumbai,Delhi,Long,Automobile Parts,16.4,1422.0,47599,2024-08-05,SafeExpress
SHP03505,Mumbai,Delhi,Long,Chemicals,19.7,1420.3,55895,2024-08-05,TCI Freight
SHP03506,Delhi,Kolkata,Long,Packaged Foods,17.4,1507.3,52340,2024-08-05,TCI Freight
SHP03507,Mumbai,Pune,Short,Packaged Foods,19.8,147.1,9055,2024-08-06,SafeExpress
SHP03508,Delhi,Jaipur,Short,Electronics,18.0,280.6,15385,2024-08-06,TCI Freight
SHP03509,Delhi,Jaipur,Short,Steel Coils,13.6,279.4,11582,2024-08-06,Western Carriers
SHP03510,Delhi,Jaipur,Short,Textiles,23.5,281.5,20212,2024-08-06,Om Sai Transport
SHP03511,Chennai,Bangalore,Short,Packaged Foods,15.7,351.0,14691,2024-08-06,TCI Freight
SHP03512,Ahmedabad,Mumbai,Medium,Packaged Foods,12.7,531.1,16445,2024-08-06,Om Sai Transport
SHP03513,Ahmedabad,Mumbai,Medium,FMCG,11.0,527.0,14546,2024-08-06,VRL Logistics
SHP03514,Ahmedabad,Mumbai,Medium,Chemicals,15.7,529.9,20999,2024-08-06,Western Carriers
SHP03515,Kolkata,Bhubaneswar,Medium,Automobile Parts,20.7,439.8,22247,2024-08-06,TCI Freight
SHP03516,Kolkata,Bhubaneswar,Medium,FMCG,14.6,439.7,16035,2024-08-06,SafeExpress
SHP03517,Bangalore,Hyderabad,Medium,Packaged Foods,18.9,570.6,26315,2024-08-06,SafeExpress
SHP03518,Bangalore,Hyderabad,Medium,Electronics,15.8,572.5,21572,2024-08-06,Shivam Freight Co
SHP03519,Mumbai,Delhi,Long,Electronics,16.1,1416.3,45792,2024-08-06,Om Sai Transport
SHP03520,Mumbai,Delhi,Long,Textiles,10.6,1419.8,30693,2024-08-06,TCI Freight
SHP03521,Delhi,Kolkata,Long,Electronics,16.6,1513.7,49253,2024-08-06,TCI Freight
SHP03522,Mumbai,Pune,Short,Packaged Foods,15.7,150.6,7106,2024-08-07,Western Carriers
SHP03523,Delhi,Jaipur,Short,Steel Coils,12.7,281.8,10413,2024-08-07,TCI Freight
SHP03524,Delhi,Jaipur,Short,Textiles,16.2,277.3,12995,2024-08-07,Om Sai Transport
SHP03525,Chennai,Bangalore,Short,Chemicals,23.7,350.9,23652,2024-08-07,TCI Freight
SHP03526,Chennai,Bangalore,Short,Textiles,19.2,352.1,19019,2024-08-07,SafeExpress
SHP03527,Ahmedabad,Mumbai,Medium,Textiles,15.0,528.4,19415,2024-08-07,Western Carriers
SHP03528,Kolkata,Bhubaneswar,Medium,Chemicals,11.1,438.1,12144,2024-08-07,Shivam Freight Co
SHP03529,Kolkata,Bhubaneswar,Medium,FMCG,23.9,439.2,25895,2024-08-07,TCI Freight
SHP03530,Kolkata,Bhubaneswar,Medium,Textiles,20.6,437.9,22492,2024-08-07,TCI Freight
SHP03531,Bangalore,Hyderabad,Medium,Packaged Foods,14.0,570.6,19047,2024-08-07,TCI Freight
SHP03532,Mumbai,Delhi,Long,Chemicals,12.6,1421.6,36880,2024-08-07,VRL Logistics
SHP03533,Mumbai,Delhi,Long,Electronics,11.9,1420.0,35493,2024-08-07,Om Sai Transport
SHP03534,Mumbai,Delhi,Long,FMCG,20.0,1423.9,59366,2024-08-07,TCI Freight
SHP03535,Delhi,Kolkata,Long,FMCG,12.4,1506.8,38256,2024-08-07,TCI Freight
SHP03536,Delhi,Kolkata,Long,FMCG,10.9,1509.6,32640,2024-08-07,SafeExpress
SHP03537,Mumbai,Pune,Short,Steel Coils,23.5,148.6,10649,2024-08-08,VRL Logistics
SHP03538,Mumbai,Pune,Short,Automobile Parts,21.8,151.0,9979,2024-08-08,TCI Freight
SHP03539,Delhi,Jaipur,Short,Chemicals,10.2,276.3,8066,2024-08-08,SafeExpress
SHP03540,Chennai,Bangalore,Short,Chemicals,12.2,353.4,12158,2024-08-08,Shivam Freight Co
SHP03541,Chennai,Bangalore,Short,Textiles,12.1,352.6,12092,2024-08-08,Shivam Freight Co
SHP03542,Ahmedabad,Mumbai,Medium,Automobile Parts,23.0,527.6,28888,2024-08-08,VRL Logistics
SHP03543,Kolkata,Bhubaneswar,Medium,Electronics,15.0,439.1,16387,2024-08-08,SafeExpress
SHP03544,Kolkata,Bhubaneswar,Medium,FMCG,18.3,443.7,20278,2024-08-08,Shivam Freight Co
SHP03545,Kolkata,Bhubaneswar,Medium,Textiles,19.1,443.4,21586,2024-08-08,Western Carriers
SHP03546,Bangalore,Hyderabad,Medium,Steel Coils,20.4,567.5,27438,2024-08-08,Shivam Freight Co
SHP03547,Bangalore,Hyderabad,Medium,Packaged Foods,24.0,566.6,32429,2024-08-08,Om Sai Transport
SHP03548,Mumbai,Delhi,Long,Electronics,16.1,1417.5,47014,2024-08-08,Om Sai Transport
SHP03549,Delhi,Kolkata,Long,Automobile Parts,16.9,1507.6,48903,2024-08-08,Om Sai Transport
SHP03550,Mumbai,Pune,Short,Automobile Parts,19.9,148.4,9019,2024-08-09,TCI Freight
SHP03551,Delhi,Jaipur,Short,FMCG,15.9,282.4,13611,2024-08-09,Shivam Freight Co
SHP03552,Delhi,Jaipur,Short,Electronics,21.9,276.3,18463,2024-08-09,VRL Logistics
SHP03553,Delhi,Jaipur,Short,Textiles,23.5,281.7,19867,2024-08-09,SafeExpress
SHP03554,Chennai,Bangalore,Short,Electronics,22.1,347.2,21070,2024-08-09,SafeExpress
SHP03555,Ahmedabad,Mumbai,Medium,Textiles,14.0,526.5,18347,2024-08-09,Om Sai Transport
SHP03556,Ahmedabad,Mumbai,Medium,FMCG,10.9,532.7,14019,2024-08-09,VRL Logistics
SHP03557,Kolkata,Bhubaneswar,Medium,Automobile Parts,18.4,437.3,21023,2024-08-09,SafeExpress
SHP03558,Bangalore,Hyderabad,Medium,FMCG,20.9,572.0,28702,2024-08-09,Om Sai Transport
SHP03559,Bangalore,Hyderabad,Medium,Chemicals,12.0,567.6,16508,2024-08-09,Om Sai Transport
SHP03560,Mumbai,Delhi,Long,Steel Coils,16.0,1417.1,45999,2024-08-09,Om Sai Transport
SHP03561,Delhi,Kolkata,Long,Automobile Parts,13.0,1506.2,39902,2024-08-09,Shivam Freight Co
SHP03562,Mumbai,Pune,Short,FMCG,16.4,151.4,7540,2024-08-10,Shivam Freight Co
SHP03563,Delhi,Jaipur,Short,FMCG,17.2,277.1,14069,2024-08-10,VRL Logistics
SHP03564,Delhi,Jaipur,Short,Electronics,21.2,278.0,17095,2024-08-10,VRL Logistics
SHP03565,Chennai,Bangalore,Short,Chemicals,12.6,353.5,11907,2024-08-10,TCI Freight
SHP03566,Ahmedabad,Mumbai,Medium,FMCG,10.4,527.4,13530,2024-08-10,Om Sai Transport
SHP03567,Ahmedabad,Mumbai,Medium,FMCG,18.1,526.4,23681,2024-08-10,TCI Freight
SHP03568,Kolkata,Bhubaneswar,Medium,Electronics,20.8,436.7,23553,2024-08-10,Om Sai Transport
SHP03569,Bangalore,Hyderabad,Medium,FMCG,22.2,566.5,30073,2024-08-10,VRL Logistics
SHP03570,Bangalore,Hyderabad,Medium,Packaged Foods,18.2,571.3,24870,2024-08-10,SafeExpress
SHP03571,Mumbai,Delhi,Long,Chemicals,22.4,1420.0,65536,2024-08-10,TCI Freight
SHP03572,Mumbai,Delhi,Long,Automobile Parts,12.7,1423.5,37024,2024-08-10,VRL Logistics
SHP03573,Mumbai,Delhi,Long,Automobile Parts,13.4,1421.1,39957,2024-08-10,Om Sai Transport
SHP03574,Delhi,Kolkata,Long,Packaged Foods,15.1,1511.0,47114,2024-08-10,Om Sai Transport
SHP03575,Delhi,Kolkata,Long,Chemicals,19.0,1507.2,58971,2024-08-10,Western Carriers
SHP03576,Mumbai,Pune,Short,Chemicals,14.2,152.1,6356,2024-08-11,Western Carriers
SHP03577,Mumbai,Pune,Short,Electronics,24.2,151.9,10918,2024-08-11,Om Sai Transport
SHP03578,Delhi,Jaipur,Short,Packaged Foods,11.5,282.4,9394,2024-08-11,Shivam Freight Co
SHP03579,Chennai,Bangalore,Short,Chemicals,20.5,346.3,19936,2024-08-11,SafeExpress
SHP03580,Chennai,Bangalore,Short,Packaged Foods,21.1,352.5,20123,2024-08-11,SafeExpress
SHP03581,Chennai,Bangalore,Short,Electronics,22.9,352.8,22245,2024-08-11,Shivam Freight Co
SHP03582,Ahmedabad,Mumbai,Medium,Chemicals,15.3,530.8,20324,2024-08-11,TCI Freight
SHP03583,Kolkata,Bhubaneswar,Medium,FMCG,14.8,437.4,16189,2024-08-11,Shivam Freight Co
SHP03584,Kolkata,Bhubaneswar,Medium,Automobile Parts,12.6,440.0,13458,2024-08-11,SafeExpress
SHP03585,Bangalore,Hyderabad,Medium,Textiles,16.8,567.8,22922,2024-08-11,VRL Logistics
SHP03586,Mumbai,Delhi,Long,FMCG,15.7,1419.0,44389,2024-08-11,VRL Logistics
SHP03587,Delhi,Kolkata,Long,Electronics,24.4,1509.1,75257,2024-08-11,Western Carriers
SHP03588,Delhi,Kolkata,Long,Textiles,18.1,1506.0,54148,2024-08-11,VRL Logistics
SHP03589,Delhi,Kolkata,Long,Textiles,23.2,1508.4,71311,2024-08-11,TCI Freight
SHP03590,Mumbai,Pune,Short,Textiles,18.7,150.1,8534,2024-08-12,SafeExpress
SHP03591,Mumbai,Pune,Short,Chemicals,12.5,146.2,5675,2024-08-12,Western Carriers
SHP03592,Delhi,Jaipur,Short,Textiles,11.1,281.5,9247,2024-08-12,Om Sai Transport
SHP03593,Delhi,Jaipur,Short,Electronics,16.7,282.3,13671,2024-08-12,Om Sai Transport
SHP03594,Delhi,Jaipur,Short,Chemicals,19.5,279.2,15758,2024-08-12,Western Carriers
SHP03595,Chennai,Bangalore,Short,Textiles,16.8,348.1,15904,2024-08-12,Om Sai Transport
SHP03596,Ahmedabad,Mumbai,Medium,Automobile Parts,10.3,530.5,12894,2024-08-12,VRL Logistics
SHP03597,Ahmedabad,Mumbai,Medium,Packaged Foods,12.1,530.3,15464,2024-08-12,Western Carriers
SHP03598,Kolkata,Bhubaneswar,Medium,Packaged Foods,12.3,443.4,13411,2024-08-12,VRL Logistics
SHP03599,Kolkata,Bhubaneswar,Medium,Steel Coils,24.3,443.4,27012,2024-08-12,Shivam Freight Co
SHP03600,Kolkata,Bhubaneswar,Medium,Electronics,14.8,437.2,16214,2024-08-12,TCI Freight
SHP03601,Bangalore,Hyderabad,Medium,Electronics,20.0,568.0,27443,2024-08-12,SafeExpress
SHP03602,Bangalore,Hyderabad,Medium,FMCG,19.3,567.4,25915,2024-08-12,Om Sai Transport
SHP03603,Mumbai,Delhi,Long,Packaged Foods,19.9,1416.6,56482,2024-08-12,Western Carriers
SHP03604,Mumbai,Delhi,Long,Electronics,15.1,1421.4,42269,2024-08-12,Shivam Freight Co
SHP03605,Delhi,Kolkata,Long,Chemicals,10.6,1512.1,31237,2024-08-12,Om Sai Transport
SHP03606,Delhi,Kolkata,Long,Packaged Foods,12.4,1511.6,37335,2024-08-12,Om Sai Transport
SHP03607,Delhi,Kolkata,Long,FMCG,11.4,1512.8,34365,2024-08-12,Shivam Freight Co
SHP03608,Mumbai,Pune,Short,Textiles,23.7,150.1,10426,2024-08-13,TCI Freight
SHP03609,Mumbai,Pune,Short,Automobile Parts,16.5,147.2,7207,2024-08-13,SafeExpress
SHP03610,Delhi,Jaipur,Short,Textiles,18.7,276.8,15103,2024-08-13,TCI Freight
SHP03611,Chennai,Bangalore,Short,FMCG,14.6,348.5,13818,2024-08-13,Western Carriers
SHP03612,Chennai,Bangalore,Short,Chemicals,21.9,346.0,20615,2024-08-13,SafeExpress
SHP03613,Ahmedabad,Mumbai,Medium,FMCG,22.5,529.8,29128,2024-08-13,Western Carriers
SHP03614,Ahmedabad,Mumbai,Medium,FMCG,19.6,533.7,25317,2024-08-13,SafeExpress
SHP03615,Ahmedabad,Mumbai,Medium,Automobile Parts,21.6,532.0,27628,2024-08-13,Western Carriers
SHP03616,Kolkata,Bhubaneswar,Medium,Automobile Parts,11.7,441.3,12440,2024-08-13,Om Sai Transport
SHP03617,Kolkata,Bhubaneswar,Medium,Electronics,12.9,437.4,13526,2024-08-13,Shivam Freight Co
SHP03618,Bangalore,Hyderabad,Medium,Packaged Foods,18.0,570.9,24274,2024-08-13,VRL Logistics
SHP03619,Mumbai,Delhi,Long,FMCG,18.5,1423.3,55525,2024-08-13,Shivam Freight Co
SHP03620,Mumbai,Delhi,Long,FMCG,22.9,1416.7,67291,2024-08-13,SafeExpress
SHP03621,Mumbai,Delhi,Long,Chemicals,18.9,1420.7,56066,2024-08-13,Western Carriers
SHP03622,Delhi,Kolkata,Long,Chemicals,20.5,1507.3,60935,2024-08-13,Shivam Freight Co
SHP03623,Delhi,Kolkata,Long,Packaged Foods,23.1,1506.5,69496,2024-08-13,Western Carriers
SHP03624,Delhi,Kolkata,Long,Packaged Foods,12.5,1511.5,37095,2024-08-13,VRL Logistics
SHP03625,Mumbai,Pune,Short,Steel Coils,15.0,147.3,6814,2024-08-14,Shivam Freight Co
SHP03626,Mumbai,Pune,Short,Steel Coils,19.5,146.0,8704,2024-08-14,VRL Logistics
SHP03627,Mumbai,Pune,Short,Electronics,17.9,148.0,8069,2024-08-14,Shivam Freight Co
SHP03628,Delhi,Jaipur,Short,Chemicals,23.9,281.5,20645,2024-08-14,Om Sai Transport
SHP03629,Delhi,Jaipur,Short,Packaged Foods,18.5,281.3,15823,2024-08-14,SafeExpress
SHP03630,Delhi,Jaipur,Short,Automobile Parts,20.5,279.2,17093,2024-08-14,SafeExpress
SHP03631,Chennai,Bangalore,Short,FMCG,18.3,347.4,18217,2024-08-14,TCI Freight
SHP03632,Ahmedabad,Mumbai,Medium,FMCG,23.2,531.4,30043,2024-08-14,SafeExpress
SHP03633,Ahmedabad,Mumbai,Medium,Electronics,21.2,529.3,27679,2024-08-14,Shivam Freight Co
SHP03634,Kolkata,Bhubaneswar,Medium,Steel Coils,21.3,443.3,24407,2024-08-14,SafeExpress
SHP03635,Kolkata,Bhubaneswar,Medium,FMCG,13.7,439.6,15435,2024-08-14,Shivam Freight Co
SHP03636,Kolkata,Bhubaneswar,Medium,Chemicals,11.1,436.0,12206,2024-08-14,Om Sai Transport
SHP03637,Bangalore,Hyderabad,Medium,FMCG,12.3,571.7,16689,2024-08-14,TCI Freight
SHP03638,Mumbai,Delhi,Long,Electronics,12.8,1418.8,38104,2024-08-14,Shivam Freight Co
SHP03639,Delhi,Kolkata,Long,Packaged Foods,21.5,1511.7,66262,2024-08-14,SafeExpress
SHP03640,Delhi,Kolkata,Long,Electronics,17.2,1513.6,51918,2024-08-14,Shivam Freight Co
SHP03641,Mumbai,Pune,Short,Electronics,22.4,151.8,10018,2024-08-15,TCI Freight
SHP03642,Mumbai,Pune,Short,Steel Coils,22.8,150.2,10354,2024-08-15,Shivam Freight Co
SHP03643,Mumbai,Pune,Short,Automobile Parts,17.0,151.0,7648,2024-08-15,Shivam Freight Co
SHP03644,Delhi,Jaipur,Short,Chemicals,15.3,281.6,12727,2024-08-15,TCI Freight
SHP03645,Delhi,Jaipur,Short,Electronics,18.1,281.1,14853,2024-08-15,SafeExpress
SHP03646,Delhi,Jaipur,Short,FMCG,20.1,277.4,16732,2024-08-15,Western Carriers
SHP03647,Chennai,Bangalore,Short,Chemicals,20.4,349.0,19415,2024-08-15,SafeExpress
SHP03648,Chennai,Bangalore,Short,FMCG,19.2,352.1,18095,2024-08-15,Shivam Freight Co
SHP03649,Ahmedabad,Mumbai,Medium,Steel Coils,19.3,527.6,24497,2024-08-15,VRL Logistics
SHP03650,Ahmedabad,Mumbai,Medium,Electronics,19.0,528.6,24237,2024-08-15,Western Carriers
SHP03651,Kolkata,Bhubaneswar,Medium,Chemicals,23.3,441.9,25062,2024-08-15,Shivam Freight Co
SHP03652,Kolkata,Bhubaneswar,Medium,Chemicals,19.4,439.6,20397,2024-08-15,SafeExpress
SHP03653,Bangalore,Hyderabad,Medium,Automobile Parts,16.6,566.5,22572,2024-08-15,Shivam Freight Co
SHP03654,Bangalore,Hyderabad,Medium,Textiles,18.3,570.5,25036,2024-08-15,Western Carriers
SHP03655,Mumbai,Delhi,Long,Textiles,20.3,1420.5,60590,2024-08-15,SafeExpress
SHP03656,Mumbai,Delhi,Long,Chemicals,24.3,1418.2,70534,2024-08-15,TCI Freight
SHP03657,Delhi,Kolkata,Long,Chemicals,13.6,1509.3,42476,2024-08-15,Western Carriers
SHP03658,Mumbai,Pune,Short,Automobile Parts,18.0,151.9,8136,2024-08-16,VRL Logistics
SHP03659,Mumbai,Pune,Short,Textiles,18.0,152.2,8065,2024-08-16,Shivam Freight Co
SHP03660,Delhi,Jaipur,Short,Packaged Foods,17.7,281.3,14883,2024-08-16,VRL Logistics
SHP03661,Chennai,Bangalore,Short,Steel Coils,24.8,352.7,24393,2024-08-16,SafeExpress
SHP03662,Ahmedabad,Mumbai,Medium,FMCG,19.0,528.3,23493,2024-08-16,TCI Freight
SHP03663,Ahmedabad,Mumbai,Medium,Chemicals,18.0,527.4,22391,2024-08-16,Shivam Freight Co
SHP03664,Kolkata,Bhubaneswar,Medium,FMCG,18.1,440.5,20301,2024-08-16,Western Carriers
SHP03665,Bangalore,Hyderabad,Medium,Steel Coils,20.0,569.9,27900,2024-08-16,TCI Freight
SHP03666,Bangalore,Hyderabad,Medium,Electronics,17.1,570.8,24172,2024-08-16,Shivam Freight Co
SHP03667,Mumbai,Delhi,Long,Automobile Parts,13.5,1423.9,38978,2024-08-16,VRL Logistics
SHP03668,Mumbai,Delhi,Long,Electronics,10.7,1423.3,30960,2024-08-16,VRL Logistics
SHP03669,Delhi,Kolkata,Long,Chemicals,18.9,1509.2,58656,2024-08-16,VRL Logistics
SHP03670,Delhi,Kolkata,Long,Textiles,10.3,1511.2,32133,2024-08-16,SafeExpress
SHP03671,Delhi,Kolkata,Long,Steel Coils,18.4,1508.3,56840,2024-08-16,SafeExpress
SHP03672,Mumbai,Pune,Short,Chemicals,24.9,152.8,11710,2024-08-17,Shivam Freight Co
SHP03673,Mumbai,Pune,Short,Packaged Foods,17.2,150.0,8033,2024-08-17,Western Carriers
SHP03674,Mumbai,Pune,Short,Electronics,17.1,146.9,7726,2024-08-17,Shivam Freight Co
SHP03675,Delhi,Jaipur,Short,Packaged Foods,16.4,282.0,13466,2024-08-17,Shivam Freight Co
SHP03676,Delhi,Jaipur,Short,Textiles,23.8,277.8,18806,2024-08-17,Om Sai Transport
SHP03677,Delhi,Jaipur,Short,Textiles,24.1,280.8,19319,2024-08-17,Western Carriers
SHP03678,Chennai,Bangalore,Short,Textiles,23.9,350.5,23110,2024-08-17,Om Sai Transport
SHP03679,Chennai,Bangalore,Short,FMCG,10.6,348.4,9916,2024-08-17,Om Sai Transport
SHP03680,Ahmedabad,Mumbai,Medium,Textiles,16.5,530.9,20950,2024-08-17,SafeExpress
SHP03681,Ahmedabad,Mumbai,Medium,Packaged Foods,12.8,532.1,16535,2024-08-17,TCI Freight
SHP03682,Kolkata,Bhubaneswar,Medium,Automobile Parts,19.5,437.7,20840,2024-08-17,Shivam Freight Co
SHP03683,Bangalore,Hyderabad,Medium,Electronics,15.8,569.8,21329,2024-08-17,VRL Logistics
SHP03684,Bangalore,Hyderabad,Medium,Steel Coils,13.3,569.0,17854,2024-08-17,Shivam Freight Co
SHP03685,Mumbai,Delhi,Long,Packaged Foods,14.7,1420.3,43676,2024-08-17,Om Sai Transport
SHP03686,Delhi,Kolkata,Long,FMCG,11.5,1508.8,34536,2024-08-17,TCI Freight
SHP03687,Delhi,Kolkata,Long,Electronics,21.1,1506.5,62498,2024-08-17,Om Sai Transport
SHP03688,Delhi,Kolkata,Long,Electronics,24.0,1513.6,70487,2024-08-17,SafeExpress
SHP03689,Mumbai,Pune,Short,Automobile Parts,24.5,147.1,10639,2024-08-18,VRL Logistics
SHP03690,Mumbai,Pune,Short,Textiles,18.2,150.3,7995,2024-08-18,TCI Freight
SHP03691,Mumbai,Pune,Short,Steel Coils,20.1,148.6,8838,2024-08-18,Om Sai Transport
SHP03692,Delhi,Jaipur,Short,FMCG,22.6,277.4,18320,2024-08-18,VRL Logistics
SHP03693,Delhi,Jaipur,Short,Automobile Parts,11.7,276.8,9603,2024-08-18,VRL Logistics
SHP03694,Chennai,Bangalore,Short,FMCG,15.0,346.5,14134,2024-08-18,Western Carriers
SHP03695,Chennai,Bangalore,Short,Automobile Parts,14.6,346.4,13776,2024-08-18,SafeExpress
SHP03696,Ahmedabad,Mumbai,Medium,FMCG,15.5,527.8,19585,2024-08-18,Om Sai Transport
SHP03697,Ahmedabad,Mumbai,Medium,FMCG,23.1,528.4,29833,2024-08-18,Western Carriers
SHP03698,Kolkata,Bhubaneswar,Medium,Chemicals,18.7,437.0,20343,2024-08-18,SafeExpress
SHP03699,Kolkata,Bhubaneswar,Medium,Steel Coils,14.3,437.6,15701,2024-08-18,Shivam Freight Co
SHP03700,Bangalore,Hyderabad,Medium,Chemicals,10.5,570.1,14050,2024-08-18,Om Sai Transport
SHP03701,Bangalore,Hyderabad,Medium,Steel Coils,23.1,569.4,30713,2024-08-18,Om Sai Transport
SHP03702,Mumbai,Delhi,Long,Packaged Foods,24.7,1423.3,73262,2024-08-18,TCI Freight
SHP03703,Mumbai,Delhi,Long,Chemicals,18.0,1419.8,52720,2024-08-18,Shivam Freight Co
SHP03704,Mumbai,Delhi,Long,Steel Coils,12.6,1418.8,37428,2024-08-18,Shivam Freight Co
SHP03705,Delhi,Kolkata,Long,Steel Coils,14.7,1509.5,43041,2024-08-18,Shivam Freight Co
SHP03706,Delhi,Kolkata,Long,Electronics,14.6,1509.6,43211,2024-08-18,Om Sai Transport
SHP03707,Delhi,Kolkata,Long,FMCG,20.9,1513.4,62402,2024-08-18,TCI Freight
SHP03708,Mumbai,Pune,Short,Automobile Parts,11.6,150.5,5081,2024-08-19,Om Sai Transport
SHP03709,Mumbai,Pune,Short,Electronics,23.0,148.3,9955,2024-08-19,SafeExpress
SHP03710,Mumbai,Pune,Short,FMCG,15.7,149.5,6759,2024-08-19,SafeExpress
SHP03711,Delhi,Jaipur,Short,Steel Coils,13.4,283.9,11424,2024-08-19,TCI Freight
SHP03712,Chennai,Bangalore,Short,Textiles,19.4,353.1,18903,2024-08-19,Shivam Freight Co
SHP03713,Chennai,Bangalore,Short,Electronics,18.6,350.9,18271,2024-08-19,Shivam Freight Co
SHP03714,Ahmedabad,Mumbai,Medium,Packaged Foods,15.1,530.8,18971,2024-08-19,TCI Freight
SHP03715,Ahmedabad,Mumbai,Medium,Textiles,22.5,533.2,28920,2024-08-19,Om Sai Transport
SHP03716,Ahmedabad,Mumbai,Medium,Electronics,11.3,526.8,14299,2024-08-19,TCI Freight
SHP03717,Kolkata,Bhubaneswar,Medium,Chemicals,14.4,437.4,15410,2024-08-19,TCI Freight
SHP03718,Kolkata,Bhubaneswar,Medium,Electronics,21.3,438.4,23421,2024-08-19,TCI Freight
SHP03719,Bangalore,Hyderabad,Medium,Textiles,12.6,569.0,17725,2024-08-19,SafeExpress
SHP03720,Bangalore,Hyderabad,Medium,Chemicals,20.6,568.6,28317,2024-08-19,Om Sai Transport
SHP03721,Bangalore,Hyderabad,Medium,Packaged Foods,21.1,573.6,29841,2024-08-19,Om Sai Transport
SHP03722,Mumbai,Delhi,Long,Electronics,16.9,1422.0,48286,2024-08-19,Western Carriers
SHP03723,Mumbai,Delhi,Long,Textiles,22.6,1422.8,65334,2024-08-19,TCI Freight
SHP03724,Delhi,Kolkata,Long,Automobile Parts,22.9,1510.9,70473,2024-08-19,Shivam Freight Co
SHP03725,Delhi,Kolkata,Long,Textiles,21.3,1513.4,64703,2024-08-19,VRL Logistics
SHP03726,Delhi,Kolkata,Long,Steel Coils,21.8,1512.5,66885,2024-08-19,SafeExpress
SHP03727,Mumbai,Pune,Short,Packaged Foods,15.9,150.2,7170,2024-08-20,Om Sai Transport
SHP03728,Delhi,Jaipur,Short,Automobile Parts,17.9,276.2,14689,2024-08-20,TCI Freight
SHP03729,Delhi,Jaipur,Short,Automobile Parts,11.2,276.9,9179,2024-08-20,TCI Freight
SHP03730,Delhi,Jaipur,Short,Packaged Foods,24.2,276.6,19884,2024-08-20,Shivam Freight Co
SHP03731,Chennai,Bangalore,Short,Chemicals,23.0,351.3,22847,2024-08-20,Western Carriers
SHP03732,Chennai,Bangalore,Short,Chemicals,22.5,352.8,22093,2024-08-20,Shivam Freight Co
SHP03733,Chennai,Bangalore,Short,Automobile Parts,12.2,349.0,12048,2024-08-20,TCI Freight
SHP03734,Ahmedabad,Mumbai,Medium,Chemicals,22.4,526.7,28186,2024-08-20,TCI Freight
SHP03735,Ahmedabad,Mumbai,Medium,Electronics,21.3,532.0,27237,2024-08-20,Shivam Freight Co
SHP03736,Kolkata,Bhubaneswar,Medium,Electronics,11.9,438.5,13200,2024-08-20,Western Carriers
SHP03737,Kolkata,Bhubaneswar,Medium,Packaged Foods,18.6,437.0,20885,2024-08-20,Shivam Freight Co
SHP03738,Kolkata,Bhubaneswar,Medium,Chemicals,22.9,438.0,25098,2024-08-20,SafeExpress
SHP03739,Bangalore,Hyderabad,Medium,Automobile Parts,15.2,572.9,20446,2024-08-20,Shivam Freight Co
SHP03740,Bangalore,Hyderabad,Medium,Chemicals,20.4,570.6,27424,2024-08-20,Shivam Freight Co
SHP03741,Bangalore,Hyderabad,Medium,Textiles,20.8,572.8,27747,2024-08-20,Shivam Freight Co
SHP03742,Mumbai,Delhi,Long,Textiles,16.9,1417.7,50034,2024-08-20,Western Carriers
SHP03743,Mumbai,Delhi,Long,FMCG,18.0,1422.4,53049,2024-08-20,SafeExpress
SHP03744,Delhi,Kolkata,Long,Chemicals,20.4,1506.6,60164,2024-08-20,SafeExpress
SHP03745,Delhi,Kolkata,Long,Chemicals,13.1,1510.5,38320,2024-08-20,Shivam Freight Co
SHP03746,Mumbai,Pune,Short,FMCG,14.8,148.7,6783,2024-08-21,SafeExpress
SHP03747,Mumbai,Pune,Short,Electronics,19.5,146.7,8615,2024-08-21,Om Sai Transport
SHP03748,Mumbai,Pune,Short,Automobile Parts,15.0,146.7,6652,2024-08-21,Om Sai Transport
SHP03749,Delhi,Jaipur,Short,Packaged Foods,15.2,277.5,12695,2024-08-21,SafeExpress
SHP03750,Delhi,Jaipur,Short,Packaged Foods,15.9,278.3,13214,2024-08-21,Western Carriers
SHP03751,Delhi,Jaipur,Short,Automobile Parts,17.6,277.1,14310,2024-08-21,Om Sai Transport
SHP03752,Chennai,Bangalore,Short,Automobile Parts,16.3,350.4,15833,2024-08-21,SafeExpress
SHP03753,Ahmedabad,Mumbai,Medium,Textiles,17.8,528.4,22249,2024-08-21,VRL Logistics
SHP03754,Kolkata,Bhubaneswar,Medium,Chemicals,11.1,441.5,12122,2024-08-21,Western Carriers
SHP03755,Kolkata,Bhubaneswar,Medium,Steel Coils,24.2,439.7,26053,2024-08-21,VRL Logistics
SHP03756,Kolkata,Bhubaneswar,Medium,Automobile Parts,22.3,440.3,24312,2024-08-21,VRL Logistics
SHP03757,Bangalore,Hyderabad,Medium,Chemicals,10.6,573.7,14291,2024-08-21,Shivam Freight Co
SHP03758,Bangalore,Hyderabad,Medium,Steel Coils,24.7,567.1,32053,2024-08-21,SafeExpress
SHP03759,Mumbai,Delhi,Long,Textiles,22.9,1417.1,67191,2024-08-21,Western Carriers
SHP03760,Mumbai,Delhi,Long,FMCG,14.1,1418.1,40166,2024-08-21,TCI Freight
SHP03761,Delhi,Kolkata,Long,Chemicals,23.9,1512.4,71336,2024-08-21,Shivam Freight Co
SHP03762,Delhi,Kolkata,Long,FMCG,16.0,1509.3,47886,2024-08-21,Western Carriers
SHP03763,Mumbai,Pune,Short,Steel Coils,23.8,153.7,11243,2024-08-22,TCI Freight
SHP03764,Mumbai,Pune,Short,Chemicals,22.9,150.3,10734,2024-08-22,SafeExpress
SHP03765,Mumbai,Pune,Short,Textiles,23.1,152.1,10878,2024-08-22,Shivam Freight Co
SHP03766,Delhi,Jaipur,Short,Automobile Parts,21.5,282.6,18334,2024-08-22,Om Sai Transport
SHP03767,Chennai,Bangalore,Short,Automobile Parts,23.3,349.6,22428,2024-08-22,TCI Freight
SHP03768,Ahmedabad,Mumbai,Medium,FMCG,21.4,532.3,29068,2024-08-22,VRL Logistics
SHP03769,Kolkata,Bhubaneswar,Medium,FMCG,24.2,437.6,27010,2024-08-22,TCI Freight
SHP03770,Bangalore,Hyderabad,Medium,Electronics,18.2,569.9,25434,2024-08-22,VRL Logistics
SHP03771,Bangalore,Hyderabad,Medium,Automobile Parts,13.3,573.7,18554,2024-08-22,VRL Logistics
SHP03772,Bangalore,Hyderabad,Medium,Packaged Foods,16.7,572.1,23791,2024-08-22,Om Sai Transport
SHP03773,Mumbai,Delhi,Long,Textiles,23.7,1416.1,70931,2024-08-22,Om Sai Transport
SHP03774,Mumbai,Delhi,Long,Packaged Foods,19.6,1420.1,57617,2024-08-22,Om Sai Transport
SHP03775,Mumbai,Delhi,Long,FMCG,15.9,1420.4,46618,2024-08-22,Om Sai Transport
SHP03776,Delhi,Kolkata,Long,Steel Coils,22.7,1506.5,71343,2024-08-22,Shivam Freight Co
SHP03777,Delhi,Kolkata,Long,Automobile Parts,20.9,1510.9,64562,2024-08-22,Om Sai Transport
SHP03778,Mumbai,Pune,Short,Electronics,10.8,146.5,4641,2024-08-23,TCI Freight
SHP03779,Mumbai,Pune,Short,Steel Coils,14.1,152.7,6285,2024-08-23,VRL Logistics
SHP03780,Delhi,Jaipur,Short,Automobile Parts,19.6,282.7,15934,2024-08-23,Western Carriers
SHP03781,Chennai,Bangalore,Short,Textiles,23.9,353.6,23069,2024-08-23,TCI Freight
SHP03782,Ahmedabad,Mumbai,Medium,Electronics,21.0,530.7,28017,2024-08-23,SafeExpress
SHP03783,Kolkata,Bhubaneswar,Medium,Automobile Parts,12.7,439.3,14279,2024-08-23,VRL Logistics
SHP03784,Kolkata,Bhubaneswar,Medium,FMCG,12.8,442.3,14281,2024-08-23,Western Carriers
SHP03785,Kolkata,Bhubaneswar,Medium,Packaged Foods,13.2,441.2,14933,2024-08-23,TCI Freight
SHP03786,Bangalore,Hyderabad,Medium,Packaged Foods,14.6,566.3,20255,2024-08-23,Western Carriers
SHP03787,Mumbai,Delhi,Long,Electronics,12.2,1419.8,35115,2024-08-23,Western Carriers
SHP03788,Delhi,Kolkata,Long,FMCG,10.5,1512.2,30922,2024-08-23,Om Sai Transport
SHP03789,Mumbai,Pune,Short,Automobile Parts,11.1,151.8,4994,2024-08-24,TCI Freight
SHP03790,Mumbai,Pune,Short,Chemicals,10.1,150.7,4530,2024-08-24,VRL Logistics
SHP03791,Delhi,Jaipur,Short,Chemicals,12.0,280.0,9808,2024-08-24,Shivam Freight Co
SHP03792,Chennai,Bangalore,Short,FMCG,16.9,347.7,15505,2024-08-24,Shivam Freight Co
SHP03793,Chennai,Bangalore,Short,Steel Coils,12.6,351.2,11631,2024-08-24,TCI Freight
SHP03794,Ahmedabad,Mumbai,Medium,Electronics,17.6,526.3,23476,2024-08-24,SafeExpress
SHP03795,Ahmedabad,Mumbai,Medium,FMCG,12.8,530.0,16611,2024-08-24,VRL Logistics
SHP03796,Ahmedabad,Mumbai,Medium,Electronics,23.8,528.5,31739,2024-08-24,SafeExpress
SHP03797,Kolkata,Bhubaneswar,Medium,Packaged Foods,12.5,436.9,14064,2024-08-24,SafeExpress
SHP03798,Kolkata,Bhubaneswar,Medium,Automobile Parts,16.8,442.7,18773,2024-08-24,Shivam Freight Co
SHP03799,Bangalore,Hyderabad,Medium,FMCG,21.4,572.6,30011,2024-08-24,Om Sai Transport
SHP03800,Mumbai,Delhi,Long,Steel Coils,16.0,1416.7,44937,2024-08-24,Om Sai Transport
SHP03801,Delhi,Kolkata,Long,Electronics,12.1,1512.0,37842,2024-08-24,Western Carriers
SHP03802,Delhi,Kolkata,Long,Automobile Parts,14.1,1506.1,43941,2024-08-24,SafeExpress
SHP03803,Mumbai,Pune,Short,Electronics,13.1,150.9,5990,2024-08-25,Western Carriers
SHP03804,Mumbai,Pune,Short,Automobile Parts,11.4,148.8,5294,2024-08-25,SafeExpress
SHP03805,Delhi,Jaipur,Short,Electronics,14.5,280.8,11735,2024-08-25,Om Sai Transport
SHP03806,Delhi,Jaipur,Short,Chemicals,15.2,278.2,12253,2024-08-25,TCI Freight
SHP03807,Chennai,Bangalore,Short,Packaged Foods,11.6,346.3,10981,2024-08-25,VRL Logistics
SHP03808,Chennai,Bangalore,Short,Packaged Foods,18.1,353.6,17737,2024-08-25,Om Sai Transport
SHP03809,Ahmedabad,Mumbai,Medium,Electronics,24.9,533.0,33381,2024-08-25,TCI Freight
SHP03810,Ahmedabad,Mumbai,Medium,Chemicals,23.3,532.4,30646,2024-08-25,SafeExpress
SHP03811,Ahmedabad,Mumbai,Medium,Automobile Parts,23.6,532.3,31359,2024-08-25,Om Sai Transport
SHP03812,Kolkata,Bhubaneswar,Medium,Textiles,23.6,444.0,25747,2024-08-25,VRL Logistics
SHP03813,Kolkata,Bhubaneswar,Medium,Automobile Parts,10.4,439.6,11345,2024-08-25,Western Carriers
SHP03814,Bangalore,Hyderabad,Medium,Textiles,11.6,573.8,15730,2024-08-25,TCI Freight
SHP03815,Mumbai,Delhi,Long,Chemicals,14.5,1416.7,42213,2024-08-25,Western Carriers
SHP03816,Delhi,Kolkata,Long,Steel Coils,21.5,1513.5,67131,2024-08-25,SafeExpress
SHP03817,Delhi,Kolkata,Long,Steel Coils,21.0,1510.9,63361,2024-08-25,VRL Logistics
SHP03818,Delhi,Kolkata,Long,Automobile Parts,14.2,1513.8,43173,2024-08-25,VRL Logistics
SHP03819,Mumbai,Pune,Short,Chemicals,11.8,150.0,5309,2024-08-26,SafeExpress
SHP03820,Delhi,Jaipur,Short,Packaged Foods,20.7,277.5,16432,2024-08-26,Om Sai Transport
SHP03821,Delhi,Jaipur,Short,Electronics,20.9,277.6,17055,2024-08-26,Om Sai Transport
SHP03822,Chennai,Bangalore,Short,Steel Coils,10.0,353.2,9811,2024-08-26,Shivam Freight Co
SHP03823,Chennai,Bangalore,Short,Steel Coils,10.3,346.5,10038,2024-08-26,VRL Logistics
SHP03824,Ahmedabad,Mumbai,Medium,Packaged Foods,18.9,529.6,24993,2024-08-26,TCI Freight
SHP03825,Ahmedabad,Mumbai,Medium,Packaged Foods,21.5,530.2,28414,2024-08-26,Shivam Freight Co
SHP03826,Kolkata,Bhubaneswar,Medium,FMCG,10.3,442.4,11427,2024-08-26,Shivam Freight Co
SHP03827,Kolkata,Bhubaneswar,Medium,FMCG,21.3,439.1,23152,2024-08-26,Om Sai Transport
SHP03828,Bangalore,Hyderabad,Medium,Electronics,16.9,567.6,22822,2024-08-26,TCI Freight
SHP03829,Bangalore,Hyderabad,Medium,Electronics,18.7,573.6,25145,2024-08-26,TCI Freight
SHP03830,Mumbai,Delhi,Long,FMCG,21.0,1420.3,58998,2024-08-26,Shivam Freight Co
SHP03831,Delhi,Kolkata,Long,Packaged Foods,25.0,1509.4,77130,2024-08-26,Shivam Freight Co
SHP03832,Delhi,Kolkata,Long,Chemicals,19.0,1506.2,59558,2024-08-26,TCI Freight
SHP03833,Delhi,Kolkata,Long,Packaged Foods,13.3,1508.2,41076,2024-08-26,Western Carriers
SHP03834,Mumbai,Pune,Short,Textiles,11.4,146.7,5196,2024-08-27,Shivam Freight Co
SHP03835,Mumbai,Pune,Short,Textiles,18.3,151.3,8429,2024-08-27,VRL Logistics
SHP03836,Delhi,Jaipur,Short,Steel Coils,14.6,283.7,12451,2024-08-27,Western Carriers
SHP03837,Delhi,Jaipur,Short,Textiles,22.7,278.1,18261,2024-08-27,Om Sai Transport
SHP03838,Delhi,Jaipur,Short,Packaged Foods,13.6,278.6,11139,2024-08-27,SafeExpress
SHP03839,Chennai,Bangalore,Short,Electronics,13.8,350.9,13217,2024-08-27,VRL Logistics
SHP03840,Chennai,Bangalore,Short,Packaged Foods,16.5,352.9,15619,2024-08-27,Shivam Freight Co
SHP03841,Chennai,Bangalore,Short,Electronics,12.1,346.5,11580,2024-08-27,Shivam Freight Co
SHP03842,Ahmedabad,Mumbai,Medium,Steel Coils,23.7,532.2,31715,2024-08-27,Om Sai Transport
SHP03843,Ahmedabad,Mumbai,Medium,FMCG,17.7,531.2,23555,2024-08-27,VRL Logistics
SHP03844,Ahmedabad,Mumbai,Medium,Steel Coils,12.2,533.7,16503,2024-08-27,Shivam Freight Co
SHP03845,Kolkata,Bhubaneswar,Medium,Steel Coils,17.5,443.1,19568,2024-08-27,SafeExpress
SHP03846,Kolkata,Bhubaneswar,Medium,Steel Coils,23.7,437.8,26130,2024-08-27,SafeExpress
SHP03847,Kolkata,Bhubaneswar,Medium,Automobile Parts,24.3,438.5,26392,2024-08-27,Shivam Freight Co
SHP03848,Bangalore,Hyderabad,Medium,Steel Coils,11.4,567.3,15227,2024-08-27,TCI Freight
SHP03849,Mumbai,Delhi,Long,Electronics,20.3,1420.4,60872,2024-08-27,Om Sai Transport
SHP03850,Delhi,Kolkata,Long,Automobile Parts,10.3,1508.8,31825,2024-08-27,Shivam Freight Co
SHP03851,Delhi,Kolkata,Long,Steel Coils,10.9,1513.1,33689,2024-08-27,Shivam Freight Co
SHP03852,Mumbai,Pune,Short,Chemicals,11.3,146.2,4898,2024-08-28,Om Sai Transport
SHP03853,Mumbai,Pune,Short,Electronics,10.4,149.7,4646,2024-08-28,Om Sai Transport
SHP03854,Delhi,Jaipur,Short,Packaged Foods,24.9,280.5,20337,2024-08-28,VRL Logistics
SHP03855,Chennai,Bangalore,Short,Textiles,14.0,351.2,13205,2024-08-28,Shivam Freight Co
SHP03856,Ahmedabad,Mumbai,Medium,FMCG,14.9,529.5,19679,2024-08-28,Western Carriers
SHP03857,Ahmedabad,Mumbai,Medium,Electronics,21.3,533.3,27617,2024-08-28,Shivam Freight Co
SHP03858,Kolkata,Bhubaneswar,Medium,Automobile Parts,23.4,441.2,27047,2024-08-28,Om Sai Transport
SHP03859,Kolkata,Bhubaneswar,Medium,Packaged Foods,14.5,442.8,16719,2024-08-28,Shivam Freight Co
SHP03860,Bangalore,Hyderabad,Medium,FMCG,15.5,567.9,21467,2024-08-28,Western Carriers
SHP03861,Bangalore,Hyderabad,Medium,FMCG,24.5,573.9,33733,2024-08-28,Om Sai Transport
SHP03862,Mumbai,Delhi,Long,Automobile Parts,16.3,1420.5,46764,2024-08-28,TCI Freight
SHP03863,Mumbai,Delhi,Long,Electronics,24.1,1417.4,69725,2024-08-28,Western Carriers
SHP03864,Delhi,Kolkata,Long,Packaged Foods,12.7,1511.3,37456,2024-08-28,TCI Freight
SHP03865,Delhi,Kolkata,Long,Textiles,16.3,1509.1,48688,2024-08-28,Western Carriers
SHP03866,Mumbai,Pune,Short,Chemicals,14.1,152.8,6462,2024-08-29,SafeExpress
SHP03867,Delhi,Jaipur,Short,Textiles,16.6,282.8,14370,2024-08-29,TCI Freight
SHP03868,Delhi,Jaipur,Short,Steel Coils,17.0,278.3,14039,2024-08-29,TCI Freight
SHP03869,Chennai,Bangalore,Short,Packaged Foods,10.5,348.9,9995,2024-08-29,TCI Freight
SHP03870,Ahmedabad,Mumbai,Medium,Steel Coils,14.5,529.9,18339,2024-08-29,VRL Logistics
SHP03871,Ahmedabad,Mumbai,Medium,Textiles,22.2,532.9,28422,2024-08-29,Western Carriers
SHP03872,Ahmedabad,Mumbai,Medium,Steel Coils,21.1,529.4,26913,2024-08-29,Shivam Freight Co
SHP03873,Kolkata,Bhubaneswar,Medium,Electronics,16.5,442.3,17686,2024-08-29,VRL Logistics
SHP03874,Kolkata,Bhubaneswar,Medium,Packaged Foods,13.9,437.3,15048,2024-08-29,SafeExpress
SHP03875,Bangalore,Hyderabad,Medium,Packaged Foods,19.6,572.4,26736,2024-08-29,Shivam Freight Co
SHP03876,Bangalore,Hyderabad,Medium,Chemicals,19.2,571.4,26874,2024-08-29,TCI Freight
SHP03877,Mumbai,Delhi,Long,Steel Coils,10.0,1419.7,28562,2024-08-29,VRL Logistics
SHP03878,Delhi,Kolkata,Long,Chemicals,14.3,1510.7,43130,2024-08-29,Om Sai Transport
SHP03879,Delhi,Kolkata,Long,FMCG,17.9,1511.8,52756,2024-08-29,SafeExpress
SHP03880,Delhi,Kolkata,Long,FMCG,24.9,1510.3,73693,2024-08-29,Shivam Freight Co
SHP03881,Mumbai,Pune,Short,Steel Coils,24.9,152.5,11144,2024-08-30,VRL Logistics
SHP03882,Delhi,Jaipur,Short,Steel Coils,11.2,282.0,9295,2024-08-30,Shivam Freight Co
SHP03883,Delhi,Jaipur,Short,Electronics,16.0,276.9,12824,2024-08-30,TCI Freight
SHP03884,Delhi,Jaipur,Short,Steel Coils,22.4,279.4,18063,2024-08-30,Shivam Freight Co
SHP03885,Chennai,Bangalore,Short,Steel Coils,15.8,353.0,15837,2024-08-30,Om Sai Transport
SHP03886,Chennai,Bangalore,Short,Automobile Parts,20.5,346.5,19472,2024-08-30,TCI Freight
SHP03887,Chennai,Bangalore,Short,Packaged Foods,19.3,352.6,19267,2024-08-30,Shivam Freight Co
SHP03888,Ahmedabad,Mumbai,Medium,Automobile Parts,10.2,526.3,12725,2024-08-30,Shivam Freight Co
SHP03889,Ahmedabad,Mumbai,Medium,Packaged Foods,21.3,527.9,26866,2024-08-30,TCI Freight
SHP03890,Kolkata,Bhubaneswar,Medium,Electronics,10.7,440.4,12128,2024-08-30,SafeExpress
SHP03891,Kolkata,Bhubaneswar,Medium,Textiles,12.3,443.1,14160,2024-08-30,Western Carriers
SHP03892,Kolkata,Bhubaneswar,Medium,Electronics,24.7,441.7,28349,2024-08-30,TCI Freight
SHP03893,Bangalore,Hyderabad,Medium,FMCG,22.7,571.2,30835,2024-08-30,TCI Freight
SHP03894,Bangalore,Hyderabad,Medium,Packaged Foods,15.5,568.6,20436,2024-08-30,Shivam Freight Co
SHP03895,Bangalore,Hyderabad,Medium,Chemicals,16.6,567.6,22039,2024-08-30,Om Sai Transport
SHP03896,Mumbai,Delhi,Long,FMCG,12.5,1419.8,36874,2024-08-30,SafeExpress
SHP03897,Delhi,Kolkata,Long,Packaged Foods,21.7,1509.8,65873,2024-08-30,Western Carriers
SHP03898,Mumbai,Pune,Short,Electronics,11.6,153.6,5158,2024-08-31,TCI Freight
SHP03899,Delhi,Jaipur,Short,Steel Coils,22.5,279.8,17870,2024-08-31,Western Carriers
SHP03900,Delhi,Jaipur,Short,Automobile Parts,21.4,280.8,17406,2024-08-31,VRL Logistics
SHP03901,Delhi,Jaipur,Short,Automobile Parts,21.6,279.8,17438,2024-08-31,VRL Logistics
SHP03902,Chennai,Bangalore,Short,Packaged Foods,16.3,349.6,16220,2024-08-31,Om Sai Transport
SHP03903,Ahmedabad,Mumbai,Medium,FMCG,20.8,526.1,27343,2024-08-31,VRL Logistics
SHP03904,Ahmedabad,Mumbai,Medium,Steel Coils,24.6,529.7,31887,2024-08-31,Western Carriers
SHP03905,Ahmedabad,Mumbai,Medium,FMCG,23.0,528.1,29920,2024-08-31,Om Sai Transport
SHP03906,Kolkata,Bhubaneswar,Medium,Automobile Parts,12.4,443.7,13693,2024-08-31,TCI Freight
SHP03907,Kolkata,Bhubaneswar,Medium,FMCG,24.9,436.3,26802,2024-08-31,SafeExpress
SHP03908,Bangalore,Hyderabad,Medium,FMCG,20.0,568.1,26828,2024-08-31,SafeExpress
SHP03909,Bangalore,Hyderabad,Medium,Electronics,15.3,571.5,20997,2024-08-31,Shivam Freight Co
SHP03910,Mumbai,Delhi,Long,Packaged Foods,24.1,1421.6,70390,2024-08-31,VRL Logistics
SHP03911,Mumbai,Delhi,Long,Textiles,11.7,1416.4,33329,2024-08-31,Om Sai Transport
SHP03912,Delhi,Kolkata,Long,Packaged Foods,10.1,1509.8,29927,2024-08-31,Western Carriers
SHP03913,Mumbai,Pune,Short,Electronics,12.3,153.1,5736,2024-09-01,Western Carriers
SHP03914,Mumbai,Pune,Short,Chemicals,19.3,151.6,8918,2024-09-01,Om Sai Transport
SHP03915,Delhi,Jaipur,Short,Packaged Foods,13.3,280.0,10634,2024-09-01,Western Carriers
SHP03916,Delhi,Jaipur,Short,Packaged Foods,22.1,279.4,17678,2024-09-01,VRL Logistics
SHP03917,Chennai,Bangalore,Short,Automobile Parts,15.5,347.2,14858,2024-09-01,Western Carriers
SHP03918,Ahmedabad,Mumbai,Medium,Electronics,15.8,530.4,20195,2024-09-01,Om Sai Transport
SHP03919,Ahmedabad,Mumbai,Medium,Textiles,23.0,527.8,29635,2024-09-01,Om Sai Transport
SHP03920,Ahmedabad,Mumbai,Medium,Packaged Foods,11.4,528.5,14350,2024-09-01,Shivam Freight Co
SHP03921,Kolkata,Bhubaneswar,Medium,Steel Coils,16.3,443.3,18675,2024-09-01,SafeExpress
SHP03922,Kolkata,Bhubaneswar,Medium,FMCG,22.1,440.0,25151,2024-09-01,Shivam Freight Co
SHP03923,Bangalore,Hyderabad,Medium,FMCG,14.8,570.4,20254,2024-09-01,Shivam Freight Co
SHP03924,Mumbai,Delhi,Long,Packaged Foods,23.6,1423.2,66895,2024-09-01,Om Sai Transport
SHP03925,Delhi,Kolkata,Long,Textiles,17.5,1512.1,51243,2024-09-01,VRL Logistics
SHP03926,Delhi,Kolkata,Long,FMCG,22.8,1507.2,68010,2024-09-01,Western Carriers
SHP03927,Mumbai,Pune,Short,Textiles,21.0,147.3,9272,2024-09-02,VRL Logistics
SHP03928,Mumbai,Pune,Short,FMCG,21.1,149.5,9830,2024-09-02,VRL Logistics
SHP03929,Delhi,Jaipur,Short,Packaged Foods,10.6,279.7,8554,2024-09-02,Shivam Freight Co
SHP03930,Delhi,Jaipur,Short,Packaged Foods,10.9,279.7,8952,2024-09-02,VRL Logistics
SHP03931,Chennai,Bangalore,Short,FMCG,17.2,352.0,16861,2024-09-02,Om Sai Transport
SHP03932,Chennai,Bangalore,Short,Automobile Parts,20.8,349.8,19644,2024-09-02,VRL Logistics
SHP03933,Ahmedabad,Mumbai,Medium,Textiles,21.6,530.2,28164,2024-09-02,Shivam Freight Co
SHP03934,Kolkata,Bhubaneswar,Medium,Automobile Parts,20.6,442.8,23430,2024-09-02,Shivam Freight Co
SHP03935,Kolkata,Bhubaneswar,Medium,FMCG,12.6,437.3,13921,2024-09-02,SafeExpress
SHP03936,Kolkata,Bhubaneswar,Medium,Automobile Parts,16.0,441.5,17767,2024-09-02,Om Sai Transport
SHP03937,Bangalore,Hyderabad,Medium,Steel Coils,16.7,574.0,23016,2024-09-02,Shivam Freight Co
SHP03938,Bangalore,Hyderabad,Medium,Steel Coils,23.4,569.6,32329,2024-09-02,SafeExpress
SHP03939,Mumbai,Delhi,Long,Automobile Parts,15.1,1417.7,45467,2024-09-02,SafeExpress
SHP03940,Mumbai,Delhi,Long,Steel Coils,12.1,1419.3,36297,2024-09-02,TCI Freight
SHP03941,Mumbai,Delhi,Long,Packaged Foods,17.6,1419.4,52529,2024-09-02,SafeExpress
SHP03942,Delhi,Kolkata,Long,Chemicals,13.9,1506.2,43585,2024-09-02,SafeExpress
SHP03943,Delhi,Kolkata,Long,Textiles,13.5,1510.7,41019,2024-09-02,VRL Logistics
SHP03944,Delhi,Kolkata,Long,Packaged Foods,13.9,1512.2,42774,2024-09-02,Western Carriers
SHP03945,Mumbai,Pune,Short,Electronics,17.1,152.2,7844,2024-09-03,Shivam Freight Co
SHP03946,Mumbai,Pune,Short,Automobile Parts,14.9,153.7,6978,2024-09-03,VRL Logistics
SHP03947,Mumbai,Pune,Short,Electronics,14.7,152.2,6771,2024-09-03,VRL Logistics
SHP03948,Delhi,Jaipur,Short,Automobile Parts,17.5,281.9,14697,2024-09-03,Western Carriers
SHP03949,Chennai,Bangalore,Short,FMCG,22.8,347.3,21640,2024-09-03,Shivam Freight Co
SHP03950,Chennai,Bangalore,Short,FMCG,21.7,347.9,20363,2024-09-03,Om Sai Transport
SHP03951,Ahmedabad,Mumbai,Medium,Steel Coils,12.0,532.0,15762,2024-09-03,Shivam Freight Co
SHP03952,Ahmedabad,Mumbai,Medium,Automobile Parts,12.6,531.6,16482,2024-09-03,Shivam Freight Co
SHP03953,Kolkata,Bhubaneswar,Medium,Automobile Parts,22.5,442.7,24461,2024-09-03,SafeExpress
SHP03954,Bangalore,Hyderabad,Medium,Steel Coils,12.5,566.9,17307,2024-09-03,TCI Freight
SHP03955,Bangalore,Hyderabad,Medium,FMCG,15.6,573.1,21412,2024-09-03,TCI Freight
SHP03956,Mumbai,Delhi,Long,FMCG,15.6,1417.9,45877,2024-09-03,SafeExpress
SHP03957,Mumbai,Delhi,Long,FMCG,10.1,1423.6,29405,2024-09-03,Om Sai Transport
SHP03958,Mumbai,Delhi,Long,Chemicals,23.5,1417.5,68566,2024-09-03,TCI Freight
SHP03959,Delhi,Kolkata,Long,Packaged Foods,16.0,1507.5,46825,2024-09-03,Shivam Freight Co
SHP03960,Delhi,Kolkata,Long,Automobile Parts,10.4,1509.4,29957,2024-09-03,Shivam Freight Co
SHP03961,Mumbai,Pune,Short,Packaged Foods,12.9,149.2,6012,2024-09-04,VRL Logistics
SHP03962,Delhi,Jaipur,Short,FMCG,13.0,278.3,10655,2024-09-04,SafeExpress
SHP03963,Chennai,Bangalore,Short,FMCG,13.4,349.0,12421,2024-09-04,SafeExpress
SHP03964,Chennai,Bangalore,Short,Steel Coils,14.2,347.3,13275,2024-09-04,TCI Freight
SHP03965,Ahmedabad,Mumbai,Medium,Textiles,10.5,533.7,13267,2024-09-04,VRL Logistics
SHP03966,Kolkata,Bhubaneswar,Medium,Textiles,19.2,440.9,21007,2024-09-04,Shivam Freight Co
SHP03967,Kolkata,Bhubaneswar,Medium,Steel Coils,13.3,441.6,14356,2024-09-04,SafeExpress
SHP03968,Bangalore,Hyderabad,Medium,Chemicals,22.9,567.4,31131,2024-09-04,Shivam Freight Co
SHP03969,Bangalore,Hyderabad,Medium,Textiles,13.3,572.6,18610,2024-09-04,TCI Freight
SHP03970,Mumbai,Delhi,Long,Automobile Parts,16.5,1417.0,48685,2024-09-04,Western Carriers
SHP03971,Delhi,Kolkata,Long,Textiles,12.5,1509.6,37574,2024-09-04,Om Sai Transport
SHP03972,Mumbai,Pune,Short,Automobile Parts,19.4,151.0,8790,2024-09-05,Western Carriers
SHP03973,Mumbai,Pune,Short,FMCG,22.9,146.0,10057,2024-09-05,Shivam Freight Co
SHP03974,Delhi,Jaipur,Short,Packaged Foods,21.3,283.9,17998,2024-09-05,Om Sai Transport
SHP03975,Delhi,Jaipur,Short,Packaged Foods,10.2,276.4,8347,2024-09-05,TCI Freight
SHP03976,Chennai,Bangalore,Short,Textiles,12.5,350.8,12526,2024-09-05,VRL Logistics
SHP03977,Ahmedabad,Mumbai,Medium,Packaged Foods,14.2,531.0,18929,2024-09-05,TCI Freight
SHP03978,Kolkata,Bhubaneswar,Medium,Packaged Foods,12.9,438.8,13754,2024-09-05,Om Sai Transport
SHP03979,Bangalore,Hyderabad,Medium,FMCG,22.1,566.3,30057,2024-09-05,VRL Logistics
SHP03980,Mumbai,Delhi,Long,Textiles,23.3,1416.9,66311,2024-09-05,VRL Logistics
SHP03981,Delhi,Kolkata,Long,Chemicals,10.5,1511.5,31861,2024-09-05,TCI Freight
SHP03982,Delhi,Kolkata,Long,FMCG,22.1,1512.5,65595,2024-09-05,Om Sai Transport
SHP03983,Delhi,Kolkata,Long,Steel Coils,21.3,1511.0,63058,2024-09-05,VRL Logistics
SHP03984,Mumbai,Pune,Short,FMCG,18.9,153.4,8750,2024-09-06,TCI Freight
SHP03985,Mumbai,Pune,Short,Electronics,18.5,146.2,8364,2024-09-06,Om Sai Transport
SHP03986,Delhi,Jaipur,Short,Packaged Foods,11.4,282.0,9410,2024-09-06,SafeExpress
SHP03987,Delhi,Jaipur,Short,FMCG,21.3,282.2,17256,2024-09-06,TCI Freight
SHP03988,Chennai,Bangalore,Short,Automobile Parts,11.8,353.6,11425,2024-09-06,SafeExpress
SHP03989,Ahmedabad,Mumbai,Medium,Packaged Foods,18.8,529.7,23743,2024-09-06,Shivam Freight Co
SHP03990,Ahmedabad,Mumbai,Medium,Electronics,18.9,529.1,24409,2024-09-06,Shivam Freight Co
SHP03991,Kolkata,Bhubaneswar,Medium,Steel Coils,24.8,438.7,26868,2024-09-06,Om Sai Transport
SHP03992,Kolkata,Bhubaneswar,Medium,Automobile Parts,11.1,439.2,12104,2024-09-06,VRL Logistics
SHP03993,Bangalore,Hyderabad,Medium,Automobile Parts,16.4,567.0,22354,2024-09-06,VRL Logistics
SHP03994,Bangalore,Hyderabad,Medium,Automobile Parts,22.8,567.2,30697,2024-09-06,VRL Logistics
SHP03995,Mumbai,Delhi,Long,Automobile Parts,23.4,1421.6,67515,2024-09-06,Om Sai Transport
SHP03996,Delhi,Kolkata,Long,Textiles,19.9,1510.7,59304,2024-09-06,VRL Logistics
SHP03997,Delhi,Kolkata,Long,Electronics,14.1,1513.0,40942,2024-09-06,Shivam Freight Co
SHP03998,Delhi,Kolkata,Long,Textiles,20.4,1506.5,60579,2024-09-06,Shivam Freight Co
SHP03999,Mumbai,Pune,Short,Electronics,21.6,147.7,9315,2024-09-07,Shivam Freight Co
SHP04000,Mumbai,Pune,Short,FMCG,20.0,148.4,8648,2024-09-07,SafeExpress
SHP04001,Delhi,Jaipur,Short,Steel Coils,12.1,279.7,9961,2024-09-07,VRL Logistics
SHP04002,Delhi,Jaipur,Short,Packaged Foods,13.8,281.5,11281,2024-09-07,TCI Freight
SHP04003,Delhi,Jaipur,Short,FMCG,20.6,280.4,16857,2024-09-07,Western Carriers
SHP04004,Chennai,Bangalore,Short,Packaged Foods,18.9,352.3,18285,2024-09-07,VRL Logistics
SHP04005,Chennai,Bangalore,Short,Automobile Parts,17.2,352.2,16178,2024-09-07,Western Carriers
SHP04006,Chennai,Bangalore,Short,Steel Coils,18.6,349.1,17991,2024-09-07,Om Sai Transport
SHP04007,Ahmedabad,Mumbai,Medium,Packaged Foods,11.4,529.4,15087,2024-09-07,Om Sai Transport
SHP04008,Ahmedabad,Mumbai,Medium,Automobile Parts,20.7,528.7,27135,2024-09-07,VRL Logistics
SHP04009,Ahmedabad,Mumbai,Medium,FMCG,17.8,526.5,23209,2024-09-07,VRL Logistics
SHP04010,Kolkata,Bhubaneswar,Medium,FMCG,21.1,437.5,23097,2024-09-07,VRL Logistics
SHP04011,Kolkata,Bhubaneswar,Medium,Automobile Parts,20.7,441.6,23155,2024-09-07,Om Sai Transport
SHP04012,Kolkata,Bhubaneswar,Medium,Steel Coils,17.6,436.1,19380,2024-09-07,Western Carriers
SHP04013,Bangalore,Hyderabad,Medium,Electronics,23.9,568.9,33273,2024-09-07,VRL Logistics
SHP04014,Mumbai,Delhi,Long,Steel Coils,15.9,1422.3,47124,2024-09-07,Om Sai Transport
SHP04015,Delhi,Kolkata,Long,FMCG,18.0,1512.0,55311,2024-09-07,Western Carriers
SHP04016,Mumbai,Pune,Short,Steel Coils,23.2,147.3,10435,2024-09-08,TCI Freight
SHP04017,Mumbai,Pune,Short,Steel Coils,18.8,149.3,8554,2024-09-08,Western Carriers
SHP04018,Delhi,Jaipur,Short,Textiles,13.7,282.3,10975,2024-09-08,TCI Freight
SHP04019,Chennai,Bangalore,Short,Automobile Parts,10.2,346.1,9830,2024-09-08,SafeExpress
SHP04020,Chennai,Bangalore,Short,Automobile Parts,20.4,347.4,19215,2024-09-08,SafeExpress
SHP04021,Chennai,Bangalore,Short,FMCG,23.8,346.0,23102,2024-09-08,Shivam Freight Co
SHP04022,Ahmedabad,Mumbai,Medium,Textiles,12.8,529.4,17048,2024-09-08,Western Carriers
SHP04023,Ahmedabad,Mumbai,Medium,Packaged Foods,20.8,526.3,27691,2024-09-08,Western Carriers
SHP04024,Kolkata,Bhubaneswar,Medium,Chemicals,15.6,437.8,17133,2024-09-08,Om Sai Transport
SHP04025,Kolkata,Bhubaneswar,Medium,Packaged Foods,14.5,437.1,16069,2024-09-08,TCI Freight
SHP04026,Kolkata,Bhubaneswar,Medium,Automobile Parts,22.8,437.8,25542,2024-09-08,Shivam Freight Co
SHP04027,Bangalore,Hyderabad,Medium,Textiles,19.9,569.7,27713,2024-09-08,SafeExpress
SHP04028,Mumbai,Delhi,Long,Automobile Parts,22.5,1422.0,62918,2024-09-08,Om Sai Transport
SHP04029,Mumbai,Delhi,Long,Textiles,13.3,1419.1,37827,2024-09-08,Shivam Freight Co
SHP04030,Mumbai,Delhi,Long,Steel Coils,14.9,1416.1,42182,2024-09-08,VRL Logistics
SHP04031,Delhi,Kolkata,Long,Electronics,19.9,1512.6,60782,2024-09-08,Shivam Freight Co
SHP04032,Delhi,Kolkata,Long,Automobile Parts,23.0,1507.6,68199,2024-09-08,Shivam Freight Co
SHP04033,Mumbai,Pune,Short,Textiles,20.7,148.1,9094,2024-09-09,Om Sai Transport
SHP04034,Mumbai,Pune,Short,Textiles,20.7,153.5,9212,2024-09-09,VRL Logistics
SHP04035,Mumbai,Pune,Short,Automobile Parts,21.2,146.9,9055,2024-09-09,SafeExpress
SHP04036,Delhi,Jaipur,Short,FMCG,17.1,280.2,14224,2024-09-09,Shivam Freight Co
SHP04037,Delhi,Jaipur,Short,Chemicals,20.4,279.4,17171,2024-09-09,VRL Logistics
SHP04038,Chennai,Bangalore,Short,Automobile Parts,23.2,352.6,22337,2024-09-09,VRL Logistics
SHP04039,Ahmedabad,Mumbai,Medium,FMCG,16.6,530.1,22461,2024-09-09,SafeExpress
SHP04040,Kolkata,Bhubaneswar,Medium,Steel Coils,14.5,437.5,15771,2024-09-09,VRL Logistics
SHP04041,Kolkata,Bhubaneswar,Medium,Textiles,16.7,440.5,18350,2024-09-09,Shivam Freight Co
SHP04042,Kolkata,Bhubaneswar,Medium,Automobile Parts,12.5,442.1,13786,2024-09-09,VRL Logistics
SHP04043,Bangalore,Hyderabad,Medium,FMCG,18.6,572.6,25962,2024-09-09,Shivam Freight Co
SHP04044,Bangalore,Hyderabad,Medium,Textiles,23.1,567.3,32359,2024-09-09,Western Carriers
SHP04045,Bangalore,Hyderabad,Medium,Chemicals,22.6,567.8,30889,2024-09-09,TCI Freight
SHP04046,Mumbai,Delhi,Long,Electronics,13.0,1419.7,36697,2024-09-09,VRL Logistics
SHP04047,Mumbai,Delhi,Long,Chemicals,10.2,1416.5,29331,2024-09-09,VRL Logistics
SHP04048,Mumbai,Delhi,Long,Textiles,23.1,1417.8,65621,2024-09-09,SafeExpress
SHP04049,Delhi,Kolkata,Long,Textiles,15.9,1507.4,48200,2024-09-09,TCI Freight
SHP04050,Delhi,Kolkata,Long,FMCG,22.5,1510.8,67683,2024-09-09,Om Sai Transport
SHP04051,Mumbai,Pune,Short,FMCG,16.4,148.1,7220,2024-09-10,Western Carriers
SHP04052,Delhi,Jaipur,Short,Chemicals,13.3,276.8,10951,2024-09-10,VRL Logistics
SHP04053,Delhi,Jaipur,Short,Automobile Parts,16.9,278.2,13924,2024-09-10,Shivam Freight Co
SHP04054,Delhi,Jaipur,Short,FMCG,16.8,280.3,14089,2024-09-10,VRL Logistics
SHP04055,Chennai,Bangalore,Short,Automobile Parts,22.7,353.2,22217,2024-09-10,Om Sai Transport
SHP04056,Chennai,Bangalore,Short,FMCG,23.9,349.2,23849,2024-09-10,Shivam Freight Co
SHP04057,Ahmedabad,Mumbai,Medium,Chemicals,11.3,533.1,14567,2024-09-10,Western Carriers
SHP04058,Ahmedabad,Mumbai,Medium,Automobile Parts,10.5,530.9,13310,2024-09-10,SafeExpress
SHP04059,Kolkata,Bhubaneswar,Medium,Textiles,11.6,440.6,13248,2024-09-10,VRL Logistics
SHP04060,Bangalore,Hyderabad,Medium,Textiles,22.6,571.2,29990,2024-09-10,Om Sai Transport
SHP04061,Bangalore,Hyderabad,Medium,Textiles,21.3,568.9,28200,2024-09-10,Shivam Freight Co
SHP04062,Mumbai,Delhi,Long,Steel Coils,23.7,1419.6,68095,2024-09-10,Om Sai Transport
SHP04063,Delhi,Kolkata,Long,Automobile Parts,20.0,1511.2,57610,2024-09-10,SafeExpress
SHP04064,Delhi,Kolkata,Long,Steel Coils,23.3,1511.6,67402,2024-09-10,Om Sai Transport
SHP04065,Mumbai,Pune,Short,Electronics,22.9,149.3,10573,2024-09-11,VRL Logistics
SHP04066,Mumbai,Pune,Short,Automobile Parts,19.2,152.2,8987,2024-09-11,TCI Freight
SHP04067,Delhi,Jaipur,Short,Chemicals,17.5,278.6,14411,2024-09-11,Shivam Freight Co
SHP04068,Delhi,Jaipur,Short,Steel Coils,21.3,279.1,17743,2024-09-11,VRL Logistics
SHP04069,Chennai,Bangalore,Short,Chemicals,20.4,351.6,20231,2024-09-11,SafeExpress
SHP04070,Ahmedabad,Mumbai,Medium,Textiles,14.7,531.9,20106,2024-09-11,Shivam Freight Co
SHP04071,Kolkata,Bhubaneswar,Medium,Electronics,12.1,438.4,13713,2024-09-11,SafeExpress
SHP04072,Kolkata,Bhubaneswar,Medium,FMCG,19.7,436.5,21995,2024-09-11,Western Carriers
SHP04073,Kolkata,Bhubaneswar,Medium,Electronics,18.2,442.1,20450,2024-09-11,SafeExpress
SHP04074,Bangalore,Hyderabad,Medium,Automobile Parts,22.6,567.6,30232,2024-09-11,Om Sai Transport
SHP04075,Bangalore,Hyderabad,Medium,Packaged Foods,24.4,570.6,32986,2024-09-11,SafeExpress
SHP04076,Mumbai,Delhi,Long,Chemicals,21.5,1420.7,61481,2024-09-11,Shivam Freight Co
SHP04077,Mumbai,Delhi,Long,Steel Coils,18.5,1421.4,52987,2024-09-11,SafeExpress
SHP04078,Mumbai,Delhi,Long,FMCG,12.3,1417.0,35353,2024-09-11,Om Sai Transport
SHP04079,Delhi,Kolkata,Long,Packaged Foods,16.9,1509.7,52722,2024-09-11,TCI Freight
SHP04080,Mumbai,Pune,Short,Steel Coils,12.6,150.9,5697,2024-09-12,Shivam Freight Co
SHP04081,Mumbai,Pune,Short,Electronics,20.4,147.6,9004,2024-09-12,Om Sai Transport
SHP04082,Delhi,Jaipur,Short,Electronics,13.6,281.4,11529,2024-09-12,Western Carriers
SHP04083,Chennai,Bangalore,Short,Automobile Parts,15.4,346.9,14819,2024-09-12,SafeExpress
SHP04084,Ahmedabad,Mumbai,Medium,Chemicals,11.0,530.8,13810,2024-09-12,SafeExpress
SHP04085,Ahmedabad,Mumbai,Medium,Chemicals,15.5,527.5,19849,2024-09-12,Om Sai Transport
SHP04086,Kolkata,Bhubaneswar,Medium,Textiles,23.7,437.9,26918,2024-09-12,Western Carriers
SHP04087,Kolkata,Bhubaneswar,Medium,FMCG,22.2,442.3,25422,2024-09-12,Western Carriers
SHP04088,Bangalore,Hyderabad,Medium,Automobile Parts,20.9,566.6,28278,2024-09-12,TCI Freight
SHP04089,Bangalore,Hyderabad,Medium,Electronics,10.1,572.9,14111,2024-09-12,VRL Logistics
SHP04090,Bangalore,Hyderabad,Medium,Electronics,20.2,571.3,27818,2024-09-12,TCI Freight
SHP04091,Mumbai,Delhi,Long,FMCG,19.8,1416.8,57212,2024-09-12,TCI Freight
SHP04092,Delhi,Kolkata,Long,Textiles,22.7,1507.1,70182,2024-09-12,Shivam Freight Co
SHP04093,Delhi,Kolkata,Long,Automobile Parts,16.7,1507.6,50689,2024-09-12,Shivam Freight Co
SHP04094,Delhi,Kolkata,Long,Textiles,24.7,1513.5,76387,2024-09-12,Shivam Freight Co
SHP04095,Mumbai,Pune,Short,Chemicals,17.7,147.6,7825,2024-09-13,Western Carriers
SHP04096,Delhi,Jaipur,Short,Chemicals,16.0,279.6,13528,2024-09-13,SafeExpress
SHP04097,Chennai,Bangalore,Short,Chemicals,14.4,353.0,13908,2024-09-13,VRL Logistics
SHP04098,Chennai,Bangalore,Short,Automobile Parts,10.5,352.0,10338,2024-09-13,Om Sai Transport
SHP04099,Chennai,Bangalore,Short,Chemicals,19.9,350.1,19575,2024-09-13,Om Sai Transport
SHP04100,Ahmedabad,Mumbai,Medium,Packaged Foods,11.3,531.1,14780,2024-09-13,SafeExpress
SHP04101,Ahmedabad,Mumbai,Medium,Automobile Parts,20.3,533.5,26994,2024-09-13,Shivam Freight Co
SHP04102,Kolkata,Bhubaneswar,Medium,Chemicals,12.0,439.2,12946,2024-09-13,Om Sai Transport
SHP04103,Kolkata,Bhubaneswar,Medium,Packaged Foods,13.6,442.7,14531,2024-09-13,Western Carriers
SHP04104,Bangalore,Hyderabad,Medium,Textiles,16.3,574.0,22959,2024-09-13,VRL Logistics
SHP04105,Mumbai,Delhi,Long,Electronics,15.7,1422.4,45419,2024-09-13,VRL Logistics
SHP04106,Mumbai,Delhi,Long,Automobile Parts,17.8,1418.7,51708,2024-09-13,Shivam Freight Co
SHP04107,Delhi,Kolkata,Long,Electronics,14.4,1511.9,42724,2024-09-13,Om Sai Transport
SHP04108,Mumbai,Pune,Short,Chemicals,13.2,153.0,6009,2024-09-14,Shivam Freight Co
SHP04109,Mumbai,Pune,Short,Textiles,12.3,153.5,5534,2024-09-14,Om Sai Transport
SHP04110,Mumbai,Pune,Short,Automobile Parts,18.3,146.1,7850,2024-09-14,SafeExpress
SHP04111,Delhi,Jaipur,Short,Automobile Parts,19.2,276.5,16060,2024-09-14,Shivam Freight Co
SHP04112,Delhi,Jaipur,Short,Textiles,21.3,277.1,17566,2024-09-14,Om Sai Transport
SHP04113,Delhi,Jaipur,Short,Textiles,23.4,282.8,19747,2024-09-14,VRL Logistics
SHP04114,Chennai,Bangalore,Short,FMCG,21.3,348.0,20205,2024-09-14,SafeExpress
SHP04115,Chennai,Bangalore,Short,Packaged Foods,21.7,352.3,20490,2024-09-14,Om Sai Transport
SHP04116,Ahmedabad,Mumbai,Medium,Steel Coils,23.2,528.2,30708,2024-09-14,Shivam Freight Co
SHP04117,Ahmedabad,Mumbai,Medium,Automobile Parts,20.8,528.8,27499,2024-09-14,Om Sai Transport
SHP04118,Ahmedabad,Mumbai,Medium,Automobile Parts,14.1,530.1,18882,2024-09-14,Om Sai Transport
SHP04119,Kolkata,Bhubaneswar,Medium,Automobile Parts,10.6,437.8,11903,2024-09-14,TCI Freight
SHP04120,Bangalore,Hyderabad,Medium,Chemicals,18.8,569.3,25724,2024-09-14,VRL Logistics
SHP04121,Bangalore,Hyderabad,Medium,Electronics,17.3,570.5,24475,2024-09-14,Om Sai Transport
SHP04122,Bangalore,Hyderabad,Medium,Chemicals,10.8,567.1,14797,2024-09-14,TCI Freight
SHP04123,Mumbai,Delhi,Long,Automobile Parts,18.5,1423.7,52831,2024-09-14,SafeExpress
SHP04124,Delhi,Kolkata,Long,Steel Coils,18.5,1513.6,55457,2024-09-14,VRL Logistics
SHP04125,Delhi,Kolkata,Long,Chemicals,24.8,1509.0,75605,2024-09-14,Western Carriers
SHP04126,Mumbai,Pune,Short,Chemicals,19.0,153.3,9067,2024-09-15,Om Sai Transport
SHP04127,Mumbai,Pune,Short,FMCG,21.3,147.7,9710,2024-09-15,SafeExpress
SHP04128,Mumbai,Pune,Short,Chemicals,17.0,150.4,7817,2024-09-15,Om Sai Transport
SHP04129,Delhi,Jaipur,Short,Steel Coils,11.8,276.1,9444,2024-09-15,Shivam Freight Co
SHP04130,Delhi,Jaipur,Short,Chemicals,23.0,280.2,18678,2024-09-15,Om Sai Transport
SHP04131,Chennai,Bangalore,Short,Chemicals,21.2,350.8,20335,2024-09-15,Shivam Freight Co
SHP04132,Ahmedabad,Mumbai,Medium,Textiles,10.4,529.2,13414,2024-09-15,VRL Logistics
SHP04133,Kolkata,Bhubaneswar,Medium,Chemicals,23.9,441.6,25310,2024-09-15,Western Carriers
SHP04134,Kolkata,Bhubaneswar,Medium,Electronics,11.0,442.0,11965,2024-09-15,Western Carriers
SHP04135,Kolkata,Bhubaneswar,Medium,Electronics,22.8,441.3,24837,2024-09-15,TCI Freight
SHP04136,Bangalore,Hyderabad,Medium,Automobile Parts,13.1,566.9,17581,2024-09-15,VRL Logistics
SHP04137,Bangalore,Hyderabad,Medium,Steel Coils,19.5,567.2,25906,2024-09-15,Shivam Freight Co
SHP04138,Mumbai,Delhi,Long,Textiles,14.9,1419.5,43895,2024-09-15,Om Sai Transport
SHP04139,Mumbai,Delhi,Long,Textiles,20.0,1421.9,59080,2024-09-15,Shivam Freight Co
SHP04140,Mumbai,Delhi,Long,Packaged Foods,24.5,1418.6,72067,2024-09-15,TCI Freight
SHP04141,Delhi,Kolkata,Long,Automobile Parts,10.5,1512.7,31701,2024-09-15,SafeExpress
SHP04142,Delhi,Kolkata,Long,Textiles,22.0,1510.9,65533,2024-09-15,TCI Freight
SHP04143,Mumbai,Pune,Short,FMCG,24.1,147.0,11079,2024-09-16,TCI Freight
SHP04144,Mumbai,Pune,Short,FMCG,24.7,153.4,11427,2024-09-16,VRL Logistics
SHP04145,Delhi,Jaipur,Short,Steel Coils,11.3,283.0,9438,2024-09-16,Western Carriers
SHP04146,Chennai,Bangalore,Short,Automobile Parts,16.1,350.9,16220,2024-09-16,TCI Freight
SHP04147,Chennai,Bangalore,Short,Electronics,17.2,348.7,17099,2024-09-16,Western Carriers
SHP04148,Ahmedabad,Mumbai,Medium,Textiles,10.1,532.8,13162,2024-09-16,SafeExpress
SHP04149,Ahmedabad,Mumbai,Medium,Packaged Foods,20.7,528.1,26814,2024-09-16,Western Carriers
SHP04150,Kolkata,Bhubaneswar,Medium,Packaged Foods,22.8,440.9,24272,2024-09-16,SafeExpress
SHP04151,Kolkata,Bhubaneswar,Medium,Automobile Parts,12.9,439.9,13742,2024-09-16,VRL Logistics
SHP04152,Kolkata,Bhubaneswar,Medium,FMCG,16.3,436.5,17641,2024-09-16,Western Carriers
SHP04153,Bangalore,Hyderabad,Medium,FMCG,15.0,567.2,20124,2024-09-16,TCI Freight
SHP04154,Mumbai,Delhi,Long,Automobile Parts,17.7,1420.7,51216,2024-09-16,Shivam Freight Co
SHP04155,Delhi,Kolkata,Long,Textiles,14.4,1507.5,43454,2024-09-16,SafeExpress
SHP04156,Delhi,Kolkata,Long,Automobile Parts,19.1,1508.3,57178,2024-09-16,SafeExpress
SHP04157,Delhi,Kolkata,Long,FMCG,21.2,1506.2,62761,2024-09-16,Om Sai Transport
SHP04158,Mumbai,Pune,Short,Electronics,23.8,153.9,11341,2024-09-17,SafeExpress
SHP04159,Mumbai,Pune,Short,Packaged Foods,11.1,149.3,5106,2024-09-17,SafeExpress
SHP04160,Delhi,Jaipur,Short,Automobile Parts,21.7,280.5,17993,2024-09-17,Western Carriers
SHP04161,Delhi,Jaipur,Short,Chemicals,19.9,277.9,16681,2024-09-17,VRL Logistics
SHP04162,Delhi,Jaipur,Short,Textiles,15.3,276.6,12427,2024-09-17,Shivam Freight Co
SHP04163,Chennai,Bangalore,Short,Textiles,15.3,350.5,14544,2024-09-17,TCI Freight
SHP04164,Ahmedabad,Mumbai,Medium,Automobile Parts,11.4,531.9,15310,2024-09-17,VRL Logistics
SHP04165,Ahmedabad,Mumbai,Medium,Textiles,22.0,528.2,28759,2024-09-17,Om Sai Transport
SHP04166,Ahmedabad,Mumbai,Medium,Electronics,11.8,530.8,15505,2024-09-17,SafeExpress
SHP04167,Kolkata,Bhubaneswar,Medium,FMCG,10.2,436.4,11227,2024-09-17,Shivam Freight Co
SHP04168,Bangalore,Hyderabad,Medium,Packaged Foods,11.8,573.1,16294,2024-09-17,Om Sai Transport
SHP04169,Bangalore,Hyderabad,Medium,Steel Coils,21.8,570.8,30308,2024-09-17,Shivam Freight Co
SHP04170,Mumbai,Delhi,Long,Steel Coils,18.8,1421.4,55544,2024-09-17,Western Carriers
SHP04171,Delhi,Kolkata,Long,Automobile Parts,23.7,1510.1,72700,2024-09-17,Western Carriers
SHP04172,Mumbai,Pune,Short,Chemicals,21.2,153.8,10109,2024-09-18,TCI Freight
SHP04173,Mumbai,Pune,Short,Electronics,15.9,146.1,7058,2024-09-18,VRL Logistics
SHP04174,Mumbai,Pune,Short,Automobile Parts,23.5,146.7,10528,2024-09-18,Western Carriers
SHP04175,Delhi,Jaipur,Short,Steel Coils,15.1,281.8,12587,2024-09-18,Shivam Freight Co
SHP04176,Chennai,Bangalore,Short,Chemicals,14.5,353.9,14681,2024-09-18,TCI Freight
SHP04177,Chennai,Bangalore,Short,Automobile Parts,21.4,353.2,21616,2024-09-18,Shivam Freight Co
SHP04178,Chennai,Bangalore,Short,Packaged Foods,24.5,350.0,24250,2024-09-18,TCI Freight
SHP04179,Ahmedabad,Mumbai,Medium,Chemicals,19.0,531.7,24370,2024-09-18,Western Carriers
SHP04180,Ahmedabad,Mumbai,Medium,FMCG,19.4,532.6,25286,2024-09-18,Om Sai Transport
SHP04181,Ahmedabad,Mumbai,Medium,Steel Coils,13.0,526.6,16672,2024-09-18,SafeExpress
SHP04182,Kolkata,Bhubaneswar,Medium,Packaged Foods,14.1,438.7,15252,2024-09-18,VRL Logistics
SHP04183,Bangalore,Hyderabad,Medium,Electronics,19.9,567.9,26161,2024-09-18,SafeExpress
SHP04184,Bangalore,Hyderabad,Medium,Electronics,24.9,566.3,33554,2024-09-18,Om Sai Transport
SHP04185,Mumbai,Delhi,Long,Automobile Parts,23.6,1417.8,67618,2024-09-18,SafeExpress
SHP04186,Mumbai,Delhi,Long,Automobile Parts,15.5,1423.6,43884,2024-09-18,Western Carriers
SHP04187,Delhi,Kolkata,Long,Steel Coils,20.2,1512.9,62291,2024-09-18,Western Carriers
SHP04188,Mumbai,Pune,Short,Packaged Foods,11.0,149.6,5032,2024-09-19,TCI Freight
SHP04189,Delhi,Jaipur,Short,Automobile Parts,14.1,278.0,11788,2024-09-19,SafeExpress
SHP04190,Delhi,Jaipur,Short,Steel Coils,12.0,284.0,10060,2024-09-19,VRL Logistics
SHP04191,Delhi,Jaipur,Short,Textiles,18.6,281.6,15781,2024-09-19,Om Sai Transport
SHP04192,Chennai,Bangalore,Short,Packaged Foods,11.1,352.0,11067,2024-09-19,Om Sai Transport
SHP04193,Ahmedabad,Mumbai,Medium,Chemicals,10.1,533.3,13310,2024-09-19,SafeExpress
SHP04194,Ahmedabad,Mumbai,Medium,Steel Coils,23.9,526.4,30042,2024-09-19,Shivam Freight Co
SHP04195,Ahmedabad,Mumbai,Medium,Textiles,13.6,529.2,17730,2024-09-19,Shivam Freight Co
SHP04196,Kolkata,Bhubaneswar,Medium,Textiles,11.3,443.1,12304,2024-09-19,Shivam Freight Co
SHP04197,Kolkata,Bhubaneswar,Medium,Steel Coils,18.8,441.0,19870,2024-09-19,TCI Freight
SHP04198,Kolkata,Bhubaneswar,Medium,FMCG,11.8,436.4,12419,2024-09-19,Western Carriers
SHP04199,Bangalore,Hyderabad,Medium,Textiles,12.0,567.1,16145,2024-09-19,Om Sai Transport
SHP04200,Mumbai,Delhi,Long,Textiles,18.5,1422.1,54971,2024-09-19,Om Sai Transport
SHP04201,Mumbai,Delhi,Long,Automobile Parts,18.6,1422.9,55581,2024-09-19,Shivam Freight Co
SHP04202,Delhi,Kolkata,Long,Automobile Parts,10.6,1510.3,31605,2024-09-19,VRL Logistics
SHP04203,Delhi,Kolkata,Long,Electronics,24.2,1513.3,72503,2024-09-19,VRL Logistics
SHP04204,Delhi,Kolkata,Long,Steel Coils,14.1,1508.1,41594,2024-09-19,Shivam Freight Co
SHP04205,Mumbai,Pune,Short,Textiles,19.1,150.5,8596,2024-09-20,Om Sai Transport
SHP04206,Mumbai,Pune,Short,Chemicals,11.9,150.1,5198,2024-09-20,Shivam Freight Co
SHP04207,Mumbai,Pune,Short,Textiles,18.9,151.7,8456,2024-09-20,TCI Freight
SHP04208,Delhi,Jaipur,Short,FMCG,16.0,282.1,13035,2024-09-20,Om Sai Transport
SHP04209,Delhi,Jaipur,Short,Automobile Parts,20.3,280.8,16293,2024-09-20,TCI Freight
SHP04210,Chennai,Bangalore,Short,FMCG,15.7,351.6,15015,2024-09-20,SafeExpress
SHP04211,Chennai,Bangalore,Short,Chemicals,16.3,346.8,15317,2024-09-20,SafeExpress
SHP04212,Ahmedabad,Mumbai,Medium,Automobile Parts,23.0,528.4,28536,2024-09-20,SafeExpress
SHP04213,Kolkata,Bhubaneswar,Medium,Textiles,24.9,438.8,26380,2024-09-20,Shivam Freight Co
SHP04214,Bangalore,Hyderabad,Medium,Electronics,11.0,571.4,14538,2024-09-20,Western Carriers
SHP04215,Mumbai,Delhi,Long,Textiles,11.4,1420.0,33979,2024-09-20,TCI Freight
SHP04216,Mumbai,Delhi,Long,Textiles,10.9,1419.5,32094,2024-09-20,VRL Logistics
SHP04217,Delhi,Kolkata,Long,Packaged Foods,14.6,1510.7,43103,2024-09-20,Western Carriers
SHP04218,Mumbai,Pune,Short,FMCG,15.5,151.9,6898,2024-09-21,VRL Logistics
SHP04219,Mumbai,Pune,Short,Packaged Foods,24.8,151.6,11180,2024-09-21,VRL Logistics
SHP04220,Delhi,Jaipur,Short,Chemicals,21.0,280.6,17798,2024-09-21,Western Carriers
SHP04221,Chennai,Bangalore,Short,Electronics,21.2,349.5,20305,2024-09-21,SafeExpress
SHP04222,Chennai,Bangalore,Short,Packaged Foods,16.4,350.6,15813,2024-09-21,TCI Freight
SHP04223,Ahmedabad,Mumbai,Medium,Chemicals,17.4,531.7,22420,2024-09-21,SafeExpress
SHP04224,Ahmedabad,Mumbai,Medium,Automobile Parts,24.3,529.2,30849,2024-09-21,Shivam Freight Co
SHP04225,Kolkata,Bhubaneswar,Medium,FMCG,20.4,444.0,23333,2024-09-21,Western Carriers
SHP04226,Bangalore,Hyderabad,Medium,Chemicals,10.1,568.0,13505,2024-09-21,Om Sai Transport
SHP04227,Bangalore,Hyderabad,Medium,Steel Coils,19.1,567.3,25295,2024-09-21,Om Sai Transport
SHP04228,Mumbai,Delhi,Long,FMCG,19.1,1421.5,54577,2024-09-21,Western Carriers
SHP04229,Delhi,Kolkata,Long,Steel Coils,16.1,1514.0,47219,2024-09-21,TCI Freight
SHP04230,Delhi,Kolkata,Long,FMCG,14.8,1513.4,44272,2024-09-21,SafeExpress
SHP04231,Delhi,Kolkata,Long,Chemicals,23.4,1513.5,69163,2024-09-21,TCI Freight
SHP04232,Mumbai,Pune,Short,Electronics,17.1,147.3,7545,2024-09-22,Om Sai Transport
SHP04233,Mumbai,Pune,Short,Steel Coils,18.0,147.8,8002,2024-09-22,Shivam Freight Co
SHP04234,Delhi,Jaipur,Short,Packaged Foods,18.6,277.5,14746,2024-09-22,Shivam Freight Co
SHP04235,Delhi,Jaipur,Short,Steel Coils,12.8,279.4,10428,2024-09-22,TCI Freight
SHP04236,Delhi,Jaipur,Short,Automobile Parts,12.1,278.2,9893,2024-09-22,Western Carriers
SHP04237,Chennai,Bangalore,Short,Electronics,23.3,350.2,21432,2024-09-22,SafeExpress
SHP04238,Chennai,Bangalore,Short,FMCG,14.8,348.7,13596,2024-09-22,VRL Logistics
SHP04239,Chennai,Bangalore,Short,Automobile Parts,11.9,351.5,11157,2024-09-22,VRL Logistics
SHP04240,Ahmedabad,Mumbai,Medium,Steel Coils,11.0,530.9,14282,2024-09-22,Shivam Freight Co
SHP04241,Ahmedabad,Mumbai,Medium,Textiles,20.7,526.2,26471,2024-09-22,Om Sai Transport
SHP04242,Ahmedabad,Mumbai,Medium,Automobile Parts,12.3,527.7,16015,2024-09-22,Western Carriers
SHP04243,Kolkata,Bhubaneswar,Medium,Steel Coils,17.4,443.3,19518,2024-09-22,Om Sai Transport
SHP04244,Bangalore,Hyderabad,Medium,Automobile Parts,17.6,573.1,25303,2024-09-22,SafeExpress
SHP04245,Bangalore,Hyderabad,Medium,FMCG,21.0,573.4,29101,2024-09-22,SafeExpress
SHP04246,Mumbai,Delhi,Long,Textiles,13.6,1418.9,38837,2024-09-22,TCI Freight
SHP04247,Mumbai,Delhi,Long,Steel Coils,19.4,1418.5,55381,2024-09-22,Western Carriers
SHP04248,Mumbai,Delhi,Long,Automobile Parts,20.9,1418.3,57866,2024-09-22,Western Carriers
SHP04249,Delhi,Kolkata,Long,Electronics,17.4,1507.1,50812,2024-09-22,SafeExpress
SHP04250,Mumbai,Pune,Short,Textiles,16.4,150.1,7350,2024-09-23,TCI Freight
SHP04251,Mumbai,Pune,Short,Steel Coils,22.6,153.4,10355,2024-09-23,Shivam Freight Co
SHP04252,Delhi,Jaipur,Short,Textiles,12.9,281.7,10944,2024-09-23,Western Carriers
SHP04253,Chennai,Bangalore,Short,Electronics,21.9,353.1,22095,2024-09-23,Shivam Freight Co
SHP04254,Chennai,Bangalore,Short,Automobile Parts,16.7,348.3,16208,2024-09-23,Western Carriers
SHP04255,Ahmedabad,Mumbai,Medium,FMCG,13.3,530.2,17426,2024-09-23,TCI Freight
SHP04256,Kolkata,Bhubaneswar,Medium,Chemicals,18.1,440.6,19973,2024-09-23,Shivam Freight Co
SHP04257,Kolkata,Bhubaneswar,Medium,Packaged Foods,23.7,438.1,26243,2024-09-23,TCI Freight
SHP04258,Kolkata,Bhubaneswar,Medium,Packaged Foods,23.3,441.9,26344,2024-09-23,VRL Logistics
SHP04259,Bangalore,Hyderabad,Medium,Automobile Parts,22.4,567.7,31035,2024-09-23,VRL Logistics
SHP04260,Bangalore,Hyderabad,Medium,Chemicals,12.0,567.7,16263,2024-09-23,VRL Logistics
SHP04261,Bangalore,Hyderabad,Medium,Electronics,11.5,573.1,15656,2024-09-23,TCI Freight
SHP04262,Mumbai,Delhi,Long,Packaged Foods,11.1,1422.4,33011,2024-09-23,VRL Logistics
SHP04263,Mumbai,Delhi,Long,Textiles,18.4,1420.9,53526,2024-09-23,Shivam Freight Co
SHP04264,Mumbai,Delhi,Long,Automobile Parts,11.1,1416.0,32627,2024-09-23,Western Carriers
SHP04265,Delhi,Kolkata,Long,Chemicals,12.9,1507.1,39492,2024-09-23,Western Carriers
SHP04266,Mumbai,Pune,Short,Steel Coils,22.4,148.4,10396,2024-09-24,VRL Logistics
SHP04267,Mumbai,Pune,Short,Automobile Parts,16.9,149.2,7754,2024-09-24,Shivam Freight Co
SHP04268,Delhi,Jaipur,Short,Automobile Parts,23.6,280.2,19618,2024-09-24,TCI Freight
SHP04269,Delhi,Jaipur,Short,Electronics,19.7,281.1,16382,2024-09-24,TCI Freight
SHP04270,Delhi,Jaipur,Short,Packaged Foods,14.4,283.8,12252,2024-09-24,SafeExpress
SHP04271,Chennai,Bangalore,Short,Textiles,20.9,347.6,20276,2024-09-24,SafeExpress
SHP04272,Chennai,Bangalore,Short,Chemicals,21.2,348.4,20614,2024-09-24,VRL Logistics
SHP04273,Chennai,Bangalore,Short,Automobile Parts,21.3,349.1,20546,2024-09-24,Western Carriers
SHP04274,Ahmedabad,Mumbai,Medium,Electronics,22.0,530.5,28147,2024-09-24,TCI Freight
SHP04275,Ahmedabad,Mumbai,Medium,Automobile Parts,10.1,527.9,13082,2024-09-24,Om Sai Transport
SHP04276,Kolkata,Bhubaneswar,Medium,Steel Coils,18.1,436.4,19451,2024-09-24,SafeExpress
SHP04277,Bangalore,Hyderabad,Medium,Textiles,11.5,567.1,15153,2024-09-24,Western Carriers
SHP04278,Bangalore,Hyderabad,Medium,Textiles,17.6,569.6,23882,2024-09-24,SafeExpress
SHP04279,Mumbai,Delhi,Long,Textiles,14.8,1423.6,44060,2024-09-24,SafeExpress
SHP04280,Mumbai,Delhi,Long,Automobile Parts,24.9,1418.8,72183,2024-09-24,SafeExpress
SHP04281,Mumbai,Delhi,Long,Automobile Parts,10.1,1418.2,29521,2024-09-24,VRL Logistics
SHP04282,Delhi,Kolkata,Long,Packaged Foods,22.8,1512.5,68480,2024-09-24,VRL Logistics
SHP04283,Delhi,Kolkata,Long,Packaged Foods,15.7,1506.6,46903,2024-09-24,Om Sai Transport
SHP04284,Mumbai,Pune,Short,Chemicals,13.9,152.9,6319,2024-09-25,TCI Freight
SHP04285,Mumbai,Pune,Short,FMCG,14.4,149.8,6255,2024-09-25,Om Sai Transport
SHP04286,Delhi,Jaipur,Short,FMCG,25.0,283.3,20123,2024-09-25,Om Sai Transport
SHP04287,Delhi,Jaipur,Short,Electronics,22.3,282.7,18533,2024-09-25,Shivam Freight Co
SHP04288,Chennai,Bangalore,Short,FMCG,10.7,349.3,10299,2024-09-25,VRL Logistics
SHP04289,Ahmedabad,Mumbai,Medium,FMCG,16.2,530.1,20334,2024-09-25,Western Carriers
SHP04290,Kolkata,Bhubaneswar,Medium,Chemicals,21.0,440.3,22631,2024-09-25,VRL Logistics
SHP04291,Bangalore,Hyderabad,Medium,Automobile Parts,18.7,568.2,25965,2024-09-25,Western Carriers
SHP04292,Mumbai,Delhi,Long,FMCG,17.3,1419.8,49719,2024-09-25,TCI Freight
SHP04293,Mumbai,Delhi,Long,Steel Coils,12.0,1423.0,33785,2024-09-25,TCI Freight
SHP04294,Mumbai,Delhi,Long,Textiles,13.1,1418.1,36928,2024-09-25,TCI Freight
SHP04295,Delhi,Kolkata,Long,FMCG,17.0,1513.3,49658,2024-09-25,SafeExpress
SHP04296,Delhi,Kolkata,Long,Packaged Foods,17.4,1512.0,52077,2024-09-25,TCI Freight
SHP04297,Mumbai,Pune,Short,Packaged Foods,13.3,151.1,5905,2024-09-26,VRL Logistics
SHP04298,Mumbai,Pune,Short,Steel Coils,19.4,150.7,8694,2024-09-26,Western Carriers
SHP04299,Mumbai,Pune,Short,Textiles,10.0,153.9,4607,2024-09-26,VRL Logistics
SHP04300,Delhi,Jaipur,Short,Chemicals,24.5,282.4,19861,2024-09-26,TCI Freight
SHP04301,Chennai,Bangalore,Short,Packaged Foods,14.2,348.7,14196,2024-09-26,SafeExpress
SHP04302,Ahmedabad,Mumbai,Medium,Automobile Parts,13.4,527.2,17030,2024-09-26,Western Carriers
SHP04303,Ahmedabad,Mumbai,Medium,Textiles,14.3,529.7,18168,2024-09-26,TCI Freight
SHP04304,Kolkata,Bhubaneswar,Medium,Electronics,11.0,441.3,12230,2024-09-26,VRL Logistics
SHP04305,Bangalore,Hyderabad,Medium,Chemicals,12.4,570.2,17125,2024-09-26,Western Carriers
SHP04306,Bangalore,Hyderabad,Medium,Chemicals,19.1,567.0,27068,2024-09-26,SafeExpress
SHP04307,Bangalore,Hyderabad,Medium,Chemicals,22.1,571.6,30936,2024-09-26,SafeExpress
SHP04308,Mumbai,Delhi,Long,Packaged Foods,12.5,1422.1,36255,2024-09-26,Western Carriers
SHP04309,Mumbai,Delhi,Long,Chemicals,20.8,1421.1,59064,2024-09-26,VRL Logistics
SHP04310,Mumbai,Delhi,Long,Chemicals,16.3,1417.3,46355,2024-09-26,Om Sai Transport
SHP04311,Delhi,Kolkata,Long,FMCG,10.0,1507.5,29310,2024-09-26,TCI Freight
SHP04312,Delhi,Kolkata,Long,Packaged Foods,24.5,1507.7,73294,2024-09-26,VRL Logistics
SHP04313,Mumbai,Pune,Short,Chemicals,22.0,153.4,9715,2024-09-27,TCI Freight
SHP04314,Mumbai,Pune,Short,FMCG,21.7,147.2,9493,2024-09-27,VRL Logistics
SHP04315,Mumbai,Pune,Short,Chemicals,18.4,152.6,8189,2024-09-27,TCI Freight
SHP04316,Delhi,Jaipur,Short,Steel Coils,13.5,283.4,11496,2024-09-27,Om Sai Transport
SHP04317,Delhi,Jaipur,Short,Chemicals,11.8,281.2,10036,2024-09-27,Shivam Freight Co
SHP04318,Chennai,Bangalore,Short,Packaged Foods,20.2,347.8,19936,2024-09-27,Western Carriers
SHP04319,Ahmedabad,Mumbai,Medium,Chemicals,14.1,528.5,18822,2024-09-27,Western Carriers
SHP04320,Ahmedabad,Mumbai,Medium,Textiles,10.8,531.1,14539,2024-09-27,SafeExpress
SHP04321,Kolkata,Bhubaneswar,Medium,Automobile Parts,13.9,438.6,15764,2024-09-27,SafeExpress
SHP04322,Kolkata,Bhubaneswar,Medium,Packaged Foods,14.7,440.0,16702,2024-09-27,TCI Freight
SHP04323,Kolkata,Bhubaneswar,Medium,Electronics,20.3,440.3,23310,2024-09-27,Om Sai Transport
SHP04324,Bangalore,Hyderabad,Medium,Packaged Foods,11.0,568.8,14979,2024-09-27,TCI Freight
SHP04325,Mumbai,Delhi,Long,Automobile Parts,19.1,1420.1,56349,2024-09-27,Om Sai Transport
SHP04326,Mumbai,Delhi,Long,Chemicals,18.2,1419.2,53220,2024-09-27,TCI Freight
SHP04327,Delhi,Kolkata,Long,Electronics,22.9,1510.2,70199,2024-09-27,SafeExpress
SHP04328,Mumbai,Pune,Short,Packaged Foods,16.0,147.9,6946,2024-09-28,Western Carriers
SHP04329,Delhi,Jaipur,Short,Chemicals,22.7,276.2,18993,2024-09-28,TCI Freight
SHP04330,Delhi,Jaipur,Short,Chemicals,23.9,276.8,19968,2024-09-28,TCI Freight
SHP04331,Delhi,Jaipur,Short,Packaged Foods,22.7,281.1,19365,2024-09-28,TCI Freight
SHP04332,Chennai,Bangalore,Short,Automobile Parts,17.3,351.2,17258,2024-09-28,Western Carriers
SHP04333,Ahmedabad,Mumbai,Medium,Steel Coils,11.8,526.3,15425,2024-09-28,Om Sai Transport
SHP04334,Ahmedabad,Mumbai,Medium,Automobile Parts,12.2,529.8,16118,2024-09-28,TCI Freight
SHP04335,Ahmedabad,Mumbai,Medium,Electronics,13.5,530.9,17673,2024-09-28,TCI Freight
SHP04336,Kolkata,Bhubaneswar,Medium,Packaged Foods,19.1,441.3,21239,2024-09-28,Om Sai Transport
SHP04337,Kolkata,Bhubaneswar,Medium,Automobile Parts,10.7,441.7,11926,2024-09-28,TCI Freight
SHP04338,Bangalore,Hyderabad,Medium,Steel Coils,23.0,572.3,32439,2024-09-28,VRL Logistics
SHP04339,Bangalore,Hyderabad,Medium,Automobile Parts,16.7,568.8,23229,2024-09-28,Om Sai Transport
SHP04340,Bangalore,Hyderabad,Medium,Electronics,21.5,571.9,30116,2024-09-28,Om Sai Transport
SHP04341,Mumbai,Delhi,Long,Textiles,10.6,1418.7,30503,2024-09-28,SafeExpress
SHP04342,Mumbai,Delhi,Long,Packaged Foods,10.5,1421.4,29416,2024-09-28,TCI Freight
SHP04343,Delhi,Kolkata,Long,Electronics,21.1,1511.4,63741,2024-09-28,VRL Logistics
SHP04344,Delhi,Kolkata,Long,Chemicals,14.7,1508.1,45134,2024-09-28,Om Sai Transport
SHP04345,Delhi,Kolkata,Long,Automobile Parts,11.1,1506.8,32825,2024-09-28,Shivam Freight Co
SHP04346,Mumbai,Pune,Short,Electronics,12.3,146.8,5406,2024-09-29,VRL Logistics
SHP04347,Mumbai,Pune,Short,Automobile Parts,13.0,152.8,6022,2024-09-29,Shivam Freight Co
SHP04348,Mumbai,Pune,Short,FMCG,21.3,148.6,9704,2024-09-29,TCI Freight
SHP04349,Delhi,Jaipur,Short,Automobile Parts,19.6,276.3,16316,2024-09-29,TCI Freight
SHP04350,Delhi,Jaipur,Short,Steel Coils,10.8,279.6,9100,2024-09-29,Western Carriers
SHP04351,Delhi,Jaipur,Short,Textiles,22.1,283.8,18710,2024-09-29,SafeExpress
SHP04352,Chennai,Bangalore,Short,Packaged Foods,17.1,349.3,16642,2024-09-29,Om Sai Transport
SHP04353,Chennai,Bangalore,Short,Textiles,16.3,352.6,16042,2024-09-29,Shivam Freight Co
SHP04354,Ahmedabad,Mumbai,Medium,FMCG,19.2,533.5,24423,2024-09-29,SafeExpress
SHP04355,Kolkata,Bhubaneswar,Medium,Textiles,15.3,442.9,17249,2024-09-29,SafeExpress
SHP04356,Bangalore,Hyderabad,Medium,Automobile Parts,20.5,570.8,28030,2024-09-29,Om Sai Transport
SHP04357,Mumbai,Delhi,Long,Packaged Foods,21.6,1423.7,60827,2024-09-29,Om Sai Transport
SHP04358,Mumbai,Delhi,Long,Electronics,11.3,1420.5,32201,2024-09-29,Western Carriers
SHP04359,Delhi,Kolkata,Long,Packaged Foods,13.4,1514.0,39578,2024-09-29,SafeExpress
SHP04360,Mumbai,Pune,Short,Textiles,18.2,149.0,8351,2024-09-30,TCI Freight
SHP04361,Mumbai,Pune,Short,Automobile Parts,16.5,148.0,7449,2024-09-30,Om Sai Transport
SHP04362,Mumbai,Pune,Short,Electronics,21.9,148.4,10095,2024-09-30,VRL Logistics
SHP04363,Delhi,Jaipur,Short,Chemicals,21.1,277.0,17176,2024-09-30,VRL Logistics
SHP04364,Delhi,Jaipur,Short,Electronics,23.8,281.2,19601,2024-09-30,TCI Freight
SHP04365,Delhi,Jaipur,Short,Packaged Foods,11.0,276.9,8748,2024-09-30,Om Sai Transport
SHP04366,Chennai,Bangalore,Short,Packaged Foods,11.4,350.1,11266,2024-09-30,Western Carriers
SHP04367,Ahmedabad,Mumbai,Medium,Textiles,11.5,533.1,15498,2024-09-30,VRL Logistics
SHP04368,Ahmedabad,Mumbai,Medium,Electronics,15.8,531.3,21306,2024-09-30,TCI Freight
SHP04369,Kolkata,Bhubaneswar,Medium,Packaged Foods,17.3,437.6,18611,2024-09-30,Western Carriers
SHP04370,Kolkata,Bhubaneswar,Medium,Steel Coils,18.9,444.0,20852,2024-09-30,TCI Freight
SHP04371,Kolkata,Bhubaneswar,Medium,Steel Coils,20.0,439.2,22067,2024-09-30,Shivam Freight Co
SHP04372,Bangalore,Hyderabad,Medium,Electronics,19.5,573.7,27865,2024-09-30,Shivam Freight Co
SHP04373,Bangalore,Hyderabad,Medium,FMCG,19.7,570.6,27356,2024-09-30,Om Sai Transport
SHP04374,Mumbai,Delhi,Long,Electronics,16.8,1419.3,47036,2024-09-30,SafeExpress
SHP04375,Delhi,Kolkata,Long,Textiles,11.2,1509.5,34305,2024-09-30,Western Carriers
SHP04376,Delhi,Kolkata,Long,Packaged Foods,13.6,1509.2,41706,2024-09-30,Om Sai Transport
SHP04377,Mumbai,Pune,Short,Chemicals,20.5,147.1,9103,2024-10-01,TCI Freight
SHP04378,Delhi,Jaipur,Short,Automobile Parts,13.1,283.2,10946,2024-10-01,TCI Freight
SHP04379,Chennai,Bangalore,Short,Automobile Parts,19.3,349.9,17906,2024-10-01,SafeExpress
SHP04380,Chennai,Bangalore,Short,Textiles,14.9,350.9,14214,2024-10-01,SafeExpress
SHP04381,Ahmedabad,Mumbai,Medium,FMCG,12.5,526.2,15587,2024-10-01,VRL Logistics
SHP04382,Ahmedabad,Mumbai,Medium,Textiles,14.6,526.5,18327,2024-10-01,SafeExpress
SHP04383,Kolkata,Bhubaneswar,Medium,Chemicals,15.7,442.9,17464,2024-10-01,SafeExpress
SHP04384,Bangalore,Hyderabad,Medium,FMCG,11.0,569.0,14843,2024-10-01,VRL Logistics
SHP04385,Mumbai,Delhi,Long,Chemicals,19.2,1419.1,56269,2024-10-01,Om Sai Transport
SHP04386,Mumbai,Delhi,Long,FMCG,17.3,1421.1,50985,2024-10-01,VRL Logistics
SHP04387,Mumbai,Delhi,Long,Steel Coils,14.5,1422.5,42100,2024-10-01,TCI Freight
SHP04388,Delhi,Kolkata,Long,Electronics,15.0,1511.9,44093,2024-10-01,Om Sai Transport
SHP04389,Mumbai,Pune,Short,Chemicals,23.9,152.2,11021,2024-10-02,SafeExpress
SHP04390,Mumbai,Pune,Short,Steel Coils,12.7,149.8,5917,2024-10-02,TCI Freight
SHP04391,Delhi,Jaipur,Short,Textiles,24.4,282.0,19349,2024-10-02,VRL Logistics
SHP04392,Delhi,Jaipur,Short,Electronics,21.1,279.0,16566,2024-10-02,SafeExpress
SHP04393,Chennai,Bangalore,Short,FMCG,11.4,347.2,10646,2024-10-02,TCI Freight
SHP04394,Ahmedabad,Mumbai,Medium,Steel Coils,22.4,529.7,28665,2024-10-02,Western Carriers
SHP04395,Ahmedabad,Mumbai,Medium,Steel Coils,10.2,526.1,13021,2024-10-02,SafeExpress
SHP04396,Ahmedabad,Mumbai,Medium,Steel Coils,16.5,530.0,21025,2024-10-02,Shivam Freight Co
SHP04397,Kolkata,Bhubaneswar,Medium,Chemicals,10.9,440.0,12241,2024-10-02,SafeExpress
SHP04398,Kolkata,Bhubaneswar,Medium,Packaged Foods,11.3,443.7,12535,2024-10-02,VRL Logistics
SHP04399,Bangalore,Hyderabad,Medium,Steel Coils,16.5,568.0,21973,2024-10-02,Western Carriers
SHP04400,Mumbai,Delhi,Long,Packaged Foods,18.2,1419.9,51818,2024-10-02,Shivam Freight Co
SHP04401,Delhi,Kolkata,Long,Textiles,14.8,1511.0,44676,2024-10-02,SafeExpress
SHP04402,Delhi,Kolkata,Long,FMCG,16.1,1512.7,49139,2024-10-02,Shivam Freight Co
SHP04403,Mumbai,Pune,Short,FMCG,19.8,152.6,8779,2024-10-03,Western Carriers
SHP04404,Mumbai,Pune,Short,Electronics,24.1,146.6,10239,2024-10-03,Om Sai Transport
SHP04405,Delhi,Jaipur,Short,Chemicals,12.9,276.4,10082,2024-10-03,SafeExpress
SHP04406,Chennai,Bangalore,Short,Electronics,15.0,351.5,14941,2024-10-03,VRL Logistics
SHP04407,Chennai,Bangalore,Short,Packaged Foods,12.1,353.3,11918,2024-10-03,Shivam Freight Co
SHP04408,Chennai,Bangalore,Short,Automobile Parts,12.3,348.3,11999,2024-10-03,Shivam Freight Co
SHP04409,Ahmedabad,Mumbai,Medium,Packaged Foods,21.1,528.0,26716,2024-10-03,Shivam Freight Co
SHP04410,Kolkata,Bhubaneswar,Medium,Chemicals,13.7,439.4,15702,2024-10-03,Om Sai Transport
SHP04411,Kolkata,Bhubaneswar,Medium,Packaged Foods,22.8,437.0,25403,2024-10-03,VRL Logistics
SHP04412,Bangalore,Hyderabad,Medium,Automobile Parts,20.0,567.0,26294,2024-10-03,Om Sai Transport
SHP04413,Bangalore,Hyderabad,Medium,Chemicals,11.4,571.2,15477,2024-10-03,Shivam Freight Co
SHP04414,Bangalore,Hyderabad,Medium,Chemicals,11.7,572.8,15641,2024-10-03,VRL Logistics
SHP04415,Mumbai,Delhi,Long,Steel Coils,13.4,1416.8,37742,2024-10-03,TCI Freight
SHP04416,Mumbai,Delhi,Long,Steel Coils,24.6,1419.0,71145,2024-10-03,Om Sai Transport
SHP04417,Mumbai,Delhi,Long,Automobile Parts,13.8,1421.9,40049,2024-10-03,Western Carriers
SHP04418,Delhi,Kolkata,Long,FMCG,12.8,1507.7,37943,2024-10-03,VRL Logistics
SHP04419,Mumbai,Pune,Short,Automobile Parts,12.6,152.3,5814,2024-10-04,SafeExpress
SHP04420,Mumbai,Pune,Short,FMCG,12.6,147.5,5512,2024-10-04,TCI Freight
SHP04421,Delhi,Jaipur,Short,Electronics,16.8,279.5,14323,2024-10-04,Om Sai Transport
SHP04422,Chennai,Bangalore,Short,Automobile Parts,19.4,350.4,18205,2024-10-04,Om Sai Transport
SHP04423,Chennai,Bangalore,Short,Electronics,22.5,348.8,20945,2024-10-04,Om Sai Transport
SHP04424,Chennai,Bangalore,Short,FMCG,24.7,354.0,23633,2024-10-04,VRL Logistics
SHP04425,Ahmedabad,Mumbai,Medium,Steel Coils,21.5,528.1,27800,2024-10-04,VRL Logistics
SHP04426,Kolkata,Bhubaneswar,Medium,Textiles,19.3,440.1,21529,2024-10-04,Shivam Freight Co
SHP04427,Kolkata,Bhubaneswar,Medium,Steel Coils,21.7,438.1,24051,2024-10-04,SafeExpress
SHP04428,Kolkata,Bhubaneswar,Medium,Automobile Parts,20.5,442.8,22770,2024-10-04,VRL Logistics
SHP04429,Bangalore,Hyderabad,Medium,Steel Coils,14.8,569.5,20522,2024-10-04,TCI Freight
SHP04430,Bangalore,Hyderabad,Medium,Steel Coils,20.3,570.6,28992,2024-10-04,Western Carriers
SHP04431,Mumbai,Delhi,Long,Textiles,15.1,1420.4,44523,2024-10-04,Om Sai Transport
SHP04432,Mumbai,Delhi,Long,Automobile Parts,20.6,1423.0,62670,2024-10-04,TCI Freight
SHP04433,Mumbai,Delhi,Long,Steel Coils,11.5,1417.2,34139,2024-10-04,Western Carriers
SHP04434,Delhi,Kolkata,Long,Electronics,16.3,1511.6,48556,2024-10-04,TCI Freight
SHP04435,Delhi,Kolkata,Long,Electronics,14.9,1513.4,44467,2024-10-04,VRL Logistics
SHP04436,Delhi,Kolkata,Long,Steel Coils,14.9,1509.3,45310,2024-10-04,Western Carriers
SHP04437,Mumbai,Pune,Short,Textiles,15.9,152.3,7310,2024-10-05,TCI Freight
SHP04438,Mumbai,Pune,Short,FMCG,19.6,149.8,8890,2024-10-05,TCI Freight
SHP04439,Delhi,Jaipur,Short,Chemicals,15.3,279.3,12682,2024-10-05,Shivam Freight Co
SHP04440,Chennai,Bangalore,Short,Steel Coils,20.4,351.2,18915,2024-10-05,Shivam Freight Co
SHP04441,Chennai,Bangalore,Short,Packaged Foods,13.1,350.0,12126,2024-10-05,SafeExpress
SHP04442,Chennai,Bangalore,Short,Packaged Foods,21.6,351.5,20603,2024-10-05,VRL Logistics
SHP04443,Ahmedabad,Mumbai,Medium,Packaged Foods,24.4,532.5,32418,2024-10-05,TCI Freight
SHP04444,Ahmedabad,Mumbai,Medium,Steel Coils,15.8,533.2,20499,2024-10-05,Shivam Freight Co
SHP04445,Kolkata,Bhubaneswar,Medium,FMCG,16.0,443.8,17149,2024-10-05,VRL Logistics
SHP04446,Bangalore,Hyderabad,Medium,Steel Coils,14.8,569.2,20379,2024-10-05,Western Carriers
SHP04447,Bangalore,Hyderabad,Medium,FMCG,22.5,570.6,30915,2024-10-05,Western Carriers
SHP04448,Mumbai,Delhi,Long,Automobile Parts,22.2,1417.6,63977,2024-10-05,Om Sai Transport
SHP04449,Mumbai,Delhi,Long,Electronics,18.8,1422.0,54799,2024-10-05,VRL Logistics
SHP04450,Delhi,Kolkata,Long,Packaged Foods,13.9,1512.6,41383,2024-10-05,Western Carriers
SHP04451,Delhi,Kolkata,Long,Automobile Parts,19.6,1506.9,57803,2024-10-05,Western Carriers
SHP04452,Mumbai,Pune,Short,Packaged Foods,16.1,146.7,7134,2024-10-06,SafeExpress
SHP04453,Mumbai,Pune,Short,Steel Coils,18.3,151.5,8121,2024-10-06,TCI Freight
SHP04454,Delhi,Jaipur,Short,FMCG,11.6,283.6,9421,2024-10-06,TCI Freight
SHP04455,Chennai,Bangalore,Short,Electronics,13.7,352.2,12945,2024-10-06,TCI Freight
SHP04456,Chennai,Bangalore,Short,Steel Coils,21.3,346.3,19469,2024-10-06,VRL Logistics
SHP04457,Ahmedabad,Mumbai,Medium,Electronics,20.0,529.8,27051,2024-10-06,Om Sai Transport
SHP04458,Kolkata,Bhubaneswar,Medium,Chemicals,11.5,440.3,12769,2024-10-06,TCI Freight
SHP04459,Kolkata,Bhubaneswar,Medium,Packaged Foods,14.0,442.4,16054,2024-10-06,SafeExpress
SHP04460,Bangalore,Hyderabad,Medium,Packaged Foods,24.9,566.3,34382,2024-10-06,Shivam Freight Co
SHP04461,Mumbai,Delhi,Long,Packaged Foods,20.7,1420.6,60314,2024-10-06,Shivam Freight Co
SHP04462,Mumbai,Delhi,Long,Steel Coils,14.7,1416.4,43105,2024-10-06,Shivam Freight Co
SHP04463,Delhi,Kolkata,Long,Packaged Foods,16.3,1512.6,48116,2024-10-06,SafeExpress
SHP04464,Delhi,Kolkata,Long,Packaged Foods,25.0,1513.3,74813,2024-10-06,TCI Freight
SHP04465,Delhi,Kolkata,Long,FMCG,13.7,1510.8,39951,2024-10-06,Om Sai Transport
SHP04466,Mumbai,Pune,Short,Steel Coils,14.5,153.5,6517,2024-10-07,Shivam Freight Co
SHP04467,Mumbai,Pune,Short,Electronics,13.0,147.7,5660,2024-10-07,SafeExpress
SHP04468,Mumbai,Pune,Short,Chemicals,20.1,150.5,8938,2024-10-07,Shivam Freight Co
SHP04469,Delhi,Jaipur,Short,Packaged Foods,11.2,279.1,9163,2024-10-07,Western Carriers
SHP04470,Delhi,Jaipur,Short,Steel Coils,21.9,283.1,17690,2024-10-07,Western Carriers
SHP04471,Delhi,Jaipur,Short,FMCG,20.2,276.8,16479,2024-10-07,Shivam Freight Co
SHP04472,Chennai,Bangalore,Short,Chemicals,20.0,353.2,19608,2024-10-07,TCI Freight
SHP04473,Chennai,Bangalore,Short,Steel Coils,11.3,352.4,11093,2024-10-07,TCI Freight
SHP04474,Ahmedabad,Mumbai,Medium,Electronics,12.1,528.4,15617,2024-10-07,Shivam Freight Co
SHP04475,Ahmedabad,Mumbai,Medium,Automobile Parts,19.1,532.2,25310,2024-10-07,TCI Freight
SHP04476,Ahmedabad,Mumbai,Medium,Steel Coils,15.7,528.9,20587,2024-10-07,TCI Freight
SHP04477,Kolkata,Bhubaneswar,Medium,Automobile Parts,11.2,442.3,12268,2024-10-07,VRL Logistics
SHP04478,Kolkata,Bhubaneswar,Medium,Packaged Foods,11.7,440.9,12809,2024-10-07,TCI Freight
SHP04479,Kolkata,Bhubaneswar,Medium,Packaged Foods,12.5,444.0,13595,2024-10-07,VRL Logistics
SHP04480,Bangalore,Hyderabad,Medium,Steel Coils,13.6,566.6,18561,2024-10-07,VRL Logistics
SHP04481,Mumbai,Delhi,Long,Packaged Foods,24.5,1421.3,68590,2024-10-07,SafeExpress
SHP04482,Mumbai,Delhi,Long,Textiles,22.2,1420.4,62493,2024-10-07,Om Sai Transport
SHP04483,Mumbai,Delhi,Long,Packaged Foods,17.5,1422.1,49271,2024-10-07,Shivam Freight Co
SHP04484,Delhi,Kolkata,Long,Electronics,20.8,1508.3,60318,2024-10-07,SafeExpress
SHP04485,Delhi,Kolkata,Long,Chemicals,19.0,1510.7,56418,2024-10-07,TCI Freight
SHP04486,Mumbai,Pune,Short,Chemicals,19.1,149.4,8776,2024-10-08,Om Sai Transport
SHP04487,Mumbai,Pune,Short,Electronics,10.5,153.8,4887,2024-10-08,Western Carriers
SHP04488,Delhi,Jaipur,Short,Steel Coils,24.1,279.6,20489,2024-10-08,VRL Logistics
SHP04489,Delhi,Jaipur,Short,FMCG,17.6,278.9,14908,2024-10-08,Om Sai Transport
SHP04490,Chennai,Bangalore,Short,FMCG,12.3,346.7,11646,2024-10-08,Western Carriers
SHP04491,Chennai,Bangalore,Short,FMCG,15.5,348.9,14683,2024-10-08,Shivam Freight Co
SHP04492,Chennai,Bangalore,Short,FMCG,20.0,349.8,18859,2024-10-08,Western Carriers
SHP04493,Ahmedabad,Mumbai,Medium,Chemicals,10.1,532.7,13687,2024-10-08,Western Carriers
SHP04494,Kolkata,Bhubaneswar,Medium,Chemicals,13.9,442.9,15993,2024-10-08,SafeExpress
SHP04495,Kolkata,Bhubaneswar,Medium,Electronics,11.5,442.2,12802,2024-10-08,SafeExpress
SHP04496,Bangalore,Hyderabad,Medium,FMCG,14.1,566.5,19426,2024-10-08,Shivam Freight Co
SHP04497,Bangalore,Hyderabad,Medium,Automobile Parts,18.0,569.9,24003,2024-10-08,Om Sai Transport
SHP04498,Bangalore,Hyderabad,Medium,FMCG,20.8,567.5,27749,2024-10-08,Western Carriers
SHP04499,Mumbai,Delhi,Long,Steel Coils,12.2,1417.1,34270,2024-10-08,VRL Logistics
SHP04500,Delhi,Kolkata,Long,Textiles,23.0,1509.8,67492,2024-10-08,TCI Freight
SHP04501,Delhi,Kolkata,Long,Packaged Foods,14.5,1510.7,41682,2024-10-08,Shivam Freight Co
SHP04502,Mumbai,Pune,Short,Textiles,19.1,148.1,8469,2024-10-09,Shivam Freight Co
SHP04503,Mumbai,Pune,Short,Packaged Foods,24.0,151.6,10996,2024-10-09,VRL Logistics
SHP04504,Mumbai,Pune,Short,Steel Coils,24.5,147.6,11191,2024-10-09,Om Sai Transport
SHP04505,Delhi,Jaipur,Short,Automobile Parts,23.9,280.7,19711,2024-10-09,VRL Logistics
SHP04506,Delhi,Jaipur,Short,Automobile Parts,20.5,276.9,17125,2024-10-09,TCI Freight
SHP04507,Delhi,Jaipur,Short,Steel Coils,19.0,283.8,16138,2024-10-09,Shivam Freight Co
SHP04508,Chennai,Bangalore,Short,Packaged Foods,11.1,346.1,10492,2024-10-09,TCI Freight
SHP04509,Chennai,Bangalore,Short,Steel Coils,23.0,348.3,21920,2024-10-09,VRL Logistics
SHP04510,Chennai,Bangalore,Short,FMCG,15.0,346.6,14123,2024-10-09,TCI Freight
SHP04511,Ahmedabad,Mumbai,Medium,Automobile Parts,13.9,533.4,18427,2024-10-09,SafeExpress
SHP04512,Kolkata,Bhubaneswar,Medium,Chemicals,10.5,437.0,11137,2024-10-09,Western Carriers
SHP04513,Kolkata,Bhubaneswar,Medium,Steel Coils,19.2,440.4,20472,2024-10-09,VRL Logistics
SHP04514,Kolkata,Bhubaneswar,Medium,Packaged Foods,23.7,440.0,25885,2024-10-09,Western Carriers
SHP04515,Bangalore,Hyderabad,Medium,Packaged Foods,21.6,570.5,30658,2024-10-09,Om Sai Transport
SHP04516,Bangalore,Hyderabad,Medium,Automobile Parts,19.3,572.6,27754,2024-10-09,VRL Logistics
SHP04517,Mumbai,Delhi,Long,Textiles,16.0,1422.6,48013,2024-10-09,VRL Logistics
SHP04518,Delhi,Kolkata,Long,Textiles,21.8,1513.3,66432,2024-10-09,Western Carriers
SHP04519,Delhi,Kolkata,Long,Chemicals,18.2,1512.1,54724,2024-10-09,Western Carriers
SHP04520,Mumbai,Pune,Short,Electronics,16.4,150.8,7237,2024-10-10,VRL Logistics
SHP04521,Mumbai,Pune,Short,Chemicals,12.3,148.9,5353,2024-10-10,SafeExpress
SHP04522,Delhi,Jaipur,Short,Steel Coils,15.8,281.8,12712,2024-10-10,Om Sai Transport
SHP04523,Chennai,Bangalore,Short,Textiles,23.4,349.0,22020,2024-10-10,Om Sai Transport
SHP04524,Chennai,Bangalore,Short,Electronics,11.4,349.6,10807,2024-10-10,TCI Freight
SHP04525,Ahmedabad,Mumbai,Medium,Electronics,10.9,533.2,13792,2024-10-10,Shivam Freight Co
SHP04526,Ahmedabad,Mumbai,Medium,Chemicals,12.9,530.1,16466,2024-10-10,TCI Freight
SHP04527,Ahmedabad,Mumbai,Medium,Textiles,19.2,527.3,24064,2024-10-10,VRL Logistics
SHP04528,Kolkata,Bhubaneswar,Medium,FMCG,12.7,442.9,14198,2024-10-10,Shivam Freight Co
SHP04529,Kolkata,Bhubaneswar,Medium,Steel Coils,20.1,440.3,21843,2024-10-10,VRL Logistics
SHP04530,Bangalore,Hyderabad,Medium,Automobile Parts,21.5,570.1,28581,2024-10-10,Western Carriers
SHP04531,Bangalore,Hyderabad,Medium,Steel Coils,11.7,567.0,15505,2024-10-10,SafeExpress
SHP04532,Mumbai,Delhi,Long,Chemicals,14.7,1420.3,42683,2024-10-10,Shivam Freight Co
SHP04533,Mumbai,Delhi,Long,Automobile Parts,22.5,1419.1,66016,2024-10-10,Shivam Freight Co
SHP04534,Delhi,Kolkata,Long,Steel Coils,10.9,1509.0,32870,2024-10-10,Om Sai Transport
SHP04535,Mumbai,Pune,Short,Steel Coils,20.1,152.4,9199,2024-10-11,Om Sai Transport
SHP04536,Mumbai,Pune,Short,FMCG,14.8,152.8,6859,2024-10-11,Om Sai Transport
SHP04537,Mumbai,Pune,Short,FMCG,13.4,150.2,6041,2024-10-11,Om Sai Transport
SHP04538,Delhi,Jaipur,Short,Packaged Foods,23.2,277.5,19201,2024-10-11,SafeExpress
SHP04539,Delhi,Jaipur,Short,Chemicals,17.3,277.3,14498,2024-10-11,Om Sai Transport
SHP04540,Chennai,Bangalore,Short,FMCG,16.1,348.4,15756,2024-10-11,Om Sai Transport
SHP04541,Ahmedabad,Mumbai,Medium,Automobile Parts,18.9,531.5,25613,2024-10-11,TCI Freight
SHP04542,Ahmedabad,Mumbai,Medium,Automobile Parts,22.9,527.7,30732,2024-10-11,Om Sai Transport
SHP04543,Kolkata,Bhubaneswar,Medium,Steel Coils,24.6,442.0,27552,2024-10-11,TCI Freight
SHP04544,Kolkata,Bhubaneswar,Medium,FMCG,10.7,437.3,12054,2024-10-11,VRL Logistics
SHP04545,Bangalore,Hyderabad,Medium,Packaged Foods,11.4,566.4,15090,2024-10-11,TCI Freight
SHP04546,Mumbai,Delhi,Long,Automobile Parts,19.3,1417.7,55191,2024-10-11,Shivam Freight Co
SHP04547,Delhi,Kolkata,Long,Electronics,10.3,1506.5,31488,2024-10-11,VRL Logistics
SHP04548,Mumbai,Pune,Short,Electronics,22.6,147.2,9889,2024-10-12,Western Carriers
SHP04549,Mumbai,Pune,Short,Textiles,17.4,148.2,7708,2024-10-12,VRL Logistics
SHP04550,Delhi,Jaipur,Short,FMCG,16.7,276.0,14259,2024-10-12,Om Sai Transport
SHP04551,Delhi,Jaipur,Short,Electronics,14.3,277.8,12184,2024-10-12,Om Sai Transport
SHP04552,Chennai,Bangalore,Short,Automobile Parts,15.8,346.7,14811,2024-10-12,TCI Freight
SHP04553,Ahmedabad,Mumbai,Medium,FMCG,14.3,528.7,18997,2024-10-12,Om Sai Transport
SHP04554,Ahmedabad,Mumbai,Medium,Textiles,21.7,529.6,28173,2024-10-12,VRL Logistics
SHP04555,Kolkata,Bhubaneswar,Medium,Automobile Parts,11.6,441.6,12362,2024-10-12,SafeExpress
SHP04556,Kolkata,Bhubaneswar,Medium,Packaged Foods,16.3,439.4,17528,2024-10-12,VRL Logistics
SHP04557,Kolkata,Bhubaneswar,Medium,Automobile Parts,17.1,437.4,18649,2024-10-12,Shivam Freight Co
SHP04558,Bangalore,Hyderabad,Medium,Textiles,11.3,567.3,15160,2024-10-12,SafeExpress
SHP04559,Bangalore,Hyderabad,Medium,Electronics,16.1,570.4,21177,2024-10-12,TCI Freight
SHP04560,Bangalore,Hyderabad,Medium,Packaged Foods,12.0,566.5,15673,2024-10-12,SafeExpress
SHP04561,Mumbai,Delhi,Long,FMCG,16.6,1421.4,48088,2024-10-12,SafeExpress
SHP04562,Mumbai,Delhi,Long,Steel Coils,13.1,1421.1,37727,2024-10-12,Om Sai Transport
SHP04563,Mumbai,Delhi,Long,Steel Coils,11.8,1421.5,34143,2024-10-12,Shivam Freight Co
SHP04564,Delhi,Kolkata,Long,Chemicals,17.8,1512.5,54563,2024-10-12,VRL Logistics
SHP04565,Delhi,Kolkata,Long,Textiles,23.7,1509.3,71907,2024-10-12,Om Sai Transport
SHP04566,Mumbai,Pune,Short,Automobile Parts,10.4,146.2,4636,2024-10-13,VRL Logistics
SHP04567,Delhi,Jaipur,Short,Steel Coils,18.1,280.6,15476,2024-10-13,Om Sai Transport
SHP04568,Chennai,Bangalore,Short,Electronics,13.9,347.7,13369,2024-10-13,Western Carriers
SHP04569,Ahmedabad,Mumbai,Medium,FMCG,13.1,529.0,17300,2024-10-13,TCI Freight
SHP04570,Ahmedabad,Mumbai,Medium,Steel Coils,11.5,531.7,15078,2024-10-13,Western Carriers
SHP04571,Kolkata,Bhubaneswar,Medium,Steel Coils,23.2,440.6,25387,2024-10-13,TCI Freight
SHP04572,Kolkata,Bhubaneswar,Medium,Electronics,11.4,437.1,12594,2024-10-13,Shivam Freight Co
SHP04573,Bangalore,Hyderabad,Medium,Automobile Parts,16.4,567.3,22562,2024-10-13,SafeExpress
SHP04574,Bangalore,Hyderabad,Medium,Textiles,23.2,572.9,32984,2024-10-13,Shivam Freight Co
SHP04575,Mumbai,Delhi,Long,Steel Coils,14.2,1417.5,42764,2024-10-13,Om Sai Transport
SHP04576,Mumbai,Delhi,Long,Textiles,22.5,1419.9,67154,2024-10-13,SafeExpress
SHP04577,Delhi,Kolkata,Long,Automobile Parts,16.6,1508.1,49994,2024-10-13,Om Sai Transport
SHP04578,Delhi,Kolkata,Long,Electronics,22.2,1507.3,67590,2024-10-13,VRL Logistics
SHP04579,Mumbai,Pune,Short,Automobile Parts,19.4,148.5,8749,2024-10-14,TCI Freight
SHP04580,Delhi,Jaipur,Short,FMCG,15.7,279.4,12870,2024-10-14,Shivam Freight Co
SHP04581,Delhi,Jaipur,Short,FMCG,20.1,277.1,16301,2024-10-14,Om Sai Transport
SHP04582,Delhi,Jaipur,Short,Steel Coils,23.1,282.0,18948,2024-10-14,TCI Freight
SHP04583,Chennai,Bangalore,Short,FMCG,10.3,348.6,10114,2024-10-14,Om Sai Transport
SHP04584,Chennai,Bangalore,Short,Packaged Foods,23.2,348.1,23136,2024-10-14,Om Sai Transport
SHP04585,Chennai,Bangalore,Short,Electronics,14.5,350.6,14565,2024-10-14,VRL Logistics
SHP04586,Ahmedabad,Mumbai,Medium,Automobile Parts,12.9,527.2,17331,2024-10-14,TCI Freight
SHP04587,Kolkata,Bhubaneswar,Medium,Packaged Foods,20.5,443.5,23604,2024-10-14,VRL Logistics
SHP04588,Kolkata,Bhubaneswar,Medium,Automobile Parts,24.6,443.3,28305,2024-10-14,Om Sai Transport
SHP04589,Kolkata,Bhubaneswar,Medium,Electronics,23.0,439.0,25759,2024-10-14,Shivam Freight Co
SHP04590,Bangalore,Hyderabad,Medium,Textiles,19.2,567.8,25718,2024-10-14,SafeExpress
SHP04591,Mumbai,Delhi,Long,Steel Coils,12.9,1422.2,37954,2024-10-14,Western Carriers
SHP04592,Delhi,Kolkata,Long,Automobile Parts,14.0,1511.6,40479,2024-10-14,SafeExpress
SHP04593,Delhi,Kolkata,Long,Steel Coils,20.9,1509.2,60205,2024-10-14,SafeExpress
SHP04594,Delhi,Kolkata,Long,FMCG,20.1,1511.0,59949,2024-10-14,TCI Freight
SHP04595,Mumbai,Pune,Short,FMCG,24.8,146.9,11048,2024-10-15,Om Sai Transport
SHP04596,Delhi,Jaipur,Short,Chemicals,20.8,283.1,16890,2024-10-15,VRL Logistics
SHP04597,Chennai,Bangalore,Short,FMCG,23.0,352.2,21519,2024-10-15,Om Sai Transport
SHP04598,Chennai,Bangalore,Short,Packaged Foods,16.8,349.4,15829,2024-10-15,TCI Freight
SHP04599,Ahmedabad,Mumbai,Medium,Electronics,16.1,530.3,20682,2024-10-15,Shivam Freight Co
SHP04600,Ahmedabad,Mumbai,Medium,Electronics,15.7,531.6,20321,2024-10-15,Western Carriers
SHP04601,Ahmedabad,Mumbai,Medium,Chemicals,23.8,528.0,30643,2024-10-15,Om Sai Transport
SHP04602,Kolkata,Bhubaneswar,Medium,Packaged Foods,14.2,443.3,15419,2024-10-15,Shivam Freight Co
SHP04603,Kolkata,Bhubaneswar,Medium,FMCG,12.2,442.9,13187,2024-10-15,Shivam Freight Co
SHP04604,Bangalore,Hyderabad,Medium,FMCG,22.4,569.0,31927,2024-10-15,Shivam Freight Co
SHP04605,Mumbai,Delhi,Long,Chemicals,11.6,1418.3,32668,2024-10-15,Western Carriers
SHP04606,Mumbai,Delhi,Long,Packaged Foods,20.6,1421.5,57478,2024-10-15,Om Sai Transport
SHP04607,Delhi,Kolkata,Long,Packaged Foods,19.6,1510.1,61355,2024-10-15,VRL Logistics
SHP04608,Delhi,Kolkata,Long,Textiles,11.0,1508.0,33778,2024-10-15,Om Sai Transport
SHP04609,Delhi,Kolkata,Long,Textiles,16.1,1506.5,50608,2024-10-15,Shivam Freight Co
SHP04610,Mumbai,Pune,Short,Chemicals,19.5,147.5,8587,2024-10-16,Western Carriers
SHP04611,Mumbai,Pune,Short,Chemicals,14.7,147.7,6539,2024-10-16,Shivam Freight Co
SHP04612,Delhi,Jaipur,Short,Textiles,11.5,281.1,9327,2024-10-16,SafeExpress
SHP04613,Delhi,Jaipur,Short,Automobile Parts,11.6,278.3,9478,2024-10-16,TCI Freight
SHP04614,Delhi,Jaipur,Short,Packaged Foods,11.4,278.1,9339,2024-10-16,Om Sai Transport
SHP04615,Chennai,Bangalore,Short,Chemicals,23.5,346.8,22959,2024-10-16,Western Carriers
SHP04616,Chennai,Bangalore,Short,Packaged Foods,17.3,351.6,16845,2024-10-16,Shivam Freight Co
SHP04617,Chennai,Bangalore,Short,FMCG,23.9,348.9,23395,2024-10-16,TCI Freight
SHP04618,Ahmedabad,Mumbai,Medium,Automobile Parts,18.6,526.7,25012,2024-10-16,SafeExpress
SHP04619,Kolkata,Bhubaneswar,Medium,Automobile Parts,13.0,441.7,14060,2024-10-16,Shivam Freight Co
SHP04620,Kolkata,Bhubaneswar,Medium,Packaged Foods,10.6,439.8,11471,2024-10-16,VRL Logistics
SHP04621,Kolkata,Bhubaneswar,Medium,Textiles,18.0,443.8,19700,2024-10-16,VRL Logistics
SHP04622,Bangalore,Hyderabad,Medium,Steel Coils,16.3,570.7,22464,2024-10-16,TCI Freight
SHP04623,Mumbai,Delhi,Long,Chemicals,24.8,1423.6,72035,2024-10-16,TCI Freight
SHP04624,Mumbai,Delhi,Long,Steel Coils,12.4,1417.3,35603,2024-10-16,Shivam Freight Co
SHP04625,Delhi,Kolkata,Long,Textiles,18.4,1509.9,54496,2024-10-16,TCI Freight
SHP04626,Delhi,Kolkata,Long,Automobile Parts,23.9,1512.5,71951,2024-10-16,TCI Freight
SHP04627,Delhi,Kolkata,Long,Steel Coils,10.1,1513.0,30962,2024-10-16,Shivam Freight Co
SHP04628,Mumbai,Pune,Short,Steel Coils,12.4,148.7,5487,2024-10-17,SafeExpress
SHP04629,Mumbai,Pune,Short,Electronics,16.4,152.0,7340,2024-10-17,Om Sai Transport
SHP04630,Mumbai,Pune,Short,Electronics,11.0,148.0,4757,2024-10-17,Western Carriers
SHP04631,Delhi,Jaipur,Short,Automobile Parts,17.8,277.0,14414,2024-10-17,Shivam Freight Co
SHP04632,Delhi,Jaipur,Short,FMCG,10.1,283.7,8245,2024-10-17,Om Sai Transport
SHP04633,Chennai,Bangalore,Short,Electronics,18.5,350.3,18273,2024-10-17,Shivam Freight Co
SHP04634,Ahmedabad,Mumbai,Medium,Automobile Parts,20.7,530.4,26762,2024-10-17,SafeExpress
SHP04635,Kolkata,Bhubaneswar,Medium,Chemicals,11.7,443.6,13148,2024-10-17,VRL Logistics
SHP04636,Kolkata,Bhubaneswar,Medium,Electronics,11.9,437.1,13100,2024-10-17,TCI Freight
SHP04637,Kolkata,Bhubaneswar,Medium,Packaged Foods,13.0,443.4,14545,2024-10-17,Shivam Freight Co
SHP04638,Bangalore,Hyderabad,Medium,FMCG,10.7,567.2,14307,2024-10-17,VRL Logistics
SHP04639,Mumbai,Delhi,Long,Packaged Foods,17.3,1421.4,50090,2024-10-17,VRL Logistics
SHP04640,Mumbai,Delhi,Long,Electronics,17.3,1421.9,49976,2024-10-17,SafeExpress
SHP04641,Delhi,Kolkata,Long,Automobile Parts,22.5,1512.1,70821,2024-10-17,Shivam Freight Co
SHP04642,Mumbai,Pune,Short,Chemicals,11.6,151.0,5282,2024-10-18,SafeExpress
SHP04643,Mumbai,Pune,Short,Automobile Parts,16.0,148.8,7296,2024-10-18,VRL Logistics
SHP04644,Mumbai,Pune,Short,Chemicals,19.1,146.3,8534,2024-10-18,Om Sai Transport
SHP04645,Delhi,Jaipur,Short,Steel Coils,19.2,276.1,15270,2024-10-18,VRL Logistics
SHP04646,Delhi,Jaipur,Short,Electronics,24.8,283.6,20270,2024-10-18,VRL Logistics
SHP04647,Chennai,Bangalore,Short,FMCG,24.4,351.0,22829,2024-10-18,Shivam Freight Co
SHP04648,Chennai,Bangalore,Short,Chemicals,21.4,350.6,20049,2024-10-18,Western Carriers
SHP04649,Ahmedabad,Mumbai,Medium,Automobile Parts,14.3,528.9,18112,2024-10-18,Shivam Freight Co
SHP04650,Kolkata,Bhubaneswar,Medium,Textiles,19.6,439.9,21556,2024-10-18,Shivam Freight Co
SHP04651,Kolkata,Bhubaneswar,Medium,Electronics,11.4,442.0,12575,2024-10-18,Om Sai Transport
SHP04652,Bangalore,Hyderabad,Medium,Chemicals,12.0,570.0,16237,2024-10-18,Western Carriers
SHP04653,Mumbai,Delhi,Long,FMCG,23.6,1422.8,67898,2024-10-18,TCI Freight
SHP04654,Mumbai,Delhi,Long,Chemicals,13.0,1423.3,36998,2024-10-18,TCI Freight
SHP04655,Delhi,Kolkata,Long,Textiles,11.3,1509.9,34128,2024-10-18,TCI Freight
SHP04656,Delhi,Kolkata,Long,Automobile Parts,18.6,1509.2,57586,2024-10-18,Om Sai Transport
SHP04657,Mumbai,Pune,Short,FMCG,16.2,150.0,7536,2024-10-19,VRL Logistics
SHP04658,Mumbai,Pune,Short,Steel Coils,13.6,151.4,6264,2024-10-19,Shivam Freight Co
SHP04659,Mumbai,Pune,Short,FMCG,24.2,153.5,11547,2024-10-19,Western Carriers
SHP04660,Delhi,Jaipur,Short,Chemicals,17.8,277.2,14365,2024-10-19,VRL Logistics
SHP04661,Delhi,Jaipur,Short,Electronics,23.3,278.1,19315,2024-10-19,SafeExpress
SHP04662,Chennai,Bangalore,Short,Electronics,22.2,346.0,21500,2024-10-19,Western Carriers
SHP04663,Chennai,Bangalore,Short,Packaged Foods,10.3,351.3,10008,2024-10-19,Shivam Freight Co
SHP04664,Ahmedabad,Mumbai,Medium,Packaged Foods,10.3,529.0,12974,2024-10-19,TCI Freight
SHP04665,Ahmedabad,Mumbai,Medium,Automobile Parts,14.2,532.1,18531,2024-10-19,Shivam Freight Co
SHP04666,Ahmedabad,Mumbai,Medium,Electronics,19.8,529.2,25603,2024-10-19,Western Carriers
SHP04667,Kolkata,Bhubaneswar,Medium,Steel Coils,16.3,438.6,18227,2024-10-19,SafeExpress
SHP04668,Bangalore,Hyderabad,Medium,Electronics,11.3,572.5,15342,2024-10-19,Shivam Freight Co
SHP04669,Mumbai,Delhi,Long,Automobile Parts,18.8,1422.6,54164,2024-10-19,TCI Freight
SHP04670,Mumbai,Delhi,Long,FMCG,10.1,1416.9,30014,2024-10-19,TCI Freight
SHP04671,Mumbai,Delhi,Long,Steel Coils,12.6,1423.7,37184,2024-10-19,VRL Logistics
SHP04672,Delhi,Kolkata,Long,FMCG,18.2,1506.5,56475,2024-10-19,Om Sai Transport
SHP04673,Delhi,Kolkata,Long,Packaged Foods,10.8,1511.0,33344,2024-10-19,VRL Logistics
SHP04674,Mumbai,Pune,Short,Automobile Parts,16.4,149.5,7370,2024-10-20,SafeExpress
SHP04675,Mumbai,Pune,Short,FMCG,23.7,147.4,10408,2024-10-20,Shivam Freight Co
SHP04676,Mumbai,Pune,Short,Chemicals,12.1,147.1,5435,2024-10-20,Shivam Freight Co
SHP04677,Delhi,Jaipur,Short,Textiles,16.9,278.4,13862,2024-10-20,SafeExpress
SHP04678,Delhi,Jaipur,Short,Steel Coils,23.1,282.8,19411,2024-10-20,Shivam Freight Co
SHP04679,Delhi,Jaipur,Short,Textiles,22.9,283.9,18692,2024-10-20,Western Carriers
SHP04680,Chennai,Bangalore,Short,Chemicals,21.1,351.4,20047,2024-10-20,SafeExpress
SHP04681,Ahmedabad,Mumbai,Medium,Steel Coils,19.3,530.8,24884,2024-10-20,Shivam Freight Co
SHP04682,Kolkata,Bhubaneswar,Medium,Steel Coils,12.1,442.0,13375,2024-10-20,SafeExpress
SHP04683,Bangalore,Hyderabad,Medium,Packaged Foods,19.7,572.9,28185,2024-10-20,SafeExpress
SHP04684,Bangalore,Hyderabad,Medium,Packaged Foods,16.4,572.5,23384,2024-10-20,TCI Freight
SHP04685,Bangalore,Hyderabad,Medium,Electronics,16.0,570.0,22902,2024-10-20,TCI Freight
SHP04686,Mumbai,Delhi,Long,Electronics,13.5,1419.3,39450,2024-10-20,Western Carriers
SHP04687,Delhi,Kolkata,Long,Electronics,15.9,1511.8,48190,2024-10-20,Om Sai Transport
SHP04688,Mumbai,Pune,Short,Automobile Parts,12.4,147.4,5454,2024-10-21,SafeExpress
SHP04689,Mumbai,Pune,Short,Electronics,20.4,150.1,8985,2024-10-21,Western Carriers
SHP04690,Delhi,Jaipur,Short,Textiles,24.2,279.2,19950,2024-10-21,Om Sai Transport
SHP04691,Delhi,Jaipur,Short,Electronics,23.8,277.5,19205,2024-10-21,TCI Freight
SHP04692,Delhi,Jaipur,Short,Chemicals,10.0,283.7,8147,2024-10-21,Om Sai Transport
SHP04693,Chennai,Bangalore,Short,Automobile Parts,12.0,350.3,11699,2024-10-21,SafeExpress
SHP04694,Chennai,Bangalore,Short,FMCG,16.5,349.7,16468,2024-10-21,SafeExpress
SHP04695,Chennai,Bangalore,Short,Chemicals,10.4,349.0,10304,2024-10-21,VRL Logistics
SHP04696,Ahmedabad,Mumbai,Medium,Electronics,10.4,526.2,13542,2024-10-21,VRL Logistics
SHP04697,Ahmedabad,Mumbai,Medium,FMCG,16.6,527.0,22369,2024-10-21,SafeExpress
SHP04698,Ahmedabad,Mumbai,Medium,Packaged Foods,18.3,528.6,24050,2024-10-21,Om Sai Transport
SHP04699,Kolkata,Bhubaneswar,Medium,Chemicals,15.3,442.9,16755,2024-10-21,SafeExpress
SHP04700,Kolkata,Bhubaneswar,Medium,Chemicals,11.7,436.6,13085,2024-10-21,SafeExpress
SHP04701,Bangalore,Hyderabad,Medium,Steel Coils,10.7,568.9,14330,2024-10-21,VRL Logistics
SHP04702,Bangalore,Hyderabad,Medium,Automobile Parts,20.6,568.2,26967,2024-10-21,TCI Freight
SHP04703,Bangalore,Hyderabad,Medium,Packaged Foods,17.4,572.7,23385,2024-10-21,Western Carriers
SHP04704,Mumbai,Delhi,Long,Packaged Foods,18.8,1422.2,52893,2024-10-21,Western Carriers
SHP04705,Delhi,Kolkata,Long,FMCG,11.0,1511.1,34006,2024-10-21,Western Carriers
SHP04706,Delhi,Kolkata,Long,Packaged Foods,14.1,1506.3,43563,2024-10-21,SafeExpress
SHP04707,Mumbai,Pune,Short,FMCG,24.9,148.8,11071,2024-10-22,Om Sai Transport
SHP04708,Mumbai,Pune,Short,Chemicals,13.2,149.3,5879,2024-10-22,Shivam Freight Co
SHP04709,Mumbai,Pune,Short,Automobile Parts,23.3,149.1,10318,2024-10-22,Western Carriers
SHP04710,Delhi,Jaipur,Short,Electronics,21.8,282.5,18124,2024-10-22,Western Carriers
SHP04711,Chennai,Bangalore,Short,Automobile Parts,18.6,351.6,17804,2024-10-22,Western Carriers
SHP04712,Chennai,Bangalore,Short,Textiles,24.9,351.1,24120,2024-10-22,SafeExpress
SHP04713,Ahmedabad,Mumbai,Medium,Automobile Parts,19.6,526.7,25644,2024-10-22,Western Carriers
SHP04714,Ahmedabad,Mumbai,Medium,FMCG,15.5,533.7,20658,2024-10-22,SafeExpress
SHP04715,Ahmedabad,Mumbai,Medium,Automobile Parts,20.8,528.0,27574,2024-10-22,Om Sai Transport
SHP04716,Kolkata,Bhubaneswar,Medium,Electronics,15.6,438.0,16774,2024-10-22,Shivam Freight Co
SHP04717,Kolkata,Bhubaneswar,Medium,Chemicals,19.8,438.2,21852,2024-10-22,Western Carriers
SHP04718,Bangalore,Hyderabad,Medium,FMCG,17.7,573.4,24995,2024-10-22,VRL Logistics
SHP04719,Bangalore,Hyderabad,Medium,FMCG,21.8,570.1,30480,2024-10-22,Om Sai Transport
SHP04720,Mumbai,Delhi,Long,FMCG,24.2,1421.2,71558,2024-10-22,SafeExpress
SHP04721,Mumbai,Delhi,Long,FMCG,13.2,1422.7,39615,2024-10-22,VRL Logistics
SHP04722,Delhi,Kolkata,Long,Automobile Parts,22.9,1507.2,69963,2024-10-22,VRL Logistics
SHP04723,Mumbai,Pune,Short,Steel Coils,23.5,153.4,10740,2024-10-23,Western Carriers
SHP04724,Delhi,Jaipur,Short,Textiles,19.9,280.5,16474,2024-10-23,Om Sai Transport
SHP04725,Delhi,Jaipur,Short,Electronics,20.9,283.0,17697,2024-10-23,VRL Logistics
SHP04726,Delhi,Jaipur,Short,Electronics,10.5,282.9,8549,2024-10-23,VRL Logistics
SHP04727,Chennai,Bangalore,Short,Chemicals,20.8,348.9,19816,2024-10-23,VRL Logistics
SHP04728,Ahmedabad,Mumbai,Medium,Textiles,10.1,531.9,13062,2024-10-23,Om Sai Transport
SHP04729,Kolkata,Bhubaneswar,Medium,Automobile Parts,18.5,442.1,21125,2024-10-23,Om Sai Transport
SHP04730,Kolkata,Bhubaneswar,Medium,Chemicals,17.4,443.3,19484,2024-10-23,VRL Logistics
SHP04731,Kolkata,Bhubaneswar,Medium,Electronics,21.8,438.2,24329,2024-10-23,Western Carriers
SHP04732,Bangalore,Hyderabad,Medium,Chemicals,11.0,573.4,14475,2024-10-23,VRL Logistics
SHP04733,Bangalore,Hyderabad,Medium,Electronics,10.6,566.9,13788,2024-10-23,Western Carriers
SHP04734,Bangalore,Hyderabad,Medium,Steel Coils,24.9,566.0,32193,2024-10-23,TCI Freight
SHP04735,Mumbai,Delhi,Long,Automobile Parts,23.3,1418.7,65160,2024-10-23,TCI Freight
SHP04736,Delhi,Kolkata,Long,FMCG,20.3,1511.5,61286,2024-10-23,SafeExpress
SHP04737,Delhi,Kolkata,Long,Packaged Foods,22.5,1511.0,66581,2024-10-23,Western Carriers
SHP04738,Delhi,Kolkata,Long,Electronics,11.5,1511.8,33790,2024-10-23,VRL Logistics
SHP04739,Mumbai,Pune,Short,Automobile Parts,12.5,154.0,5768,2024-10-24,VRL Logistics
SHP04740,Mumbai,Pune,Short,Steel Coils,16.5,147.2,7371,2024-10-24,Western Carriers
SHP04741,Delhi,Jaipur,Short,Steel Coils,15.5,276.4,12382,2024-10-24,TCI Freight
SHP04742,Delhi,Jaipur,Short,Packaged Foods,15.3,281.7,12491,2024-10-24,VRL Logistics
SHP04743,Delhi,Jaipur,Short,Chemicals,16.5,281.1,13306,2024-10-24,Western Carriers
SHP04744,Chennai,Bangalore,Short,Textiles,11.2,348.6,10536,2024-10-24,VRL Logistics
SHP04745,Ahmedabad,Mumbai,Medium,Packaged Foods,13.3,532.0,17645,2024-10-24,SafeExpress
SHP04746,Ahmedabad,Mumbai,Medium,Automobile Parts,12.8,527.1,17089,2024-10-24,SafeExpress
SHP04747,Kolkata,Bhubaneswar,Medium,FMCG,11.4,438.0,12427,2024-10-24,Shivam Freight Co
SHP04748,Kolkata,Bhubaneswar,Medium,Automobile Parts,22.5,441.3,24254,2024-10-24,Western Carriers
SHP04749,Bangalore,Hyderabad,Medium,Steel Coils,16.4,567.3,22973,2024-10-24,SafeExpress
SHP04750,Bangalore,Hyderabad,Medium,FMCG,13.9,566.2,18848,2024-10-24,Western Carriers
SHP04751,Bangalore,Hyderabad,Medium,Packaged Foods,12.4,569.5,17235,2024-10-24,SafeExpress
SHP04752,Mumbai,Delhi,Long,FMCG,16.5,1420.8,47337,2024-10-24,Om Sai Transport
SHP04753,Delhi,Kolkata,Long,Packaged Foods,11.1,1508.7,34679,2024-10-24,VRL Logistics
SHP04754,Delhi,Kolkata,Long,FMCG,20.7,1508.7,64612,2024-10-24,TCI Freight
SHP04755,Delhi,Kolkata,Long,Electronics,23.8,1510.3,72609,2024-10-24,Western Carriers
SHP04756,Mumbai,Pune,Short,FMCG,22.1,147.8,10108,2024-10-25,Om Sai Transport
SHP04757,Mumbai,Pune,Short,Chemicals,13.4,148.2,6104,2024-10-25,TCI Freight
SHP04758,Delhi,Jaipur,Short,Textiles,22.8,280.0,19033,2024-10-25,Western Carriers
SHP04759,Delhi,Jaipur,Short,Steel Coils,12.2,277.2,10294,2024-10-25,SafeExpress
SHP04760,Chennai,Bangalore,Short,Electronics,12.2,352.9,11544,2024-10-25,Om Sai Transport
SHP04761,Ahmedabad,Mumbai,Medium,Automobile Parts,15.4,527.1,19318,2024-10-25,SafeExpress
SHP04762,Ahmedabad,Mumbai,Medium,Textiles,19.1,527.5,23727,2024-10-25,VRL Logistics
SHP04763,Kolkata,Bhubaneswar,Medium,Chemicals,13.9,438.3,15556,2024-10-25,Western Carriers
SHP04764,Kolkata,Bhubaneswar,Medium,Chemicals,14.5,437.6,15908,2024-10-25,VRL Logistics
SHP04765,Kolkata,Bhubaneswar,Medium,Electronics,21.9,437.8,24472,2024-10-25,Western Carriers
SHP04766,Bangalore,Hyderabad,Medium,Electronics,17.3,573.9,23966,2024-10-25,Shivam Freight Co
SHP04767,Bangalore,Hyderabad,Medium,Packaged Foods,16.1,568.6,22604,2024-10-25,Western Carriers
SHP04768,Bangalore,Hyderabad,Medium,FMCG,19.1,573.5,26732,2024-10-25,VRL Logistics
SHP04769,Mumbai,Delhi,Long,Automobile Parts,12.4,1417.7,36136,2024-10-25,Om Sai Transport
SHP04770,Mumbai,Delhi,Long,Chemicals,11.3,1421.5,32940,2024-10-25,SafeExpress
SHP04771,Delhi,Kolkata,Long,Automobile Parts,11.5,1507.2,34169,2024-10-25,TCI Freight
SHP04772,Delhi,Kolkata,Long,Electronics,21.8,1513.2,64752,2024-10-25,SafeExpress
SHP04773,Delhi,Kolkata,Long,Textiles,17.3,1509.5,51939,2024-10-25,Om Sai Transport
SHP04774,Mumbai,Pune,Short,Textiles,10.0,149.6,4531,2024-10-26,TCI Freight
SHP04775,Mumbai,Pune,Short,FMCG,22.6,151.9,10166,2024-10-26,Om Sai Transport
SHP04776,Mumbai,Pune,Short,FMCG,14.1,146.5,6109,2024-10-26,Om Sai Transport
SHP04777,Delhi,Jaipur,Short,Automobile Parts,22.1,279.0,17469,2024-10-26,TCI Freight
SHP04778,Delhi,Jaipur,Short,Textiles,23.3,280.9,18919,2024-10-26,Western Carriers
SHP04779,Delhi,Jaipur,Short,Chemicals,10.8,278.8,8652,2024-10-26,SafeExpress
SHP04780,Chennai,Bangalore,Short,Packaged Foods,19.7,346.4,18374,2024-10-26,TCI Freight
SHP04781,Chennai,Bangalore,Short,Electronics,21.8,352.2,20863,2024-10-26,Western Carriers
SHP04782,Ahmedabad,Mumbai,Medium,Steel Coils,11.0,528.4,14325,2024-10-26,Om Sai Transport
SHP04783,Ahmedabad,Mumbai,Medium,Packaged Foods,18.1,532.3,23167,2024-10-26,Om Sai Transport
SHP04784,Kolkata,Bhubaneswar,Medium,FMCG,12.6,437.1,13788,2024-10-26,VRL Logistics
SHP04785,Kolkata,Bhubaneswar,Medium,Packaged Foods,13.7,436.8,15181,2024-10-26,TCI Freight
SHP04786,Kolkata,Bhubaneswar,Medium,Chemicals,12.2,438.5,13420,2024-10-26,Western Carriers
SHP04787,Bangalore,Hyderabad,Medium,Electronics,12.6,572.4,17546,2024-10-26,Om Sai Transport
SHP04788,Bangalore,Hyderabad,Medium,Automobile Parts,11.2,571.5,15561,2024-10-26,TCI Freight
SHP04789,Mumbai,Delhi,Long,Chemicals,16.2,1419.3,45160,2024-10-26,TCI Freight
SHP04790,Mumbai,Delhi,Long,Electronics,20.2,1421.4,57865,2024-10-26,SafeExpress
SHP04791,Mumbai,Delhi,Long,Automobile Parts,21.1,1423.9,60434,2024-10-26,Western Carriers
SHP04792,Delhi,Kolkata,Long,Packaged Foods,17.3,1508.5,52189,2024-10-26,Shivam Freight Co
SHP04793,Delhi,Kolkata,Long,Electronics,11.9,1506.2,35521,2024-10-26,Shivam Freight Co
SHP04794,Delhi,Kolkata,Long,Automobile Parts,24.5,1512.2,75369,2024-10-26,Shivam Freight Co
SHP04795,Mumbai,Pune,Short,Electronics,23.1,150.5,10192,2024-10-27,Western Carriers
SHP04796,Mumbai,Pune,Short,Steel Coils,19.1,150.3,8442,2024-10-27,SafeExpress
SHP04797,Delhi,Jaipur,Short,FMCG,11.7,276.6,9368,2024-10-27,Shivam Freight Co
SHP04798,Delhi,Jaipur,Short,Textiles,22.0,281.0,17558,2024-10-27,VRL Logistics
SHP04799,Chennai,Bangalore,Short,FMCG,15.9,347.1,15007,2024-10-27,Shivam Freight Co
SHP04800,Chennai,Bangalore,Short,Steel Coils,16.8,350.8,16129,2024-10-27,SafeExpress
SHP04801,Ahmedabad,Mumbai,Medium,Chemicals,20.3,532.5,26584,2024-10-27,SafeExpress
SHP04802,Ahmedabad,Mumbai,Medium,Textiles,22.7,532.0,29185,2024-10-27,SafeExpress
SHP04803,Ahmedabad,Mumbai,Medium,Automobile Parts,21.1,526.9,27438,2024-10-27,SafeExpress
SHP04804,Kolkata,Bhubaneswar,Medium,Steel Coils,17.4,439.0,19115,2024-10-27,TCI Freight
SHP04805,Bangalore,Hyderabad,Medium,Steel Coils,14.3,569.8,20355,2024-10-27,Western Carriers
SHP04806,Bangalore,Hyderabad,Medium,FMCG,20.3,567.1,28685,2024-10-27,VRL Logistics
SHP04807,Bangalore,Hyderabad,Medium,FMCG,24.4,571.3,33879,2024-10-27,SafeExpress
SHP04808,Mumbai,Delhi,Long,Textiles,13.1,1420.0,38577,2024-10-27,Western Carriers
SHP04809,Delhi,Kolkata,Long,Electronics,11.5,1509.3,33629,2024-10-27,Western Carriers
SHP04810,Delhi,Kolkata,Long,Packaged Foods,12.8,1506.8,37690,2024-10-27,TCI Freight
SHP04811,Mumbai,Pune,Short,Textiles,13.1,151.9,6033,2024-10-28,SafeExpress
SHP04812,Mumbai,Pune,Short,Chemicals,13.8,146.2,5970,2024-10-28,TCI Freight
SHP04813,Mumbai,Pune,Short,Packaged Foods,17.7,149.1,7863,2024-10-28,Om Sai Transport
SHP04814,Delhi,Jaipur,Short,Chemicals,13.5,282.2,10945,2024-10-28,Om Sai Transport
SHP04815,Delhi,Jaipur,Short,Automobile Parts,19.1,279.9,15743,2024-10-28,Western Carriers
SHP04816,Delhi,Jaipur,Short,Chemicals,22.6,277.8,18580,2024-10-28,Om Sai Transport
SHP04817,Chennai,Bangalore,Short,Packaged Foods,20.6,352.2,20610,2024-10-28,Western Carriers
SHP04818,Ahmedabad,Mumbai,Medium,Textiles,15.7,533.5,20780,2024-10-28,Shivam Freight Co
SHP04819,Ahmedabad,Mumbai,Medium,Electronics,14.0,526.3,18118,2024-10-28,Om Sai Transport
SHP04820,Kolkata,Bhubaneswar,Medium,Textiles,12.6,440.3,13943,2024-10-28,SafeExpress
SHP04821,Bangalore,Hyderabad,Medium,Chemicals,18.0,566.2,23857,2024-10-28,SafeExpress
SHP04822,Mumbai,Delhi,Long,FMCG,16.7,1418.7,49233,2024-10-28,Western Carriers
SHP04823,Mumbai,Delhi,Long,Textiles,13.8,1420.2,40668,2024-10-28,TCI Freight
SHP04824,Delhi,Kolkata,Long,Steel Coils,14.7,1510.8,45491,2024-10-28,Shivam Freight Co
SHP04825,Delhi,Kolkata,Long,Automobile Parts,11.7,1509.9,35640,2024-10-28,VRL Logistics
SHP04826,Delhi,Kolkata,Long,Chemicals,15.3,1513.9,47087,2024-10-28,TCI Freight
SHP04827,Mumbai,Pune,Short,Packaged Foods,23.4,154.0,10621,2024-10-29,SafeExpress
SHP04828,Delhi,Jaipur,Short,FMCG,23.0,282.8,18715,2024-10-29,Om Sai Transport
SHP04829,Delhi,Jaipur,Short,Steel Coils,16.1,276.8,13089,2024-10-29,TCI Freight
SHP04830,Delhi,Jaipur,Short,Automobile Parts,24.3,279.7,19965,2024-10-29,Om Sai Transport
SHP04831,Chennai,Bangalore,Short,Steel Coils,19.0,346.8,18467,2024-10-29,SafeExpress
SHP04832,Chennai,Bangalore,Short,FMCG,17.6,353.3,17065,2024-10-29,Om Sai Transport
SHP04833,Ahmedabad,Mumbai,Medium,Packaged Foods,19.7,531.7,26100,2024-10-29,SafeExpress
SHP04834,Ahmedabad,Mumbai,Medium,Packaged Foods,24.2,530.2,31733,2024-10-29,Om Sai Transport
SHP04835,Ahmedabad,Mumbai,Medium,Automobile Parts,10.2,531.1,13068,2024-10-29,VRL Logistics
SHP04836,Kolkata,Bhubaneswar,Medium,Electronics,11.7,441.6,12534,2024-10-29,Om Sai Transport
SHP04837,Kolkata,Bhubaneswar,Medium,Packaged Foods,11.8,439.4,12892,2024-10-29,SafeExpress
SHP04838,Kolkata,Bhubaneswar,Medium,Packaged Foods,17.9,440.9,19182,2024-10-29,Shivam Freight Co
SHP04839,Bangalore,Hyderabad,Medium,Chemicals,13.6,572.7,18608,2024-10-29,VRL Logistics
SHP04840,Bangalore,Hyderabad,Medium,Chemicals,15.6,572.0,21406,2024-10-29,Om Sai Transport
SHP04841,Bangalore,Hyderabad,Medium,FMCG,16.3,568.7,22406,2024-10-29,Om Sai Transport
SHP04842,Mumbai,Delhi,Long,FMCG,22.5,1420.4,65305,2024-10-29,VRL Logistics
SHP04843,Mumbai,Delhi,Long,Steel Coils,13.3,1424.0,39452,2024-10-29,VRL Logistics
SHP04844,Mumbai,Delhi,Long,FMCG,23.4,1422.2,67873,2024-10-29,VRL Logistics
SHP04845,Delhi,Kolkata,Long,Packaged Foods,12.8,1511.6,37785,2024-10-29,Western Carriers
SHP04846,Delhi,Kolkata,Long,Textiles,24.7,1511.9,74066,2024-10-29,SafeExpress
SHP04847,Delhi,Kolkata,Long,Packaged Foods,23.5,1512.9,70392,2024-10-29,Western Carriers
SHP04848,Mumbai,Pune,Short,Chemicals,22.2,147.5,9960,2024-10-30,SafeExpress
SHP04849,Mumbai,Pune,Short,Packaged Foods,19.0,147.9,8630,2024-10-30,Om Sai Transport
SHP04850,Mumbai,Pune,Short,Packaged Foods,18.3,151.8,8517,2024-10-30,VRL Logistics
SHP04851,Delhi,Jaipur,Short,Automobile Parts,10.1,280.8,8401,2024-10-30,TCI Freight
SHP04852,Chennai,Bangalore,Short,Electronics,21.6,351.9,20879,2024-10-30,TCI Freight
SHP04853,Chennai,Bangalore,Short,FMCG,19.9,349.4,18901,2024-10-30,TCI Freight
SHP04854,Chennai,Bangalore,Short,Electronics,12.0,350.3,11388,2024-10-30,Shivam Freight Co
SHP04855,Ahmedabad,Mumbai,Medium,Automobile Parts,23.0,530.9,30272,2024-10-30,SafeExpress
SHP04856,Ahmedabad,Mumbai,Medium,FMCG,23.4,531.1,30352,2024-10-30,Shivam Freight Co
SHP04857,Ahmedabad,Mumbai,Medium,Steel Coils,17.6,529.3,22512,2024-10-30,Om Sai Transport
SHP04858,Kolkata,Bhubaneswar,Medium,Electronics,16.4,437.5,18088,2024-10-30,Om Sai Transport
SHP04859,Kolkata,Bhubaneswar,Medium,Packaged Foods,19.9,437.0,22529,2024-10-30,Western Carriers
SHP04860,Bangalore,Hyderabad,Medium,FMCG,12.6,567.1,17350,2024-10-30,VRL Logistics
SHP04861,Bangalore,Hyderabad,Medium,FMCG,19.3,566.8,27324,2024-10-30,Western Carriers
SHP04862,Mumbai,Delhi,Long,Steel Coils,23.7,1419.3,66982,2024-10-30,SafeExpress
SHP04863,Delhi,Kolkata,Long,Textiles,18.2,1506.8,54554,2024-10-30,VRL Logistics
SHP04864,Mumbai,Pune,Short,Steel Coils,18.3,152.1,8351,2024-10-31,Western Carriers
SHP04865,Mumbai,Pune,Short,Steel Coils,10.5,153.9,4817,2024-10-31,VRL Logistics
SHP04866,Delhi,Jaipur,Short,Packaged Foods,16.2,278.5,13020,2024-10-31,Shivam Freight Co
SHP04867,Delhi,Jaipur,Short,Textiles,17.7,281.3,14344,2024-10-31,SafeExpress
SHP04868,Delhi,Jaipur,Short,Textiles,10.1,283.9,8308,2024-10-31,Shivam Freight Co
SHP04869,Chennai,Bangalore,Short,Steel Coils,18.1,347.5,17240,2024-10-31,SafeExpress
SHP04870,Chennai,Bangalore,Short,Textiles,14.7,346.3,13914,2024-10-31,VRL Logistics
SHP04871,Ahmedabad,Mumbai,Medium,Steel Coils,10.8,531.1,14703,2024-10-31,SafeExpress
SHP04872,Ahmedabad,Mumbai,Medium,Packaged Foods,20.0,532.9,27226,2024-10-31,Shivam Freight Co
SHP04873,Ahmedabad,Mumbai,Medium,Textiles,14.8,531.1,19681,2024-10-31,Om Sai Transport
SHP04874,Kolkata,Bhubaneswar,Medium,Steel Coils,10.5,443.9,12043,2024-10-31,SafeExpress
SHP04875,Kolkata,Bhubaneswar,Medium,Automobile Parts,15.7,439.1,17551,2024-10-31,TCI Freight
SHP04876,Kolkata,Bhubaneswar,Medium,Steel Coils,12.5,437.4,13788,2024-10-31,TCI Freight
SHP04877,Bangalore,Hyderabad,Medium,Chemicals,22.5,568.0,30610,2024-10-31,Om Sai Transport
SHP04878,Bangalore,Hyderabad,Medium,Steel Coils,10.2,570.9,13945,2024-10-31,VRL Logistics
SHP04879,Bangalore,Hyderabad,Medium,Textiles,19.8,567.0,27140,2024-10-31,Shivam Freight Co
SHP04880,Mumbai,Delhi,Long,Steel Coils,21.2,1417.4,60589,2024-10-31,Om Sai Transport
SHP04881,Mumbai,Delhi,Long,Steel Coils,20.1,1422.4,58273,2024-10-31,Om Sai Transport
SHP04882,Mumbai,Delhi,Long,Electronics,17.1,1418.1,48565,2024-10-31,TCI Freight
SHP04883,Delhi,Kolkata,Long,FMCG,10.6,1508.0,31659,2024-10-31,VRL Logistics
SHP04884,Delhi,Kolkata,Long,Chemicals,12.6,1512.5,37464,2024-10-31,Om Sai Transport
SHP04885,Delhi,Kolkata,Long,Textiles,19.3,1509.1,56988,2024-10-31,VRL Logistics
SHP04886,Mumbai,Pune,Short,FMCG,22.3,147.6,9407,2024-11-01,VRL Logistics
SHP04887,Mumbai,Pune,Short,Chemicals,21.4,147.3,9207,2024-11-01,TCI Freight
SHP04888,Delhi,Jaipur,Short,Electronics,24.8,278.2,20933,2024-11-01,Shivam Freight Co
SHP04889,Delhi,Jaipur,Short,FMCG,16.4,278.0,14068,2024-11-01,SafeExpress
SHP04890,Delhi,Jaipur,Short,FMCG,13.1,278.3,11115,2024-11-01,SafeExpress
SHP04891,Chennai,Bangalore,Short,Steel Coils,11.9,348.1,11349,2024-11-01,Shivam Freight Co
SHP04892,Ahmedabad,Mumbai,Medium,Chemicals,15.1,532.4,18871,2024-11-01,SafeExpress
SHP04893,Ahmedabad,Mumbai,Medium,Electronics,14.1,527.7,17571,2024-11-01,TCI Freight
SHP04894,Ahmedabad,Mumbai,Medium,Automobile Parts,20.0,531.2,25323,2024-11-01,SafeExpress
SHP04895,Kolkata,Bhubaneswar,Medium,Electronics,13.9,440.9,14980,2024-11-01,Shivam Freight Co
SHP04896,Kolkata,Bhubaneswar,Medium,FMCG,22.8,439.7,25130,2024-11-01,SafeExpress
SHP04897,Kolkata,Bhubaneswar,Medium,Automobile Parts,11.3,440.7,12294,2024-11-01,Shivam Freight Co
SHP04898,Bangalore,Hyderabad,Medium,Electronics,13.9,572.4,18951,2024-11-01,SafeExpress
SHP04899,Mumbai,Delhi,Long,Textiles,15.4,1419.8,43636,2024-11-01,Shivam Freight Co
SHP04900,Mumbai,Delhi,Long,Automobile Parts,11.1,1421.2,31856,2024-11-01,Shivam Freight Co
SHP04901,Delhi,Kolkata,Long,Electronics,14.4,1509.9,44082,2024-11-01,Western Carriers
SHP04902,Delhi,Kolkata,Long,Textiles,14.3,1507.4,43083,2024-11-01,TCI Freight
SHP04903,Mumbai,Pune,Short,Textiles,14.9,150.6,6994,2024-11-02,VRL Logistics
SHP04904,Mumbai,Pune,Short,Automobile Parts,10.2,152.1,4731,2024-11-02,SafeExpress
SHP04905,Delhi,Jaipur,Short,Packaged Foods,13.4,282.3,11327,2024-11-02,Om Sai Transport
SHP04906,Delhi,Jaipur,Short,Steel Coils,21.2,282.6,17882,2024-11-02,TCI Freight
SHP04907,Delhi,Jaipur,Short,Chemicals,17.1,279.5,14518,2024-11-02,Om Sai Transport
SHP04908,Chennai,Bangalore,Short,Textiles,24.4,347.0,24170,2024-11-02,Shivam Freight Co
SHP04909,Chennai,Bangalore,Short,Textiles,20.2,353.8,19916,2024-11-02,Western Carriers
SHP04910,Ahmedabad,Mumbai,Medium,Textiles,21.3,532.0,29022,2024-11-02,TCI Freight
SHP04911,Ahmedabad,Mumbai,Medium,FMCG,11.1,533.9,14901,2024-11-02,Om Sai Transport
SHP04912,Kolkata,Bhubaneswar,Medium,Chemicals,21.4,440.6,23509,2024-11-02,Shivam Freight Co
SHP04913,Kolkata,Bhubaneswar,Medium,Steel Coils,12.9,441.4,14257,2024-11-02,Shivam Freight Co
SHP04914,Bangalore,Hyderabad,Medium,Automobile Parts,11.2,566.2,15583,2024-11-02,TCI Freight
SHP04915,Mumbai,Delhi,Long,Steel Coils,24.5,1418.7,71904,2024-11-02,Shivam Freight Co
SHP04916,Mumbai,Delhi,Long,Textiles,19.6,1422.1,57416,2024-11-02,Om Sai Transport
SHP04917,Mumbai,Delhi,Long,Textiles,23.6,1423.3,69154,2024-11-02,TCI Freight
SHP04918,Delhi,Kolkata,Long,Steel Coils,13.2,1506.4,39201,2024-11-02,Shivam Freight Co
SHP04919,Delhi,Kolkata,Long,Textiles,21.2,1513.6,62975,2024-11-02,Western Carriers
SHP04920,Mumbai,Pune,Short,Automobile Parts,16.0,150.8,7224,2024-11-03,Western Carriers
SHP04921,Mumbai,Pune,Short,Packaged Foods,13.7,151.9,6064,2024-11-03,Western Carriers
SHP04922,Mumbai,Pune,Short,Electronics,12.9,153.7,5840,2024-11-03,SafeExpress
SHP04923,Delhi,Jaipur,Short,Steel Coils,23.5,282.7,19075,2024-11-03,Shivam Freight Co
SHP04924,Delhi,Jaipur,Short,Automobile Parts,14.5,283.1,11984,2024-11-03,SafeExpress
SHP04925,Delhi,Jaipur,Short,Steel Coils,12.6,283.1,10228,2024-11-03,SafeExpress
SHP04926,Chennai,Bangalore,Short,Chemicals,14.7,349.6,13661,2024-11-03,TCI Freight
SHP04927,Chennai,Bangalore,Short,Textiles,19.1,353.3,18502,2024-11-03,SafeExpress
SHP04928,Ahmedabad,Mumbai,Medium,Textiles,20.3,530.9,27306,2024-11-03,TCI Freight
SHP04929,Ahmedabad,Mumbai,Medium,Steel Coils,12.1,531.7,16109,2024-11-03,SafeExpress
SHP04930,Kolkata,Bhubaneswar,Medium,FMCG,23.0,443.0,26333,2024-11-03,Om Sai Transport
SHP04931,Kolkata,Bhubaneswar,Medium,Textiles,17.0,439.8,19015,2024-11-03,Shivam Freight Co
SHP04932,Bangalore,Hyderabad,Medium,Textiles,23.0,566.2,30717,2024-11-03,Shivam Freight Co
SHP04933,Mumbai,Delhi,Long,FMCG,14.5,1418.8,40981,2024-11-03,SafeExpress
SHP04934,Mumbai,Delhi,Long,Chemicals,19.8,1422.1,56392,2024-11-03,TCI Freight
SHP04935,Delhi,Kolkata,Long,Electronics,10.7,1511.1,31922,2024-11-03,Shivam Freight Co
SHP04936,Mumbai,Pune,Short,Electronics,20.9,149.2,9388,2024-11-04,VRL Logistics
SHP04937,Mumbai,Pune,Short,FMCG,15.2,151.8,7052,2024-11-04,VRL Logistics
SHP04938,Delhi,Jaipur,Short,Steel Coils,15.1,278.9,12379,2024-11-04,Western Carriers
SHP04939,Delhi,Jaipur,Short,Electronics,16.2,277.0,13619,2024-11-04,Western Carriers
SHP04940,Chennai,Bangalore,Short,Automobile Parts,22.9,352.1,22305,2024-11-04,Shivam Freight Co
SHP04941,Chennai,Bangalore,Short,Packaged Foods,18.6,352.8,18184,2024-11-04,Western Carriers
SHP04942,Chennai,Bangalore,Short,Electronics,14.6,348.0,14601,2024-11-04,VRL Logistics
SHP04943,Ahmedabad,Mumbai,Medium,Chemicals,20.3,526.6,26805,2024-11-04,TCI Freight
SHP04944,Kolkata,Bhubaneswar,Medium,Textiles,11.3,443.9,12515,2024-11-04,TCI Freight
SHP04945,Kolkata,Bhubaneswar,Medium,Textiles,24.4,437.7,27389,2024-11-04,SafeExpress
SHP04946,Bangalore,Hyderabad,Medium,Packaged Foods,17.1,571.8,23293,2024-11-04,TCI Freight
SHP04947,Bangalore,Hyderabad,Medium,Electronics,19.7,571.1,26894,2024-11-04,Shivam Freight Co
SHP04948,Mumbai,Delhi,Long,FMCG,16.2,1421.9,46919,2024-11-04,SafeExpress
SHP04949,Mumbai,Delhi,Long,Electronics,12.2,1420.4,35217,2024-11-04,VRL Logistics
SHP04950,Delhi,Kolkata,Long,Packaged Foods,24.7,1509.2,75763,2024-11-04,TCI Freight
SHP04951,Delhi,Kolkata,Long,Electronics,11.0,1511.1,33961,2024-11-04,Om Sai Transport
SHP04952,Mumbai,Pune,Short,Automobile Parts,18.6,151.8,8460,2024-11-05,VRL Logistics
SHP04953,Delhi,Jaipur,Short,Chemicals,17.2,278.2,14268,2024-11-05,SafeExpress
SHP04954,Delhi,Jaipur,Short,Textiles,12.3,277.4,10179,2024-11-05,Shivam Freight Co
SHP04955,Chennai,Bangalore,Short,Textiles,15.6,350.3,14659,2024-11-05,SafeExpress
SHP04956,Ahmedabad,Mumbai,Medium,Electronics,22.6,530.4,29720,2024-11-05,Western Carriers
SHP04957,Kolkata,Bhubaneswar,Medium,Steel Coils,14.5,438.1,15756,2024-11-05,Shivam Freight Co
SHP04958,Bangalore,Hyderabad,Medium,Electronics,11.5,568.1,15651,2024-11-05,Western Carriers
SHP04959,Bangalore,Hyderabad,Medium,Automobile Parts,20.8,567.3,28104,2024-11-05,Western Carriers
SHP04960,Bangalore,Hyderabad,Medium,Electronics,15.4,567.8,20249,2024-11-05,Western Carriers
SHP04961,Mumbai,Delhi,Long,Automobile Parts,23.9,1419.3,71398,2024-11-05,VRL Logistics
SHP04962,Mumbai,Delhi,Long,Textiles,11.4,1416.8,33110,2024-11-05,Shivam Freight Co
SHP04963,Delhi,Kolkata,Long,Textiles,15.3,1506.1,45869,2024-11-05,SafeExpress
SHP04964,Mumbai,Pune,Short,Chemicals,15.2,152.5,7195,2024-11-06,TCI Freight
SHP04965,Mumbai,Pune,Short,Chemicals,12.5,148.9,5589,2024-11-06,TCI Freight
SHP04966,Mumbai,Pune,Short,Packaged Foods,23.2,148.6,10641,2024-11-06,TCI Freight
SHP04967,Delhi,Jaipur,Short,Steel Coils,21.9,283.1,18004,2024-11-06,TCI Freight
SHP04968,Delhi,Jaipur,Short,FMCG,15.0,283.8,12730,2024-11-06,Shivam Freight Co
SHP04969,Delhi,Jaipur,Short,Steel Coils,15.2,279.0,12588,2024-11-06,TCI Freight
SHP04970,Chennai,Bangalore,Short,Chemicals,14.7,350.7,14073,2024-11-06,Shivam Freight Co
SHP04971,Ahmedabad,Mumbai,Medium,Chemicals,21.0,532.1,27996,2024-11-06,Shivam Freight Co
SHP04972,Ahmedabad,Mumbai,Medium,Steel Coils,23.0,532.6,29724,2024-11-06,Western Carriers
SHP04973,Ahmedabad,Mumbai,Medium,Steel Coils,22.2,530.9,28740,2024-11-06,Shivam Freight Co
SHP04974,Kolkata,Bhubaneswar,Medium,FMCG,21.2,440.6,23373,2024-11-06,Shivam Freight Co
SHP04975,Kolkata,Bhubaneswar,Medium,Packaged Foods,21.0,442.7,23131,2024-11-06,TCI Freight
SHP04976,Bangalore,Hyderabad,Medium,Textiles,14.4,573.2,19973,2024-11-06,Western Carriers
SHP04977,Bangalore,Hyderabad,Medium,Electronics,12.9,569.2,17136,2024-11-06,VRL Logistics
SHP04978,Mumbai,Delhi,Long,Packaged Foods,14.8,1423.6,42046,2024-11-06,VRL Logistics
SHP04979,Delhi,Kolkata,Long,Packaged Foods,11.3,1509.5,33985,2024-11-06,TCI Freight
SHP04980,Delhi,Kolkata,Long,Chemicals,21.1,1514.0,62760,2024-11-06,VRL Logistics
SHP04981,Mumbai,Pune,Short,Automobile Parts,16.1,148.6,7346,2024-11-07,Om Sai Transport
SHP04982,Mumbai,Pune,Short,Textiles,14.6,152.0,6854,2024-11-07,Shivam Freight Co
SHP04983,Delhi,Jaipur,Short,Automobile Parts,19.0,283.8,15917,2024-11-07,TCI Freight
SHP04984,Delhi,Jaipur,Short,Packaged Foods,19.0,282.9,16023,2024-11-07,SafeExpress
SHP04985,Delhi,Jaipur,Short,Electronics,11.2,278.5,9402,2024-11-07,Shivam Freight Co
SHP04986,Chennai,Bangalore,Short,Automobile Parts,21.2,353.3,20394,2024-11-07,Western Carriers
SHP04987,Ahmedabad,Mumbai,Medium,Electronics,21.3,526.5,28043,2024-11-07,Western Carriers
SHP04988,Kolkata,Bhubaneswar,Medium,Packaged Foods,13.8,437.3,15292,2024-11-07,SafeExpress
SHP04989,Bangalore,Hyderabad,Medium,Packaged Foods,23.9,572.6,32456,2024-11-07,Western Carriers
SHP04990,Bangalore,Hyderabad,Medium,Steel Coils,15.3,572.5,21183,2024-11-07,Western Carriers
SHP04991,Mumbai,Delhi,Long,Chemicals,15.7,1420.5,45834,2024-11-07,Om Sai Transport
SHP04992,Mumbai,Delhi,Long,Electronics,17.4,1421.1,52167,2024-11-07,Shivam Freight Co
SHP04993,Mumbai,Delhi,Long,Steel Coils,10.2,1422.0,30321,2024-11-07,Western Carriers
SHP04994,Delhi,Kolkata,Long,Steel Coils,24.2,1513.4,74123,2024-11-07,Om Sai Transport
SHP04995,Delhi,Kolkata,Long,Steel Coils,16.8,1510.4,52082,2024-11-07,Om Sai Transport
SHP04996,Delhi,Kolkata,Long,FMCG,24.4,1506.2,75306,2024-11-07,VRL Logistics
SHP04997,Mumbai,Pune,Short,Chemicals,11.9,149.9,5436,2024-11-08,SafeExpress
SHP04998,Mumbai,Pune,Short,Textiles,12.2,153.5,5604,2024-11-08,VRL Logistics
SHP04999,Mumbai,Pune,Short,Electronics,20.8,147.5,9068,2024-11-08,TCI Freight
SHP05000,Delhi,Jaipur,Short,Chemicals,23.9,276.2,20252,2024-11-08,SafeExpress
SHP05001,Delhi,Jaipur,Short,Packaged Foods,15.7,276.1,12972,2024-11-08,Om Sai Transport
SHP05002,Delhi,Jaipur,Short,Automobile Parts,22.5,282.3,18988,2024-11-08,VRL Logistics
SHP05003,Chennai,Bangalore,Short,Chemicals,24.3,348.1,23651,2024-11-08,VRL Logistics
SHP05004,Chennai,Bangalore,Short,Packaged Foods,18.7,346.3,18003,2024-11-08,Western Carriers
SHP05005,Ahmedabad,Mumbai,Medium,Electronics,15.0,530.7,19422,2024-11-08,VRL Logistics
SHP05006,Ahmedabad,Mumbai,Medium,Electronics,11.4,527.6,14673,2024-11-08,VRL Logistics
SHP05007,Ahmedabad,Mumbai,Medium,Automobile Parts,12.0,529.5,15579,2024-11-08,TCI Freight
SHP05008,Kolkata,Bhubaneswar,Medium,Electronics,23.2,439.5,25349,2024-11-08,TCI Freight
SHP05009,Kolkata,Bhubaneswar,Medium,Electronics,13.6,441.0,14825,2024-11-08,Shivam Freight Co
SHP05010,Kolkata,Bhubaneswar,Medium,FMCG,11.9,439.3,13300,2024-11-08,TCI Freight
SHP05011,Bangalore,Hyderabad,Medium,Chemicals,22.0,573.9,29868,2024-11-08,SafeExpress
SHP05012,Mumbai,Delhi,Long,Automobile Parts,18.8,1419.9,53463,2024-11-08,Shivam Freight Co
SHP05013,Mumbai,Delhi,Long,Packaged Foods,19.2,1422.0,53701,2024-11-08,Om Sai Transport
SHP05014,Delhi,Kolkata,Long,FMCG,22.9,1511.8,68589,2024-11-08,VRL Logistics
SHP05015,Delhi,Kolkata,Long,Chemicals,18.4,1511.8,56057,2024-11-08,VRL Logistics
SHP05016,Delhi,Kolkata,Long,Textiles,18.8,1508.5,56708,2024-11-08,SafeExpress
SHP05017,Mumbai,Pune,Short,Steel Coils,15.4,146.4,6836,2024-11-09,TCI Freight
SHP05018,Mumbai,Pune,Short,Electronics,15.4,147.9,6846,2024-11-09,SafeExpress
SHP05019,Mumbai,Pune,Short,Textiles,19.6,149.8,9086,2024-11-09,Western Carriers
SHP05020,Delhi,Jaipur,Short,Textiles,17.4,281.8,14398,2024-11-09,TCI Freight
SHP05021,Delhi,Jaipur,Short,Electronics,16.1,282.1,13241,2024-11-09,SafeExpress
SHP05022,Delhi,Jaipur,Short,Steel Coils,15.0,282.7,12393,2024-11-09,TCI Freight
SHP05023,Chennai,Bangalore,Short,Steel Coils,24.1,352.2,23923,2024-11-09,Om Sai Transport
SHP05024,Chennai,Bangalore,Short,Packaged Foods,12.5,350.2,12338,2024-11-09,Shivam Freight Co
SHP05025,Ahmedabad,Mumbai,Medium,Chemicals,13.1,528.0,16931,2024-11-09,TCI Freight
SHP05026,Kolkata,Bhubaneswar,Medium,Automobile Parts,20.2,441.8,22394,2024-11-09,SafeExpress
SHP05027,Kolkata,Bhubaneswar,Medium,Automobile Parts,17.5,441.1,19201,2024-11-09,VRL Logistics
SHP05028,Kolkata,Bhubaneswar,Medium,Textiles,18.3,438.6,19861,2024-11-09,Western Carriers
SHP05029,Bangalore,Hyderabad,Medium,Steel Coils,17.1,572.6,22862,2024-11-09,VRL Logistics
SHP05030,Bangalore,Hyderabad,Medium,Textiles,11.2,571.1,15136,2024-11-09,Western Carriers
SHP05031,Mumbai,Delhi,Long,Chemicals,12.4,1420.8,36744,2024-11-09,SafeExpress
SHP05032,Mumbai,Delhi,Long,Packaged Foods,20.6,1418.2,62057,2024-11-09,Western Carriers
SHP05033,Delhi,Kolkata,Long,Steel Coils,17.9,1508.3,52973,2024-11-09,SafeExpress
SHP05034,Delhi,Kolkata,Long,Electronics,21.4,1509.6,63775,2024-11-09,Shivam Freight Co
SHP05035,Delhi,Kolkata,Long,Textiles,19.3,1512.3,56677,2024-11-09,Om Sai Transport
SHP05036,Mumbai,Pune,Short,FMCG,14.8,148.8,6585,2024-11-10,Western Carriers
SHP05037,Mumbai,Pune,Short,Automobile Parts,23.3,149.5,10351,2024-11-10,TCI Freight
SHP05038,Delhi,Jaipur,Short,Chemicals,10.1,283.5,8602,2024-11-10,Om Sai Transport
SHP05039,Chennai,Bangalore,Short,FMCG,10.9,352.5,10308,2024-11-10,Om Sai Transport
SHP05040,Chennai,Bangalore,Short,Chemicals,11.3,352.7,10965,2024-11-10,SafeExpress
SHP05041,Chennai,Bangalore,Short,Steel Coils,12.3,351.2,11972,2024-11-10,Om Sai Transport
SHP05042,Ahmedabad,Mumbai,Medium,Chemicals,13.2,532.3,17427,2024-11-10,Om Sai Transport
SHP05043,Ahmedabad,Mumbai,Medium,Electronics,16.2,529.8,20678,2024-11-10,TCI Freight
SHP05044,Ahmedabad,Mumbai,Medium,Packaged Foods,16.5,532.1,21709,2024-11-10,Western Carriers
SHP05045,Kolkata,Bhubaneswar,Medium,Textiles,21.9,438.2,24232,2024-11-10,TCI Freight
SHP05046,Bangalore,Hyderabad,Medium,FMCG,16.6,573.0,21922,2024-11-10,TCI Freight
SHP05047,Bangalore,Hyderabad,Medium,Textiles,24.8,569.2,32854,2024-11-10,VRL Logistics
SHP05048,Mumbai,Delhi,Long,Automobile Parts,15.2,1423.0,43855,2024-11-10,Shivam Freight Co
SHP05049,Mumbai,Delhi,Long,Electronics,16.6,1420.9,48339,2024-11-10,SafeExpress
SHP05050,Delhi,Kolkata,Long,Steel Coils,10.7,1510.0,32354,2024-11-10,SafeExpress
SHP05051,Mumbai,Pune,Short,Steel Coils,10.9,151.0,5084,2024-11-11,Western Carriers
SHP05052,Mumbai,Pune,Short,Electronics,24.7,150.2,11372,2024-11-11,Western Carriers
SHP05053,Delhi,Jaipur,Short,Packaged Foods,15.5,282.4,17874,2024-11-11,VRL Logistics
SHP05054,Chennai,Bangalore,Short,Steel Coils,21.8,353.1,22060,2024-11-11,TCI Freight
SHP05055,Chennai,Bangalore,Short,Textiles,10.3,348.0,10134,2024-11-11,VRL Logistics
SHP05056,Chennai,Bangalore,Short,Steel Coils,11.3,350.4,11043,2024-11-11,SafeExpress
SHP05057,Ahmedabad,Mumbai,Medium,Textiles,17.2,529.0,21981,2024-11-11,Western Carriers
SHP05058,Ahmedabad,Mumbai,Medium,FMCG,16.7,529.2,21434,2024-11-11,Shivam Freight Co
SHP05059,Ahmedabad,Mumbai,Medium,FMCG,22.5,532.6,28453,2024-11-11,TCI Freight
SHP05060,Kolkata,Bhubaneswar,Medium,Textiles,11.0,440.9,12260,2024-11-11,Shivam Freight Co
SHP05061,Bangalore,Hyderabad,Medium,Chemicals,14.5,571.5,19703,2024-11-11,Om Sai Transport
SHP05062,Bangalore,Hyderabad,Medium,Textiles,20.1,568.7,26787,2024-11-11,TCI Freight
SHP05063,Bangalore,Hyderabad,Medium,Steel Coils,17.8,570.3,24021,2024-11-11,TCI Freight
SHP05064,Mumbai,Delhi,Long,Automobile Parts,17.1,1421.3,50541,2024-11-11,VRL Logistics
SHP05065,Mumbai,Delhi,Long,Automobile Parts,14.8,1419.0,44474,2024-11-11,Shivam Freight Co
SHP05066,Delhi,Kolkata,Long,Steel Coils,13.9,1511.8,42169,2024-11-11,Western Carriers
SHP05067,Delhi,Kolkata,Long,Chemicals,13.3,1512.7,40328,2024-11-11,SafeExpress
SHP05068,Mumbai,Pune,Short,Steel Coils,16.2,148.7,7314,2024-11-12,Western Carriers
SHP05069,Delhi,Jaipur,Short,Automobile Parts,19.2,278.1,22563,2024-11-12,SafeExpress
SHP05070,Delhi,Jaipur,Short,Packaged Foods,20.4,283.6,23871,2024-11-12,VRL Logistics
SHP05071,Delhi,Jaipur,Short,Packaged Foods,18.9,277.7,21802,2024-11-12,Western Carriers
SHP05072,Chennai,Bangalore,Short,FMCG,19.7,353.6,18608,2024-11-12,Om Sai Transport
SHP05073,Ahmedabad,Mumbai,Medium,Electronics,13.6,533.7,17758,2024-11-12,VRL Logistics
SHP05074,Ahmedabad,Mumbai,Medium,Textiles,17.3,531.6,22593,2024-11-12,SafeExpress
SHP05075,Ahmedabad,Mumbai,Medium,Steel Coils,15.1,533.7,19863,2024-11-12,VRL Logistics
SHP05076,Kolkata,Bhubaneswar,Medium,Textiles,14.6,441.1,15811,2024-11-12,Western Carriers
SHP05077,Kolkata,Bhubaneswar,Medium,Steel Coils,13.2,439.0,14382,2024-11-12,Om Sai Transport
SHP05078,Kolkata,Bhubaneswar,Medium,Textiles,18.0,442.9,20023,2024-11-12,TCI Freight
SHP05079,Bangalore,Hyderabad,Medium,Automobile Parts,21.8,572.0,29452,2024-11-12,Western Carriers
SHP05080,Bangalore,Hyderabad,Medium,Chemicals,22.5,570.8,29766,2024-11-12,Shivam Freight Co
SHP05081,Bangalore,Hyderabad,Medium,Chemicals,16.0,571.2,21006,2024-11-12,VRL Logistics
SHP05082,Mumbai,Delhi,Long,Electronics,16.2,1422.2,47096,2024-11-12,Western Carriers
SHP05083,Delhi,Kolkata,Long,Packaged Foods,10.0,1508.4,29862,2024-11-12,VRL Logistics
SHP05084,Delhi,Kolkata,Long,Electronics,18.9,1509.2,58675,2024-11-12,Western Carriers
SHP05085,Delhi,Kolkata,Long,Chemicals,20.9,1506.8,63552,2024-11-12,SafeExpress
SHP05086,Mumbai,Pune,Short,Electronics,14.4,148.0,6493,2024-11-13,VRL Logistics
SHP05087,Mumbai,Pune,Short,Steel Coils,24.9,150.6,11407,2024-11-13,SafeExpress
SHP05088,Mumbai,Pune,Short,Packaged Foods,15.6,153.5,7356,2024-11-13,Shivam Freight Co
SHP05089,Delhi,Jaipur,Short,Automobile Parts,15.8,280.9,18106,2024-11-13,VRL Logistics
SHP05090,Chennai,Bangalore,Short,Electronics,10.6,351.3,10149,2024-11-13,Shivam Freight Co
SHP05091,Ahmedabad,Mumbai,Medium,Automobile Parts,19.7,530.6,26364,2024-11-13,TCI Freight
SHP05092,Ahmedabad,Mumbai,Medium,Textiles,19.0,529.5,25749,2024-11-13,VRL Logistics
SHP05093,Kolkata,Bhubaneswar,Medium,Textiles,12.3,443.2,13913,2024-11-13,TCI Freight
SHP05094,Kolkata,Bhubaneswar,Medium,FMCG,13.5,442.5,15126,2024-11-13,TCI Freight
SHP05095,Bangalore,Hyderabad,Medium,Automobile Parts,15.3,571.4,20634,2024-11-13,SafeExpress
SHP05096,Bangalore,Hyderabad,Medium,Textiles,15.5,574.0,21403,2024-11-13,Western Carriers
SHP05097,Mumbai,Delhi,Long,Chemicals,10.9,1416.4,31229,2024-11-13,TCI Freight
SHP05098,Mumbai,Delhi,Long,Steel Coils,21.7,1417.7,64349,2024-11-13,VRL Logistics
SHP05099,Delhi,Kolkata,Long,Chemicals,11.1,1510.9,33762,2024-11-13,SafeExpress
SHP05100,Mumbai,Pune,Short,Steel Coils,19.5,147.3,8997,2024-11-14,SafeExpress
SHP05101,Mumbai,Pune,Short,Automobile Parts,20.1,149.2,9117,2024-11-14,Western Carriers
SHP05102,Delhi,Jaipur,Short,Electronics,21.5,279.3,25362,2024-11-14,VRL Logistics
SHP05103,Delhi,Jaipur,Short,FMCG,10.3,280.2,12102,2024-11-14,Western Carriers
SHP05104,Delhi,Jaipur,Short,Electronics,10.8,276.1,12381,2024-11-14,Om Sai Transport
SHP05105,Chennai,Bangalore,Short,Automobile Parts,15.5,349.5,15360,2024-11-14,Shivam Freight Co
SHP05106,Chennai,Bangalore,Short,Electronics,24.6,350.1,23965,2024-11-14,SafeExpress
SHP05107,Chennai,Bangalore,Short,Textiles,20.9,347.9,20613,2024-11-14,Western Carriers
SHP05108,Ahmedabad,Mumbai,Medium,Automobile Parts,17.6,527.1,23352,2024-11-14,SafeExpress
SHP05109,Kolkata,Bhubaneswar,Medium,Steel Coils,11.9,436.7,13136,2024-11-14,Om Sai Transport
SHP05110,Bangalore,Hyderabad,Medium,Automobile Parts,14.8,571.3,19506,2024-11-14,Shivam Freight Co
SHP05111,Bangalore,Hyderabad,Medium,Chemicals,18.8,573.4,25505,2024-11-14,TCI Freight
SHP05112,Bangalore,Hyderabad,Medium,Chemicals,12.2,572.4,16224,2024-11-14,VRL Logistics
SHP05113,Mumbai,Delhi,Long,Automobile Parts,14.0,1419.6,40693,2024-11-14,VRL Logistics
SHP05114,Mumbai,Delhi,Long,Textiles,12.7,1421.6,37051,2024-11-14,VRL Logistics
SHP05115,Delhi,Kolkata,Long,Chemicals,11.5,1506.9,34587,2024-11-14,Western Carriers
SHP05116,Mumbai,Pune,Short,Steel Coils,13.2,148.7,6114,2024-11-15,TCI Freight
SHP05117,Mumbai,Pune,Short,Steel Coils,20.3,153.7,9421,2024-11-15,TCI Freight
SHP05118,Mumbai,Pune,Short,Chemicals,19.7,152.6,9061,2024-11-15,Om Sai Transport
SHP05119,Delhi,Jaipur,Short,FMCG,14.5,279.4,16582,2024-11-15,VRL Logistics
SHP05120,Delhi,Jaipur,Short,Electronics,24.1,282.9,28087,2024-11-15,Om Sai Transport
SHP05121,Delhi,Jaipur,Short,Chemicals,24.2,277.3,27646,2024-11-15,Om Sai Transport
SHP05122,Chennai,Bangalore,Short,Steel Coils,10.9,348.1,10080,2024-11-15,SafeExpress
SHP05123,Chennai,Bangalore,Short,Steel Coils,13.1,347.4,12234,2024-11-15,Shivam Freight Co
SHP05124,Ahmedabad,Mumbai,Medium,Electronics,17.0,533.4,22212,2024-11-15,TCI Freight
SHP05125,Ahmedabad,Mumbai,Medium,Automobile Parts,16.3,526.1,21159,2024-11-15,Shivam Freight Co
SHP05126,Kolkata,Bhubaneswar,Medium,Textiles,15.7,442.2,18019,2024-11-15,Shivam Freight Co
SHP05127,Bangalore,Hyderabad,Medium,Steel Coils,22.6,569.9,31049,2024-11-15,Shivam Freight Co
SHP05128,Bangalore,Hyderabad,Medium,FMCG,10.6,570.0,14513,2024-11-15,TCI Freight
SHP05129,Bangalore,Hyderabad,Medium,Chemicals,10.7,569.2,14485,2024-11-15,SafeExpress
SHP05130,Mumbai,Delhi,Long,Automobile Parts,23.3,1416.4,69401,2024-11-15,VRL Logistics
SHP05131,Delhi,Kolkata,Long,Chemicals,16.4,1508.1,49521,2024-11-15,TCI Freight
SHP05132,Delhi,Kolkata,Long,Electronics,10.6,1506.7,32519,2024-11-15,Om Sai Transport
SHP05133,Mumbai,Pune,Short,Chemicals,23.7,149.1,10797,2024-11-16,Shivam Freight Co
SHP05134,Delhi,Jaipur,Short,Textiles,17.3,281.7,19878,2024-11-16,Om Sai Transport
SHP05135,Delhi,Jaipur,Short,Chemicals,19.9,278.7,22713,2024-11-16,SafeExpress
SHP05136,Delhi,Jaipur,Short,FMCG,11.9,281.5,13694,2024-11-16,VRL Logistics
SHP05137,Chennai,Bangalore,Short,Automobile Parts,24.9,347.5,23537,2024-11-16,SafeExpress
SHP05138,Ahmedabad,Mumbai,Medium,Steel Coils,11.8,528.2,15581,2024-11-16,Shivam Freight Co
SHP05139,Ahmedabad,Mumbai,Medium,Steel Coils,19.6,530.8,26077,2024-11-16,VRL Logistics
SHP05140,Kolkata,Bhubaneswar,Medium,Chemicals,12.1,442.4,13533,2024-11-16,Western Carriers
SHP05141,Kolkata,Bhubaneswar,Medium,Automobile Parts,10.4,443.4,11940,2024-11-16,VRL Logistics
SHP05142,Bangalore,Hyderabad,Medium,Steel Coils,23.0,566.1,32342,2024-11-16,Om Sai Transport
SHP05143,Bangalore,Hyderabad,Medium,Chemicals,15.5,572.2,21426,2024-11-16,VRL Logistics
SHP05144,Bangalore,Hyderabad,Medium,Packaged Foods,22.6,567.5,31496,2024-11-16,SafeExpress
SHP05145,Mumbai,Delhi,Long,Textiles,14.9,1423.1,42392,2024-11-16,VRL Logistics
SHP05146,Delhi,Kolkata,Long,Packaged Foods,21.6,1510.6,67447,2024-11-16,Shivam Freight Co
SHP05147,Delhi,Kolkata,Long,FMCG,21.0,1513.0,64631,2024-11-16,Shivam Freight Co
SHP05148,Mumbai,Pune,Short,Chemicals,11.3,148.0,4879,2024-11-17,Western Carriers
SHP05149,Mumbai,Pune,Short,Steel Coils,17.2,150.7,7637,2024-11-17,VRL Logistics
SHP05150,Mumbai,Pune,Short,Automobile Parts,22.9,152.5,10238,2024-11-17,SafeExpress
SHP05151,Delhi,Jaipur,Short,Chemicals,12.9,281.6,15017,2024-11-17,SafeExpress
SHP05152,Delhi,Jaipur,Short,Steel Coils,23.4,283.3,27357,2024-11-17,VRL Logistics
SHP05153,Chennai,Bangalore,Short,Textiles,14.9,349.1,14928,2024-11-17,TCI Freight
SHP05154,Chennai,Bangalore,Short,Chemicals,21.4,352.5,21367,2024-11-17,VRL Logistics
SHP05155,Chennai,Bangalore,Short,Packaged Foods,16.7,347.7,16399,2024-11-17,TCI Freight
SHP05156,Ahmedabad,Mumbai,Medium,Packaged Foods,23.0,529.7,29689,2024-11-17,Shivam Freight Co
SHP05157,Ahmedabad,Mumbai,Medium,Electronics,13.4,529.1,17200,2024-11-17,Western Carriers
SHP05158,Kolkata,Bhubaneswar,Medium,FMCG,19.5,439.6,22286,2024-11-17,Shivam Freight Co
SHP05159,Kolkata,Bhubaneswar,Medium,Steel Coils,17.1,441.1,19141,2024-11-17,Om Sai Transport
SHP05160,Kolkata,Bhubaneswar,Medium,FMCG,18.7,437.4,20911,2024-11-17,Western Carriers
SHP05161,Bangalore,Hyderabad,Medium,Textiles,24.8,573.3,35132,2024-11-17,VRL Logistics
SHP05162,Bangalore,Hyderabad,Medium,Chemicals,10.0,566.9,13813,2024-11-17,Shivam Freight Co
SHP05163,Mumbai,Delhi,Long,FMCG,16.6,1423.0,49264,2024-11-17,Shivam Freight Co
SHP05164,Mumbai,Delhi,Long,FMCG,24.9,1420.3,72547,2024-11-17,VRL Logistics
SHP05165,Mumbai,Delhi,Long,Chemicals,12.4,1422.8,35703,2024-11-17,TCI Freight
SHP05166,Delhi,Kolkata,Long,Automobile Parts,20.8,1512.5,63878,2024-11-17,SafeExpress
SHP05167,Delhi,Kolkata,Long,Chemicals,11.6,1512.7,35273,2024-11-17,SafeExpress
SHP05168,Mumbai,Pune,Short,Textiles,20.1,148.9,8867,2024-11-18,SafeExpress
SHP05169,Mumbai,Pune,Short,Steel Coils,18.5,147.2,8102,2024-11-18,SafeExpress
SHP05170,Delhi,Jaipur,Short,Electronics,15.1,278.4,12760,2024-11-18,Shivam Freight Co
SHP05171,Chennai,Bangalore,Short,Automobile Parts,17.6,346.1,17321,2024-11-18,TCI Freight
SHP05172,Chennai,Bangalore,Short,Automobile Parts,21.1,352.9,20388,2024-11-18,SafeExpress
SHP05173,Chennai,Bangalore,Short,FMCG,20.9,351.8,20272,2024-11-18,Western Carriers
SHP05174,Ahmedabad,Mumbai,Medium,FMCG,17.8,526.5,23662,2024-11-18,TCI Freight
SHP05175,Ahmedabad,Mumbai,Medium,Automobile Parts,19.4,529.8,25880,2024-11-18,SafeExpress
SHP05176,Kolkata,Bhubaneswar,Medium,Chemicals,21.4,439.7,23161,2024-11-18,SafeExpress
SHP05177,Kolkata,Bhubaneswar,Medium,Steel Coils,13.3,437.2,14465,2024-11-18,Western Carriers
SHP05178,Bangalore,Hyderabad,Medium,Automobile Parts,21.8,566.6,29655,2024-11-18,Om Sai Transport
SHP05179,Bangalore,Hyderabad,Medium,Automobile Parts,11.8,573.9,16589,2024-11-18,Om Sai Transport
SHP05180,Mumbai,Delhi,Long,Steel Coils,24.5,1419.3,70376,2024-11-18,VRL Logistics
SHP05181,Delhi,Kolkata,Long,FMCG,24.1,1507.5,70624,2024-11-18,Om Sai Transport
SHP05182,Mumbai,Pune,Short,FMCG,13.8,153.4,6212,2024-11-19,SafeExpress
SHP05183,Mumbai,Pune,Short,Automobile Parts,23.3,152.5,10618,2024-11-19,TCI Freight
SHP05184,Mumbai,Pune,Short,Packaged Foods,13.9,153.9,6239,2024-11-19,SafeExpress
SHP05185,Delhi,Jaipur,Short,Automobile Parts,15.1,277.0,12441,2024-11-19,VRL Logistics
SHP05186,Delhi,Jaipur,Short,Chemicals,19.0,282.2,15663,2024-11-19,VRL Logistics
SHP05187,Delhi,Jaipur,Short,FMCG,20.7,277.9,16775,2024-11-19,SafeExpress
SHP05188,Chennai,Bangalore,Short,Textiles,23.3,348.0,22832,2024-11-19,TCI Freight
SHP05189,Chennai,Bangalore,Short,Packaged Foods,24.2,349.8,23542,2024-11-19,TCI Freight
SHP05190,Ahmedabad,Mumbai,Medium,Textiles,13.8,532.3,18039,2024-11-19,Om Sai Transport
SHP05191,Ahmedabad,Mumbai,Medium,Automobile Parts,10.1,530.2,13090,2024-11-19,SafeExpress
SHP05192,Ahmedabad,Mumbai,Medium,Textiles,14.5,532.1,18772,2024-11-19,Shivam Freight Co
SHP05193,Kolkata,Bhubaneswar,Medium,Automobile Parts,19.6,440.4,21507,2024-11-19,Shivam Freight Co
SHP05194,Kolkata,Bhubaneswar,Medium,Steel Coils,10.6,441.4,11787,2024-11-19,Om Sai Transport
SHP05195,Bangalore,Hyderabad,Medium,Chemicals,10.5,573.3,14345,2024-11-19,Western Carriers
SHP05196,Mumbai,Delhi,Long,Chemicals,16.2,1419.2,47711,2024-11-19,TCI Freight
SHP05197,Mumbai,Delhi,Long,Chemicals,18.1,1421.3,53954,2024-11-19,SafeExpress
SHP05198,Mumbai,Delhi,Long,FMCG,23.3,1417.3,69328,2024-11-19,Western Carriers
SHP05199,Delhi,Kolkata,Long,Steel Coils,18.5,1512.4,55185,2024-11-19,TCI Freight
SHP05200,Mumbai,Pune,Short,Packaged Foods,18.7,153.3,8697,2024-11-20,SafeExpress
SHP05201,Mumbai,Pune,Short,Chemicals,12.9,146.1,5689,2024-11-20,TCI Freight
SHP05202,Delhi,Jaipur,Short,Chemicals,11.2,276.2,8693,2024-11-20,SafeExpress
SHP05203,Chennai,Bangalore,Short,Steel Coils,24.1,346.6,22392,2024-11-20,Western Carriers
SHP05204,Chennai,Bangalore,Short,Automobile Parts,21.3,351.6,20023,2024-11-20,VRL Logistics
SHP05205,Chennai,Bangalore,Short,Textiles,24.2,348.4,22528,2024-11-20,TCI Freight
SHP05206,Ahmedabad,Mumbai,Medium,Textiles,20.4,531.3,26080,2024-11-20,SafeExpress
SHP05207,Kolkata,Bhubaneswar,Medium,Textiles,21.1,438.6,23276,2024-11-20,Om Sai Transport
SHP05208,Kolkata,Bhubaneswar,Medium,Textiles,20.2,439.2,22020,2024-11-20,Om Sai Transport
SHP05209,Bangalore,Hyderabad,Medium,FMCG,16.0,572.9,22412,2024-11-20,VRL Logistics
SHP05210,Mumbai,Delhi,Long,Chemicals,22.1,1423.5,62928,2024-11-20,VRL Logistics
SHP05211,Mumbai,Delhi,Long,Electronics,17.4,1420.1,50828,2024-11-20,TCI Freight
SHP05212,Mumbai,Delhi,Long,Automobile Parts,18.0,1417.7,51959,2024-11-20,Shivam Freight Co
SHP05213,Delhi,Kolkata,Long,Steel Coils,24.7,1508.7,74801,2024-11-20,SafeExpress
SHP05214,Delhi,Kolkata,Long,Textiles,14.0,1509.9,43309,2024-11-20,TCI Freight
SHP05215,Mumbai,Pune,Short,Electronics,10.1,151.1,4609,2024-11-21,Shivam Freight Co
SHP05216,Mumbai,Pune,Short,Automobile Parts,17.4,150.5,8105,2024-11-21,Western Carriers
SHP05217,Mumbai,Pune,Short,Chemicals,19.3,147.1,8570,2024-11-21,Om Sai Transport
SHP05218,Delhi,Jaipur,Short,Steel Coils,20.9,277.2,16528,2024-11-21,Om Sai Transport
SHP05219,Delhi,Jaipur,Short,Packaged Foods,24.5,281.6,19759,2024-11-21,VRL Logistics
SHP05220,Delhi,Jaipur,Short,Chemicals,22.8,280.6,18546,2024-11-21,VRL Logistics
SHP05221,Chennai,Bangalore,Short,Electronics,15.2,353.3,15047,2024-11-21,VRL Logistics
SHP05222,Chennai,Bangalore,Short,FMCG,22.2,353.3,21211,2024-11-21,Om Sai Transport
SHP05223,Chennai,Bangalore,Short,Chemicals,19.7,352.4,18779,2024-11-21,Om Sai Transport
SHP05224,Ahmedabad,Mumbai,Medium,FMCG,24.0,528.7,31719,2024-11-21,Shivam Freight Co
SHP05225,Ahmedabad,Mumbai,Medium,Textiles,24.4,534.0,33374,2024-11-21,TCI Freight
SHP05226,Kolkata,Bhubaneswar,Medium,Chemicals,12.4,440.7,13711,2024-11-21,Shivam Freight Co
SHP05227,Bangalore,Hyderabad,Medium,Chemicals,11.1,567.9,15023,2024-11-21,SafeExpress
SHP05228,Bangalore,Hyderabad,Medium,Automobile Parts,13.5,571.8,18860,2024-11-21,Western Carriers
SHP05229,Bangalore,Hyderabad,Medium,Textiles,17.2,572.3,24010,2024-11-21,VRL Logistics
SHP05230,Mumbai,Delhi,Long,Chemicals,23.3,1417.6,67414,2024-11-21,SafeExpress
SHP05231,Mumbai,Delhi,Long,Automobile Parts,12.5,1420.2,36396,2024-11-21,VRL Logistics
SHP05232,Delhi,Kolkata,Long,Steel Coils,21.3,1513.2,65276,2024-11-21,TCI Freight
SHP05233,Delhi,Kolkata,Long,Chemicals,19.7,1512.9,60322,2024-11-21,TCI Freight
SHP05234,Mumbai,Pune,Short,Textiles,18.0,148.2,7635,2024-11-22,Om Sai Transport
SHP05235,Delhi,Jaipur,Short,Electronics,24.4,282.9,20212,2024-11-22,Shivam Freight Co
SHP05236,Delhi,Jaipur,Short,Electronics,10.1,280.5,8110,2024-11-22,VRL Logistics
SHP05237,Delhi,Jaipur,Short,Steel Coils,17.2,279.9,13817,2024-11-22,SafeExpress
SHP05238,Chennai,Bangalore,Short,Steel Coils,11.9,352.7,11351,2024-11-22,Shivam Freight Co
SHP05239,Chennai,Bangalore,Short,Chemicals,21.7,347.8,20386,2024-11-22,Shivam Freight Co
SHP05240,Chennai,Bangalore,Short,Packaged Foods,14.0,351.7,13622,2024-11-22,Shivam Freight Co
SHP05241,Ahmedabad,Mumbai,Medium,FMCG,11.6,529.7,15344,2024-11-22,SafeExpress
SHP05242,Kolkata,Bhubaneswar,Medium,FMCG,23.7,439.2,25283,2024-11-22,VRL Logistics
SHP05243,Bangalore,Hyderabad,Medium,Steel Coils,19.5,573.0,26713,2024-11-22,TCI Freight
SHP05244,Mumbai,Delhi,Long,Textiles,19.2,1423.8,58147,2024-11-22,SafeExpress
SHP05245,Delhi,Kolkata,Long,FMCG,18.1,1507.3,54978,2024-11-22,Western Carriers
SHP05246,Mumbai,Pune,Short,FMCG,16.2,149.3,7427,2024-11-23,SafeExpress
SHP05247,Mumbai,Pune,Short,FMCG,11.2,152.4,5171,2024-11-23,TCI Freight
SHP05248,Mumbai,Pune,Short,Steel Coils,12.5,146.2,5553,2024-11-23,Western Carriers
SHP05249,Delhi,Jaipur,Short,Electronics,16.0,282.2,12903,2024-11-23,Om Sai Transport
SHP05250,Delhi,Jaipur,Short,Electronics,18.4,277.1,14906,2024-11-23,Western Carriers
SHP05251,Delhi,Jaipur,Short,Packaged Foods,14.5,276.4,11660,2024-11-23,Western Carriers
SHP05252,Chennai,Bangalore,Short,Electronics,17.3,349.6,16669,2024-11-23,VRL Logistics
SHP05253,Ahmedabad,Mumbai,Medium,Electronics,20.7,533.5,26530,2024-11-23,Om Sai Transport
SHP05254,Ahmedabad,Mumbai,Medium,Electronics,19.3,527.0,24745,2024-11-23,Western Carriers
SHP05255,Ahmedabad,Mumbai,Medium,Textiles,21.0,532.0,27011,2024-11-23,VRL Logistics
SHP05256,Kolkata,Bhubaneswar,Medium,Chemicals,14.6,441.0,16350,2024-11-23,SafeExpress
SHP05257,Bangalore,Hyderabad,Medium,Chemicals,13.2,568.6,18309,2024-11-23,Om Sai Transport
SHP05258,Bangalore,Hyderabad,Medium,Automobile Parts,20.3,572.3,27664,2024-11-23,TCI Freight
SHP05259,Mumbai,Delhi,Long,Chemicals,13.7,1419.7,40817,2024-11-23,Shivam Freight Co
SHP05260,Mumbai,Delhi,Long,Steel Coils,13.7,1423.1,41135,2024-11-23,VRL Logistics
SHP05261,Delhi,Kolkata,Long,Steel Coils,20.2,1513.2,59459,2024-11-23,SafeExpress
SHP05262,Delhi,Kolkata,Long,FMCG,22.7,1508.5,66887,2024-11-23,SafeExpress
SHP05263,Delhi,Kolkata,Long,Textiles,10.3,1513.5,30966,2024-11-23,Om Sai Transport
SHP05264,Mumbai,Pune,Short,Textiles,13.6,147.3,6050,2024-11-24,Shivam Freight Co
SHP05265,Mumbai,Pune,Short,Textiles,11.9,149.2,5464,2024-11-24,Shivam Freight Co
SHP05266,Delhi,Jaipur,Short,Chemicals,15.5,281.7,13052,2024-11-24,SafeExpress
SHP05267,Delhi,Jaipur,Short,Electronics,18.8,276.4,15914,2024-11-24,Western Carriers
SHP05268,Chennai,Bangalore,Short,Textiles,19.7,347.2,18441,2024-11-24,VRL Logistics
SHP05269,Ahmedabad,Mumbai,Medium,Textiles,19.3,526.6,24613,2024-11-24,Shivam Freight Co
SHP05270,Kolkata,Bhubaneswar,Medium,FMCG,22.2,440.1,24307,2024-11-24,TCI Freight
SHP05271,Bangalore,Hyderabad,Medium,Textiles,22.3,572.8,30153,2024-11-24,Shivam Freight Co
SHP05272,Mumbai,Delhi,Long,Textiles,20.3,1417.8,58728,2024-11-24,Shivam Freight Co
SHP05273,Mumbai,Delhi,Long,Electronics,23.1,1420.9,65638,2024-11-24,SafeExpress
SHP05274,Mumbai,Delhi,Long,Packaged Foods,14.7,1422.9,42485,2024-11-24,SafeExpress
SHP05275,Delhi,Kolkata,Long,Textiles,17.7,1507.4,53463,2024-11-24,SafeExpress
SHP05276,Mumbai,Pune,Short,Packaged Foods,16.2,147.0,7133,2024-11-25,Western Carriers
SHP05277,Mumbai,Pune,Short,Electronics,18.0,151.4,8007,2024-11-25,SafeExpress
SHP05278,Delhi,Jaipur,Short,Packaged Foods,21.7,276.1,17367,2024-11-25,VRL Logistics
SHP05279,Chennai,Bangalore,Short,Chemicals,19.1,346.4,17807,2024-11-25,VRL Logistics
SHP05280,Ahmedabad,Mumbai,Medium,Steel Coils,16.9,530.8,21824,2024-11-25,Western Carriers
SHP05281,Ahmedabad,Mumbai,Medium,Chemicals,24.5,527.7,31385,2024-11-25,Shivam Freight Co
SHP05282,Kolkata,Bhubaneswar,Medium,FMCG,10.7,436.3,12040,2024-11-25,SafeExpress
SHP05283,Kolkata,Bhubaneswar,Medium,Chemicals,22.7,441.9,25684,2024-11-25,Om Sai Transport
SHP05284,Kolkata,Bhubaneswar,Medium,Packaged Foods,17.7,439.9,19753,2024-11-25,TCI Freight
SHP05285,Bangalore,Hyderabad,Medium,Packaged Foods,24.6,568.2,33588,2024-11-25,SafeExpress
SHP05286,Mumbai,Delhi,Long,Electronics,16.1,1420.2,48122,2024-11-25,TCI Freight
SHP05287,Mumbai,Delhi,Long,Textiles,11.3,1421.9,34234,2024-11-25,SafeExpress
SHP05288,Mumbai,Delhi,Long,Packaged Foods,10.7,1423.4,31852,2024-11-25,Western Carriers
SHP05289,Delhi,Kolkata,Long,Steel Coils,21.4,1513.9,65244,2024-11-25,SafeExpress
SHP05290,Delhi,Kolkata,Long,Steel Coils,17.9,1509.8,53286,2024-11-25,Western Carriers
SHP05291,Mumbai,Pune,Short,Electronics,24.8,151.8,11111,2024-11-26,VRL Logistics
SHP05292,Delhi,Jaipur,Short,Packaged Foods,13.2,277.5,10737,2024-11-26,SafeExpress
SHP05293,Delhi,Jaipur,Short,Packaged Foods,20.9,280.1,17361,2024-11-26,TCI Freight
SHP05294,Delhi,Jaipur,Short,Chemicals,21.5,277.8,17637,2024-11-26,TCI Freight
SHP05295,Chennai,Bangalore,Short,Textiles,19.6,349.0,18790,2024-11-26,TCI Freight
SHP05296,Chennai,Bangalore,Short,Textiles,16.2,350.4,15935,2024-11-26,SafeExpress
SHP05297,Chennai,Bangalore,Short,Automobile Parts,18.5,349.8,18203,2024-11-26,TCI Freight
SHP05298,Ahmedabad,Mumbai,Medium,FMCG,11.0,529.6,14321,2024-11-26,SafeExpress
SHP05299,Ahmedabad,Mumbai,Medium,Automobile Parts,11.3,533.1,14657,2024-11-26,Shivam Freight Co
SHP05300,Kolkata,Bhubaneswar,Medium,Textiles,22.3,442.4,24157,2024-11-26,Om Sai Transport
SHP05301,Kolkata,Bhubaneswar,Medium,Electronics,11.3,443.4,12190,2024-11-26,Western Carriers
SHP05302,Kolkata,Bhubaneswar,Medium,Electronics,18.8,439.5,20183,2024-11-26,Shivam Freight Co
SHP05303,Bangalore,Hyderabad,Medium,FMCG,15.2,572.7,20296,2024-11-26,Om Sai Transport
SHP05304,Bangalore,Hyderabad,Medium,FMCG,17.0,567.9,22641,2024-11-26,Om Sai Transport
SHP05305,Bangalore,Hyderabad,Medium,Electronics,13.0,566.1,17191,2024-11-26,TCI Freight
SHP05306,Mumbai,Delhi,Long,Textiles,22.6,1422.3,64787,2024-11-26,TCI Freight
SHP05307,Mumbai,Delhi,Long,Steel Coils,12.3,1419.8,36263,2024-11-26,VRL Logistics
SHP05308,Mumbai,Delhi,Long,FMCG,12.1,1421.3,35039,2024-11-26,VRL Logistics
SHP05309,Delhi,Kolkata,Long,Packaged Foods,25.0,1511.3,74215,2024-11-26,TCI Freight
SHP05310,Mumbai,Pune,Short,FMCG,18.5,146.3,8500,2024-11-27,Om Sai Transport
SHP05311,Mumbai,Pune,Short,Steel Coils,17.4,150.5,8131,2024-11-27,TCI Freight
SHP05312,Mumbai,Pune,Short,Automobile Parts,12.0,150.1,5536,2024-11-27,Om Sai Transport
SHP05313,Delhi,Jaipur,Short,Packaged Foods,13.3,278.0,10661,2024-11-27,Shivam Freight Co
SHP05314,Delhi,Jaipur,Short,Chemicals,14.4,280.6,11485,2024-11-27,VRL Logistics
SHP05315,Chennai,Bangalore,Short,Textiles,17.4,353.9,17378,2024-11-27,Shivam Freight Co
SHP05316,Ahmedabad,Mumbai,Medium,Textiles,19.7,530.5,25319,2024-11-27,SafeExpress
SHP05317,Ahmedabad,Mumbai,Medium,Electronics,12.3,532.0,16048,2024-11-27,Om Sai Transport
SHP05318,Ahmedabad,Mumbai,Medium,Steel Coils,17.8,528.9,23253,2024-11-27,Om Sai Transport
SHP05319,Kolkata,Bhubaneswar,Medium,Steel Coils,19.5,442.2,20967,2024-11-27,Om Sai Transport
SHP05320,Kolkata,Bhubaneswar,Medium,Textiles,11.9,438.0,13108,2024-11-27,Shivam Freight Co
SHP05321,Bangalore,Hyderabad,Medium,Packaged Foods,22.8,569.7,31524,2024-11-27,Om Sai Transport
SHP05322,Bangalore,Hyderabad,Medium,Electronics,19.9,568.9,26983,2024-11-27,Shivam Freight Co
SHP05323,Bangalore,Hyderabad,Medium,Electronics,11.5,572.6,15693,2024-11-27,Om Sai Transport
SHP05324,Mumbai,Delhi,Long,Automobile Parts,10.2,1423.1,29722,2024-11-27,SafeExpress
SHP05325,Mumbai,Delhi,Long,Steel Coils,18.1,1416.3,52587,2024-11-27,Om Sai Transport
SHP05326,Mumbai,Delhi,Long,FMCG,17.3,1420.6,51314,2024-11-27,VRL Logistics
SHP05327,Delhi,Kolkata,Long,Automobile Parts,18.4,1506.3,56049,2024-11-27,Shivam Freight Co
SHP05328,Delhi,Kolkata,Long,FMCG,17.1,1508.6,51780,2024-11-27,TCI Freight
SHP05329,Delhi,Kolkata,Long,Textiles,22.8,1512.5,68310,2024-11-27,Om Sai Transport
SHP05330,Mumbai,Pune,Short,Textiles,13.9,152.4,6184,2024-11-28,TCI Freight
SHP05331,Delhi,Jaipur,Short,Steel Coils,11.1,277.5,9245,2024-11-28,SafeExpress
SHP05332,Delhi,Jaipur,Short,Packaged Foods,15.5,276.6,12542,2024-11-28,Shivam Freight Co
SHP05333,Chennai,Bangalore,Short,Chemicals,15.7,351.6,15483,2024-11-28,Shivam Freight Co
SHP05334,Ahmedabad,Mumbai,Medium,Packaged Foods,13.7,530.8,18319,2024-11-28,SafeExpress
SHP05335,Kolkata,Bhubaneswar,Medium,Chemicals,21.7,439.6,22876,2024-11-28,TCI Freight
SHP05336,Kolkata,Bhubaneswar,Medium,Chemicals,11.9,442.7,12638,2024-11-28,TCI Freight
SHP05337,Bangalore,Hyderabad,Medium,Chemicals,15.7,572.8,21231,2024-11-28,Om Sai Transport
SHP05338,Bangalore,Hyderabad,Medium,Chemicals,20.9,573.1,27998,2024-11-28,Western Carriers
SHP05339,Mumbai,Delhi,Long,Textiles,10.7,1416.5,31287,2024-11-28,Shivam Freight Co
SHP05340,Mumbai,Delhi,Long,FMCG,11.0,1417.6,31983,2024-11-28,TCI Freight
SHP05341,Delhi,Kolkata,Long,Electronics,24.7,1506.1,76262,2024-11-28,Western Carriers
SHP05342,Delhi,Kolkata,Long,FMCG,14.7,1507.9,44001,2024-11-28,TCI Freight
SHP05343,Mumbai,Pune,Short,Packaged Foods,10.6,148.5,4744,2024-11-29,TCI Freight
SHP05344,Mumbai,Pune,Short,Automobile Parts,21.9,152.0,10211,2024-11-29,SafeExpress
SHP05345,Delhi,Jaipur,Short,Packaged Foods,16.9,282.5,13588,2024-11-29,Om Sai Transport
SHP05346,Delhi,Jaipur,Short,Automobile Parts,22.1,276.8,17510,2024-11-29,VRL Logistics
SHP05347,Delhi,Jaipur,Short,Automobile Parts,11.9,278.5,9643,2024-11-29,VRL Logistics
SHP05348,Chennai,Bangalore,Short,Textiles,21.9,350.8,21293,2024-11-29,Shivam Freight Co
SHP05349,Chennai,Bangalore,Short,Textiles,22.9,347.8,22502,2024-11-29,VRL Logistics
SHP05350,Ahmedabad,Mumbai,Medium,Chemicals,24.5,530.9,32029,2024-11-29,Om Sai Transport
SHP05351,Ahmedabad,Mumbai,Medium,Electronics,11.6,528.0,14948,2024-11-29,TCI Freight
SHP05352,Ahmedabad,Mumbai,Medium,Textiles,12.8,528.3,16772,2024-11-29,Shivam Freight Co
SHP05353,Kolkata,Bhubaneswar,Medium,Automobile Parts,12.5,436.1,13360,2024-11-29,VRL Logistics
SHP05354,Kolkata,Bhubaneswar,Medium,Packaged Foods,11.0,437.9,11752,2024-11-29,VRL Logistics
SHP05355,Bangalore,Hyderabad,Medium,Packaged Foods,20.3,567.9,27137,2024-11-29,TCI Freight
SHP05356,Bangalore,Hyderabad,Medium,FMCG,19.7,570.8,26749,2024-11-29,Shivam Freight Co
SHP05357,Mumbai,Delhi,Long,Packaged Foods,15.8,1419.2,44665,2024-11-29,VRL Logistics
SHP05358,Delhi,Kolkata,Long,Automobile Parts,19.0,1509.2,58007,2024-11-29,Western Carriers
SHP05359,Delhi,Kolkata,Long,Chemicals,22.2,1511.1,67098,2024-11-29,VRL Logistics
SHP05360,Delhi,Kolkata,Long,Steel Coils,17.0,1510.1,51976,2024-11-29,SafeExpress
SHP05361,Mumbai,Pune,Short,Automobile Parts,23.8,153.9,11172,2024-11-30,Shivam Freight Co
SHP05362,Delhi,Jaipur,Short,Electronics,24.3,279.9,20664,2024-11-30,SafeExpress
SHP05363,Delhi,Jaipur,Short,FMCG,23.6,278.5,19759,2024-11-30,Om Sai Transport
SHP05364,Chennai,Bangalore,Short,Packaged Foods,11.5,349.6,11460,2024-11-30,SafeExpress
SHP05365,Ahmedabad,Mumbai,Medium,Textiles,22.5,532.1,29204,2024-11-30,TCI Freight
SHP05366,Ahmedabad,Mumbai,Medium,Textiles,23.8,526.2,29681,2024-11-30,Shivam Freight Co
SHP05367,Ahmedabad,Mumbai,Medium,Chemicals,22.2,533.6,28150,2024-11-30,SafeExpress
SHP05368,Kolkata,Bhubaneswar,Medium,Electronics,20.0,437.9,21843,2024-11-30,TCI Freight
SHP05369,Bangalore,Hyderabad,Medium,Chemicals,15.6,573.4,21470,2024-11-30,Shivam Freight Co
SHP05370,Bangalore,Hyderabad,Medium,Electronics,20.2,569.8,28363,2024-11-30,Om Sai Transport
SHP05371,Bangalore,Hyderabad,Medium,FMCG,23.6,568.9,33160,2024-11-30,Shivam Freight Co
SHP05372,Mumbai,Delhi,Long,Automobile Parts,18.8,1422.4,53948,2024-11-30,VRL Logistics
SHP05373,Mumbai,Delhi,Long,Electronics,15.8,1417.7,44694,2024-11-30,TCI Freight
SHP05374,Mumbai,Delhi,Long,Automobile Parts,22.5,1419.8,64061,2024-11-30,Om Sai Transport
SHP05375,Delhi,Kolkata,Long,Chemicals,20.4,1512.1,62527,2024-11-30,SafeExpress
SHP05376,Delhi,Kolkata,Long,FMCG,12.3,1511.7,38857,2024-11-30,Western Carriers
SHP05377,Mumbai,Pune,Short,Electronics,15.6,152.8,7235,2024-12-01,Om Sai Transport
SHP05378,Mumbai,Pune,Short,FMCG,12.3,152.7,5735,2024-12-01,SafeExpress
SHP05379,Delhi,Jaipur,Short,Steel Coils,20.5,276.7,17117,2024-12-01,VRL Logistics
SHP05380,Delhi,Jaipur,Short,Automobile Parts,21.9,280.6,18473,2024-12-01,TCI Freight
SHP05381,Delhi,Jaipur,Short,Textiles,24.1,279.1,19851,2024-12-01,VRL Logistics
SHP05382,Chennai,Bangalore,Short,Chemicals,13.4,349.8,12842,2024-12-01,Om Sai Transport
SHP05383,Ahmedabad,Mumbai,Medium,Electronics,12.0,527.0,14851,2024-12-01,TCI Freight
SHP05384,Ahmedabad,Mumbai,Medium,FMCG,12.8,530.5,16501,2024-12-01,VRL Logistics
SHP05385,Ahmedabad,Mumbai,Medium,Chemicals,16.0,529.1,20525,2024-12-01,Western Carriers
SHP05386,Kolkata,Bhubaneswar,Medium,Electronics,14.4,436.8,16117,2024-12-01,VRL Logistics
SHP05387,Bangalore,Hyderabad,Medium,Textiles,13.5,572.8,18564,2024-12-01,Western Carriers
SHP05388,Mumbai,Delhi,Long,Automobile Parts,11.5,1422.7,32854,2024-12-01,SafeExpress
SHP05389,Mumbai,Delhi,Long,Textiles,18.7,1423.6,52625,2024-12-01,Om Sai Transport
SHP05390,Mumbai,Delhi,Long,Packaged Foods,22.8,1420.8,63787,2024-12-01,TCI Freight
SHP05391,Delhi,Kolkata,Long,FMCG,10.1,1513.9,31568,2024-12-01,Shivam Freight Co
SHP05392,Delhi,Kolkata,Long,Textiles,21.2,1511.3,64613,2024-12-01,SafeExpress
SHP05393,Mumbai,Pune,Short,FMCG,16.9,152.8,7568,2024-12-02,VRL Logistics
SHP05394,Delhi,Jaipur,Short,Packaged Foods,17.7,281.0,14867,2024-12-02,Om Sai Transport
SHP05395,Delhi,Jaipur,Short,Steel Coils,20.1,276.0,16863,2024-12-02,Western Carriers
SHP05396,Delhi,Jaipur,Short,Automobile Parts,18.0,282.1,15279,2024-12-02,TCI Freight
SHP05397,Chennai,Bangalore,Short,Chemicals,23.3,351.5,22880,2024-12-02,SafeExpress
SHP05398,Chennai,Bangalore,Short,Packaged Foods,12.9,349.8,12718,2024-12-02,Shivam Freight Co
SHP05399,Chennai,Bangalore,Short,Electronics,13.9,348.1,13204,2024-12-02,SafeExpress
SHP05400,Ahmedabad,Mumbai,Medium,Textiles,16.2,531.0,21990,2024-12-02,VRL Logistics
SHP05401,Kolkata,Bhubaneswar,Medium,Chemicals,11.9,440.8,13063,2024-12-02,TCI Freight
SHP05402,Bangalore,Hyderabad,Medium,Electronics,13.2,566.2,17252,2024-12-02,SafeExpress
SHP05403,Mumbai,Delhi,Long,Electronics,10.9,1419.8,32506,2024-12-02,Om Sai Transport
SHP05404,Delhi,Kolkata,Long,Electronics,13.9,1507.5,42079,2024-12-02,SafeExpress
SHP05405,Mumbai,Pune,Short,Chemicals,14.8,150.1,6741,2024-12-03,Shivam Freight Co
SHP05406,Mumbai,Pune,Short,FMCG,16.9,149.3,7549,2024-12-03,Om Sai Transport
SHP05407,Delhi,Jaipur,Short,Electronics,20.7,281.3,16972,2024-12-03,Om Sai Transport
SHP05408,Delhi,Jaipur,Short,Steel Coils,12.1,283.8,10074,2024-12-03,Western Carriers
SHP05409,Delhi,Jaipur,Short,Steel Coils,22.1,282.4,18318,2024-12-03,SafeExpress
SHP05410,Chennai,Bangalore,Short,Chemicals,13.9,349.7,13868,2024-12-03,VRL Logistics
SHP05411,Ahmedabad,Mumbai,Medium,Automobile Parts,14.7,533.5,19932,2024-12-03,VRL Logistics
SHP05412,Kolkata,Bhubaneswar,Medium,Electronics,21.4,440.2,22975,2024-12-03,Western Carriers
SHP05413,Kolkata,Bhubaneswar,Medium,Chemicals,20.6,439.4,22338,2024-12-03,Shivam Freight Co
SHP05414,Kolkata,Bhubaneswar,Medium,FMCG,23.3,443.0,24997,2024-12-03,Om Sai Transport
SHP05415,Bangalore,Hyderabad,Medium,Textiles,19.1,568.1,25626,2024-12-03,TCI Freight
SHP05416,Bangalore,Hyderabad,Medium,Electronics,11.3,570.0,15098,2024-12-03,VRL Logistics
SHP05417,Mumbai,Delhi,Long,Automobile Parts,10.8,1422.3,31845,2024-12-03,Western Carriers
SHP05418,Mumbai,Delhi,Long,Chemicals,21.7,1423.1,63741,2024-12-03,Shivam Freight Co
SHP05419,Mumbai,Delhi,Long,Steel Coils,15.3,1417.4,43988,2024-12-03,Shivam Freight Co
SHP05420,Delhi,Kolkata,Long,Packaged Foods,24.3,1513.6,74407,2024-12-03,SafeExpress
SHP05421,Delhi,Kolkata,Long,Electronics,20.9,1507.4,63552,2024-12-03,Shivam Freight Co
SHP05422,Mumbai,Pune,Short,Packaged Foods,14.5,148.6,6363,2024-12-04,Om Sai Transport
SHP05423,Delhi,Jaipur,Short,Automobile Parts,18.8,281.3,15999,2024-12-04,Om Sai Transport
SHP05424,Delhi,Jaipur,Short,Steel Coils,24.6,281.8,20845,2024-12-04,TCI Freight
SHP05425,Chennai,Bangalore,Short,Chemicals,14.7,352.8,14455,2024-12-04,Western Carriers
SHP05426,Chennai,Bangalore,Short,Electronics,13.8,352.5,13616,2024-12-04,Shivam Freight Co
SHP05427,Ahmedabad,Mumbai,Medium,Automobile Parts,24.8,531.4,32044,2024-12-04,Shivam Freight Co
SHP05428,Ahmedabad,Mumbai,Medium,Textiles,17.9,527.7,22233,2024-12-04,SafeExpress
SHP05429,Kolkata,Bhubaneswar,Medium,Chemicals,11.6,442.9,13018,2024-12-04,VRL Logistics
SHP05430,Kolkata,Bhubaneswar,Medium,FMCG,12.4,441.8,13908,2024-12-04,Shivam Freight Co
SHP05431,Bangalore,Hyderabad,Medium,Chemicals,13.7,569.2,18946,2024-12-04,Western Carriers
SHP05432,Bangalore,Hyderabad,Medium,Electronics,24.5,567.2,33609,2024-12-04,TCI Freight
SHP05433,Mumbai,Delhi,Long,FMCG,23.6,1417.8,68087,2024-12-04,Shivam Freight Co
SHP05434,Mumbai,Delhi,Long,Chemicals,17.1,1416.3,48994,2024-12-04,Om Sai Transport
SHP05435,Delhi,Kolkata,Long,FMCG,20.7,1509.5,62104,2024-12-04,VRL Logistics
SHP05436,Delhi,Kolkata,Long,Steel Coils,12.2,1510.4,35217,2024-12-04,Shivam Freight Co
SHP05437,Delhi,Kolkata,Long,Textiles,16.7,1506.5,48122,2024-12-04,Om Sai Transport
SHP05438,Mumbai,Pune,Short,Steel Coils,11.0,152.6,5086,2024-12-05,SafeExpress
SHP05439,Mumbai,Pune,Short,Electronics,16.4,150.9,7560,2024-12-05,SafeExpress
SHP05440,Delhi,Jaipur,Short,Packaged Foods,21.0,281.0,17126,2024-12-05,Western Carriers
SHP05441,Chennai,Bangalore,Short,Packaged Foods,23.3,353.7,22519,2024-12-05,TCI Freight
SHP05442,Ahmedabad,Mumbai,Medium,Steel Coils,20.7,532.1,26271,2024-12-05,Om Sai Transport
SHP05443,Ahmedabad,Mumbai,Medium,Automobile Parts,10.2,531.5,13083,2024-12-05,Om Sai Transport
SHP05444,Ahmedabad,Mumbai,Medium,Electronics,14.8,527.0,18622,2024-12-05,TCI Freight
SHP05445,Kolkata,Bhubaneswar,Medium,FMCG,20.0,443.2,21962,2024-12-05,Western Carriers
SHP05446,Kolkata,Bhubaneswar,Medium,Steel Coils,24.9,438.2,26656,2024-12-05,TCI Freight
SHP05447,Kolkata,Bhubaneswar,Medium,FMCG,16.5,436.9,17783,2024-12-05,TCI Freight
SHP05448,Bangalore,Hyderabad,Medium,Packaged Foods,16.2,566.9,21331,2024-12-05,SafeExpress
SHP05449,Bangalore,Hyderabad,Medium,FMCG,21.8,572.7,29250,2024-12-05,TCI Freight
SHP05450,Bangalore,Hyderabad,Medium,Steel Coils,20.1,569.8,26188,2024-12-05,Shivam Freight Co
SHP05451,Mumbai,Delhi,Long,Packaged Foods,11.0,1423.3,31014,2024-12-05,SafeExpress
SHP05452,Mumbai,Delhi,Long,Electronics,18.7,1419.1,52536,2024-12-05,TCI Freight
SHP05453,Delhi,Kolkata,Long,Electronics,10.4,1508.7,30769,2024-12-05,Shivam Freight Co
SHP05454,Delhi,Kolkata,Long,Automobile Parts,14.5,1509.9,43367,2024-12-05,Western Carriers
SHP05455,Delhi,Kolkata,Long,Packaged Foods,10.1,1507.4,29616,2024-12-05,Shivam Freight Co
SHP05456,Mumbai,Pune,Short,Automobile Parts,19.8,152.5,9148,2024-12-06,TCI Freight
SHP05457,Mumbai,Pune,Short,Electronics,20.6,150.6,9080,2024-12-06,Om Sai Transport
SHP05458,Delhi,Jaipur,Short,Electronics,15.6,281.7,12770,2024-12-06,Om Sai Transport
SHP05459,Chennai,Bangalore,Short,Steel Coils,14.9,353.5,14357,2024-12-06,SafeExpress
SHP05460,Chennai,Bangalore,Short,Textiles,19.5,351.2,18223,2024-12-06,Western Carriers
SHP05461,Chennai,Bangalore,Short,Automobile Parts,20.5,346.5,19267,2024-12-06,SafeExpress
SHP05462,Ahmedabad,Mumbai,Medium,Packaged Foods,20.1,532.0,25785,2024-12-06,Shivam Freight Co
SHP05463,Ahmedabad,Mumbai,Medium,FMCG,23.7,526.7,30317,2024-12-06,VRL Logistics
SHP05464,Kolkata,Bhubaneswar,Medium,Chemicals,12.7,439.5,13773,2024-12-06,TCI Freight
SHP05465,Kolkata,Bhubaneswar,Medium,Automobile Parts,16.0,440.3,17227,2024-12-06,VRL Logistics
SHP05466,Kolkata,Bhubaneswar,Medium,Textiles,10.3,440.3,11097,2024-12-06,VRL Logistics
SHP05467,Bangalore,Hyderabad,Medium,Chemicals,17.6,573.1,24851,2024-12-06,SafeExpress
SHP05468,Bangalore,Hyderabad,Medium,FMCG,18.2,566.9,24775,2024-12-06,VRL Logistics
SHP05469,Bangalore,Hyderabad,Medium,Steel Coils,12.0,572.6,16863,2024-12-06,VRL Logistics
SHP05470,Mumbai,Delhi,Long,Textiles,21.5,1423.7,64886,2024-12-06,TCI Freight
SHP05471,Mumbai,Delhi,Long,Textiles,10.7,1423.0,32373,2024-12-06,TCI Freight
SHP05472,Delhi,Kolkata,Long,Packaged Foods,19.0,1509.6,58145,2024-12-06,Shivam Freight Co
SHP05473,Delhi,Kolkata,Long,FMCG,21.8,1511.4,66811,2024-12-06,TCI Freight
SHP05474,Mumbai,Pune,Short,Steel Coils,15.0,148.4,6544,2024-12-07,SafeExpress
SHP05475,Mumbai,Pune,Short,Packaged Foods,14.9,153.0,6825,2024-12-07,Shivam Freight Co
SHP05476,Mumbai,Pune,Short,FMCG,10.0,154.0,4556,2024-12-07,VRL Logistics
SHP05477,Delhi,Jaipur,Short,Packaged Foods,24.2,279.7,20773,2024-12-07,VRL Logistics
SHP05478,Delhi,Jaipur,Short,FMCG,24.5,281.3,20636,2024-12-07,Om Sai Transport
SHP05479,Delhi,Jaipur,Short,Automobile Parts,20.6,277.6,17409,2024-12-07,Shivam Freight Co
SHP05480,Chennai,Bangalore,Short,Packaged Foods,16.9,347.6,15791,2024-12-07,Om Sai Transport
SHP05481,Chennai,Bangalore,Short,Chemicals,19.5,351.4,18571,2024-12-07,TCI Freight
SHP05482,Chennai,Bangalore,Short,Automobile Parts,10.1,351.8,9668,2024-12-07,VRL Logistics
SHP05483,Ahmedabad,Mumbai,Medium,Chemicals,21.2,531.9,27698,2024-12-07,TCI Freight
SHP05484,Kolkata,Bhubaneswar,Medium,Automobile Parts,22.9,440.6,25707,2024-12-07,Shivam Freight Co
SHP05485,Kolkata,Bhubaneswar,Medium,Packaged Foods,23.9,441.1,26969,2024-12-07,Om Sai Transport
SHP05486,Bangalore,Hyderabad,Medium,Textiles,18.1,569.9,24346,2024-12-07,Om Sai Transport
SHP05487,Bangalore,Hyderabad,Medium,Chemicals,21.0,570.1,28758,2024-12-07,TCI Freight
SHP05488,Bangalore,Hyderabad,Medium,FMCG,17.7,570.1,23422,2024-12-07,VRL Logistics
SHP05489,Mumbai,Delhi,Long,Chemicals,20.5,1419.7,59562,2024-12-07,Shivam Freight Co
SHP05490,Mumbai,Delhi,Long,Textiles,17.1,1421.2,50638,2024-12-07,TCI Freight
SHP05491,Mumbai,Delhi,Long,Electronics,19.2,1420.7,57488,2024-12-07,Western Carriers
SHP05492,Delhi,Kolkata,Long,Textiles,20.3,1508.5,62791,2024-12-07,VRL Logistics
SHP05493,Delhi,Kolkata,Long,Automobile Parts,22.7,1508.2,68527,2024-12-07,TCI Freight
SHP05494,Mumbai,Pune,Short,Textiles,12.0,152.0,5637,2024-12-08,VRL Logistics
SHP05495,Delhi,Jaipur,Short,Packaged Foods,22.5,282.1,19271,2024-12-08,Western Carriers
SHP05496,Delhi,Jaipur,Short,Steel Coils,24.1,279.1,20213,2024-12-08,VRL Logistics
SHP05497,Chennai,Bangalore,Short,Electronics,19.2,347.7,18321,2024-12-08,Western Carriers
SHP05498,Chennai,Bangalore,Short,FMCG,18.5,351.7,17658,2024-12-08,TCI Freight
SHP05499,Chennai,Bangalore,Short,Chemicals,18.6,351.6,18019,2024-12-08,VRL Logistics
SHP05500,Ahmedabad,Mumbai,Medium,FMCG,17.5,533.4,22725,2024-12-08,TCI Freight
SHP05501,Kolkata,Bhubaneswar,Medium,Textiles,24.9,440.2,26398,2024-12-08,Western Carriers
SHP05502,Kolkata,Bhubaneswar,Medium,Packaged Foods,22.6,436.3,24204,2024-12-08,SafeExpress
SHP05503,Bangalore,Hyderabad,Medium,Automobile Parts,22.6,572.5,31293,2024-12-08,Shivam Freight Co
SHP05504,Mumbai,Delhi,Long,Electronics,12.9,1421.1,38680,2024-12-08,Western Carriers
SHP05505,Mumbai,Delhi,Long,Chemicals,17.6,1416.0,51665,2024-12-08,Om Sai Transport
SHP05506,Mumbai,Delhi,Long,Textiles,13.0,1417.2,38957,2024-12-08,VRL Logistics
SHP05507,Delhi,Kolkata,Long,Chemicals,18.8,1509.3,54741,2024-12-08,VRL Logistics
SHP05508,Mumbai,Pune,Short,Steel Coils,13.4,151.8,6234,2024-12-09,Western Carriers
SHP05509,Delhi,Jaipur,Short,Electronics,16.9,277.6,13985,2024-12-09,Western Carriers
SHP05510,Delhi,Jaipur,Short,Steel Coils,11.8,278.6,9922,2024-12-09,VRL Logistics
SHP05511,Chennai,Bangalore,Short,Automobile Parts,24.5,347.5,23306,2024-12-09,SafeExpress
SHP05512,Ahmedabad,Mumbai,Medium,Steel Coils,14.9,532.3,18582,2024-12-09,Western Carriers
SHP05513,Ahmedabad,Mumbai,Medium,Packaged Foods,15.5,528.9,19725,2024-12-09,Om Sai Transport
SHP05514,Kolkata,Bhubaneswar,Medium,Textiles,13.8,436.9,14475,2024-12-09,VRL Logistics
SHP05515,Kolkata,Bhubaneswar,Medium,FMCG,21.9,443.5,23667,2024-12-09,SafeExpress
SHP05516,Bangalore,Hyderabad,Medium,Electronics,11.6,572.1,16255,2024-12-09,TCI Freight
SHP05517,Mumbai,Delhi,Long,Packaged Foods,20.2,1417.2,57840,2024-12-09,SafeExpress
SHP05518,Mumbai,Delhi,Long,Steel Coils,16.6,1418.6,46918,2024-12-09,Om Sai Transport
SHP05519,Mumbai,Delhi,Long,Steel Coils,23.6,1423.0,67275,2024-12-09,Western Carriers
SHP05520,Delhi,Kolkata,Long,Electronics,14.4,1508.9,43862,2024-12-09,VRL Logistics
SHP05521,Mumbai,Pune,Short,Textiles,15.6,153.5,7025,2024-12-10,TCI Freight
SHP05522,Delhi,Jaipur,Short,Packaged Foods,13.2,283.8,10867,2024-12-10,SafeExpress
SHP05523,Chennai,Bangalore,Short,Steel Coils,20.1,350.8,19717,2024-12-10,Om Sai Transport
SHP05524,Chennai,Bangalore,Short,Steel Coils,17.3,351.2,16946,2024-12-10,TCI Freight
SHP05525,Chennai,Bangalore,Short,Automobile Parts,10.9,351.8,10619,2024-12-10,Shivam Freight Co
SHP05526,Ahmedabad,Mumbai,Medium,Automobile Parts,22.4,531.6,28237,2024-12-10,Western Carriers
SHP05527,Kolkata,Bhubaneswar,Medium,Packaged Foods,16.4,443.6,18678,2024-12-10,Om Sai Transport
SHP05528,Bangalore,Hyderabad,Medium,Textiles,18.5,567.2,25729,2024-12-10,Western Carriers
SHP05529,Mumbai,Delhi,Long,Automobile Parts,19.1,1419.7,53851,2024-12-10,Shivam Freight Co
SHP05530,Delhi,Kolkata,Long,Packaged Foods,20.2,1513.6,61861,2024-12-10,Om Sai Transport
SHP05531,Mumbai,Pune,Short,Chemicals,19.2,148.0,8553,2024-12-11,SafeExpress
SHP05532,Delhi,Jaipur,Short,Steel Coils,20.9,279.1,17651,2024-12-11,Western Carriers
SHP05533,Chennai,Bangalore,Short,FMCG,18.8,352.5,18034,2024-12-11,Shivam Freight Co
SHP05534,Chennai,Bangalore,Short,FMCG,12.4,351.9,12009,2024-12-11,Western Carriers
SHP05535,Chennai,Bangalore,Short,Steel Coils,11.7,350.9,11268,2024-12-11,Shivam Freight Co
SHP05536,Ahmedabad,Mumbai,Medium,Chemicals,16.3,527.4,21345,2024-12-11,Om Sai Transport
SHP05537,Kolkata,Bhubaneswar,Medium,Steel Coils,16.9,437.9,19116,2024-12-11,SafeExpress
SHP05538,Kolkata,Bhubaneswar,Medium,Textiles,14.7,442.2,16706,2024-12-11,SafeExpress
SHP05539,Kolkata,Bhubaneswar,Medium,Steel Coils,18.0,441.9,20299,2024-12-11,TCI Freight
SHP05540,Bangalore,Hyderabad,Medium,Chemicals,12.3,569.2,17373,2024-12-11,Western Carriers
SHP05541,Mumbai,Delhi,Long,Chemicals,24.7,1423.7,72185,2024-12-11,TCI Freight
SHP05542,Delhi,Kolkata,Long,Chemicals,20.6,1508.1,60142,2024-12-11,VRL Logistics
SHP05543,Delhi,Kolkata,Long,Packaged Foods,23.2,1507.1,68030,2024-12-11,TCI Freight
SHP05544,Mumbai,Pune,Short,Textiles,19.7,152.6,9112,2024-12-12,SafeExpress
SHP05545,Mumbai,Pune,Short,Textiles,19.4,147.2,8666,2024-12-12,Om Sai Transport
SHP05546,Mumbai,Pune,Short,Electronics,13.3,148.9,5923,2024-12-12,VRL Logistics
SHP05547,Delhi,Jaipur,Short,FMCG,13.9,283.2,11564,2024-12-12,Western Carriers
SHP05548,Delhi,Jaipur,Short,Automobile Parts,14.1,281.6,11606,2024-12-12,SafeExpress
SHP05549,Delhi,Jaipur,Short,Steel Coils,10.8,282.2,8951,2024-12-12,TCI Freight
SHP05550,Chennai,Bangalore,Short,Steel Coils,23.8,349.6,22942,2024-12-12,SafeExpress
SHP05551,Chennai,Bangalore,Short,FMCG,21.9,350.2,20801,2024-12-12,Om Sai Transport
SHP05552,Chennai,Bangalore,Short,Electronics,20.3,353.1,19390,2024-12-12,SafeExpress
SHP05553,Ahmedabad,Mumbai,Medium,Packaged Foods,15.1,526.2,19464,2024-12-12,Western Carriers
SHP05554,Ahmedabad,Mumbai,Medium,Electronics,16.4,530.1,20850,2024-12-12,Western Carriers
SHP05555,Kolkata,Bhubaneswar,Medium,Electronics,13.0,436.1,14193,2024-12-12,SafeExpress
SHP05556,Kolkata,Bhubaneswar,Medium,Chemicals,25.0,439.0,27781,2024-12-12,VRL Logistics
SHP05557,Kolkata,Bhubaneswar,Medium,Steel Coils,12.2,441.1,13415,2024-12-12,Shivam Freight Co
SHP05558,Bangalore,Hyderabad,Medium,Textiles,20.3,567.1,27963,2024-12-12,Western Carriers
SHP05559,Bangalore,Hyderabad,Medium,Packaged Foods,11.2,571.5,15649,2024-12-12,Shivam Freight Co
SHP05560,Mumbai,Delhi,Long,Packaged Foods,18.3,1423.8,53148,2024-12-12,TCI Freight
SHP05561,Delhi,Kolkata,Long,Electronics,10.0,1506.9,30047,2024-12-12,Western Carriers
SHP05562,Delhi,Kolkata,Long,Steel Coils,23.1,1509.2,68370,2024-12-12,Shivam Freight Co
SHP05563,Delhi,Kolkata,Long,Packaged Foods,19.7,1509.8,59804,2024-12-12,SafeExpress
SHP05564,Mumbai,Pune,Short,Chemicals,13.4,148.3,6194,2024-12-13,VRL Logistics
SHP05565,Delhi,Jaipur,Short,Textiles,20.5,279.0,17209,2024-12-13,SafeExpress
SHP05566,Delhi,Jaipur,Short,Packaged Foods,10.8,276.7,9108,2024-12-13,Shivam Freight Co
SHP05567,Delhi,Jaipur,Short,Electronics,18.6,283.4,15452,2024-12-13,SafeExpress
SHP05568,Chennai,Bangalore,Short,Steel Coils,21.1,350.0,19389,2024-12-13,Shivam Freight Co
SHP05569,Ahmedabad,Mumbai,Medium,Electronics,14.3,528.8,18365,2024-12-13,Western Carriers
SHP05570,Kolkata,Bhubaneswar,Medium,Electronics,10.5,440.9,11164,2024-12-13,Om Sai Transport
SHP05571,Kolkata,Bhubaneswar,Medium,Chemicals,23.3,441.0,25135,2024-12-13,TCI Freight
SHP05572,Kolkata,Bhubaneswar,Medium,Electronics,19.7,439.8,21457,2024-12-13,Western Carriers
SHP05573,Bangalore,Hyderabad,Medium,Chemicals,23.0,571.1,32106,2024-12-13,Western Carriers
SHP05574,Bangalore,Hyderabad,Medium,FMCG,21.2,573.9,29538,2024-12-13,Om Sai Transport
SHP05575,Mumbai,Delhi,Long,Textiles,20.2,1421.3,58929,2024-12-13,Western Carriers
SHP05576,Mumbai,Delhi,Long,Textiles,10.8,1421.2,30656,2024-12-13,Shivam Freight Co
SHP05577,Delhi,Kolkata,Long,FMCG,14.4,1507.7,43788,2024-12-13,Western Carriers
SHP05578,Delhi,Kolkata,Long,Steel Coils,11.4,1512.8,34724,2024-12-13,Om Sai Transport
SHP05579,Delhi,Kolkata,Long,Steel Coils,21.7,1509.7,65221,2024-12-13,SafeExpress
SHP05580,Mumbai,Pune,Short,Automobile Parts,21.6,151.9,10089,2024-12-14,SafeExpress
SHP05581,Mumbai,Pune,Short,FMCG,21.2,150.3,9881,2024-12-14,Shivam Freight Co
SHP05582,Delhi,Jaipur,Short,Automobile Parts,21.5,278.7,18257,2024-12-14,VRL Logistics
SHP05583,Delhi,Jaipur,Short,Textiles,10.7,280.8,8993,2024-12-14,TCI Freight
SHP05584,Chennai,Bangalore,Short,Packaged Foods,14.1,350.1,13806,2024-12-14,TCI Freight
SHP05585,Chennai,Bangalore,Short,Chemicals,24.3,346.5,23744,2024-12-14,SafeExpress
SHP05586,Chennai,Bangalore,Short,Automobile Parts,21.0,347.4,20473,2024-12-14,VRL Logistics
SHP05587,Ahmedabad,Mumbai,Medium,Steel Coils,18.7,530.5,23902,2024-12-14,VRL Logistics
SHP05588,Kolkata,Bhubaneswar,Medium,Packaged Foods,24.6,438.5,27017,2024-12-14,Shivam Freight Co
SHP05589,Bangalore,Hyderabad,Medium,Textiles,10.9,571.5,15434,2024-12-14,Western Carriers
SHP05590,Mumbai,Delhi,Long,Chemicals,20.2,1418.0,60946,2024-12-14,TCI Freight
SHP05591,Mumbai,Delhi,Long,FMCG,20.9,1421.3,62457,2024-12-14,Om Sai Transport
SHP05592,Mumbai,Delhi,Long,Packaged Foods,15.4,1416.6,45833,2024-12-14,TCI Freight
SHP05593,Delhi,Kolkata,Long,Electronics,16.8,1512.5,51725,2024-12-14,VRL Logistics
SHP05594,Mumbai,Pune,Short,Steel Coils,21.4,146.1,9634,2024-12-15,Western Carriers
SHP05595,Mumbai,Pune,Short,Automobile Parts,14.0,152.9,6456,2024-12-15,Western Carriers
SHP05596,Mumbai,Pune,Short,Textiles,10.1,153.5,4771,2024-12-15,TCI Freight
SHP05597,Delhi,Jaipur,Short,FMCG,23.3,280.1,19617,2024-12-15,TCI Freight
SHP05598,Delhi,Jaipur,Short,Packaged Foods,20.8,282.9,17444,2024-12-15,VRL Logistics
SHP05599,Delhi,Jaipur,Short,Chemicals,20.2,279.8,17074,2024-12-15,VRL Logistics
SHP05600,Chennai,Bangalore,Short,Automobile Parts,12.6,346.0,11830,2024-12-15,Shivam Freight Co
SHP05601,Chennai,Bangalore,Short,Automobile Parts,18.2,349.9,17284,2024-12-15,Om Sai Transport
SHP05602,Ahmedabad,Mumbai,Medium,Packaged Foods,12.7,526.6,15868,2024-12-15,VRL Logistics
SHP05603,Ahmedabad,Mumbai,Medium,Steel Coils,12.2,528.8,15613,2024-12-15,SafeExpress
SHP05604,Kolkata,Bhubaneswar,Medium,Automobile Parts,17.6,441.0,19456,2024-12-15,TCI Freight
SHP05605,Kolkata,Bhubaneswar,Medium,Textiles,17.9,443.9,20149,2024-12-15,VRL Logistics
SHP05606,Bangalore,Hyderabad,Medium,Packaged Foods,16.8,568.1,22416,2024-12-15,Om Sai Transport
SHP05607,Bangalore,Hyderabad,Medium,Steel Coils,11.7,568.2,15813,2024-12-15,Western Carriers
SHP05608,Bangalore,Hyderabad,Medium,Automobile Parts,24.9,573.5,34472,2024-12-15,Shivam Freight Co
SHP05609,Mumbai,Delhi,Long,Packaged Foods,20.4,1419.5,59643,2024-12-15,Western Carriers
SHP05610,Mumbai,Delhi,Long,Chemicals,13.8,1420.7,41296,2024-12-15,TCI Freight
SHP05611,Mumbai,Delhi,Long,Chemicals,12.3,1416.2,35800,2024-12-15,VRL Logistics
SHP05612,Delhi,Kolkata,Long,Textiles,16.3,1510.8,50680,2024-12-15,SafeExpress
SHP05613,Delhi,Kolkata,Long,Automobile Parts,23.3,1507.0,72813,2024-12-15,TCI Freight
SHP05614,Mumbai,Pune,Short,Packaged Foods,20.5,151.6,9394,2024-12-16,SafeExpress
SHP05615,Delhi,Jaipur,Short,Textiles,13.8,278.7,10818,2024-12-16,Om Sai Transport
SHP05616,Delhi,Jaipur,Short,Automobile Parts,10.5,276.8,8400,2024-12-16,Western Carriers
SHP05617,Chennai,Bangalore,Short,Electronics,13.2,348.0,12923,2024-12-16,Om Sai Transport
SHP05618,Ahmedabad,Mumbai,Medium,Automobile Parts,23.6,531.7,30770,2024-12-16,Western Carriers
SHP05619,Ahmedabad,Mumbai,Medium,FMCG,14.3,531.2,18922,2024-12-16,VRL Logistics
SHP05620,Ahmedabad,Mumbai,Medium,Packaged Foods,22.9,529.3,30609,2024-12-16,Om Sai Transport
SHP05621,Kolkata,Bhubaneswar,Medium,Steel Coils,10.2,440.3,11332,2024-12-16,TCI Freight
SHP05622,Bangalore,Hyderabad,Medium,Packaged Foods,10.7,572.1,14985,2024-12-16,VRL Logistics
SHP05623,Bangalore,Hyderabad,Medium,Chemicals,14.5,571.6,20474,2024-12-16,VRL Logistics
SHP05624,Bangalore,Hyderabad,Medium,Textiles,15.7,570.1,21873,2024-12-16,Western Carriers
SHP05625,Mumbai,Delhi,Long,Chemicals,10.4,1420.2,31043,2024-12-16,Western Carriers
SHP05626,Delhi,Kolkata,Long,Chemicals,24.1,1507.1,73946,2024-12-16,Western Carriers
SHP05627,Delhi,Kolkata,Long,Textiles,16.5,1510.3,48991,2024-12-16,TCI Freight
SHP05628,Mumbai,Pune,Short,Steel Coils,19.1,153.4,8760,2024-12-17,TCI Freight
SHP05629,Mumbai,Pune,Short,Chemicals,12.3,150.0,5502,2024-12-17,VRL Logistics
SHP05630,Mumbai,Pune,Short,Steel Coils,10.5,149.6,4584,2024-12-17,Shivam Freight Co
SHP05631,Delhi,Jaipur,Short,Automobile Parts,19.3,277.3,15984,2024-12-17,Shivam Freight Co
SHP05632,Delhi,Jaipur,Short,Electronics,21.3,282.3,17681,2024-12-17,Om Sai Transport
SHP05633,Delhi,Jaipur,Short,Automobile Parts,13.1,283.3,11030,2024-12-17,TCI Freight
SHP05634,Chennai,Bangalore,Short,Automobile Parts,16.6,347.0,16015,2024-12-17,TCI Freight
SHP05635,Chennai,Bangalore,Short,Electronics,16.4,349.1,15710,2024-12-17,VRL Logistics
SHP05636,Ahmedabad,Mumbai,Medium,Electronics,21.1,530.2,27411,2024-12-17,Om Sai Transport
SHP05637,Kolkata,Bhubaneswar,Medium,FMCG,17.2,444.0,18736,2024-12-17,VRL Logistics
SHP05638,Kolkata,Bhubaneswar,Medium,Automobile Parts,11.2,439.5,12165,2024-12-17,Om Sai Transport
SHP05639,Kolkata,Bhubaneswar,Medium,Electronics,13.4,441.3,14312,2024-12-17,Western Carriers
SHP05640,Bangalore,Hyderabad,Medium,Automobile Parts,17.2,571.6,23231,2024-12-17,Om Sai Transport
SHP05641,Bangalore,Hyderabad,Medium,FMCG,19.8,567.5,27103,2024-12-17,SafeExpress
SHP05642,Bangalore,Hyderabad,Medium,Textiles,20.7,570.0,27537,2024-12-17,VRL Logistics
SHP05643,Mumbai,Delhi,Long,Steel Coils,18.8,1418.9,53137,2024-12-17,SafeExpress
SHP05644,Mumbai,Delhi,Long,Steel Coils,19.5,1417.8,56424,2024-12-17,TCI Freight
SHP05645,Mumbai,Delhi,Long,Packaged Foods,23.9,1418.8,68175,2024-12-17,VRL Logistics
SHP05646,Delhi,Kolkata,Long,Textiles,20.9,1506.3,62867,2024-12-17,VRL Logistics
SHP05647,Delhi,Kolkata,Long,FMCG,16.2,1508.3,49687,2024-12-17,Western Carriers
SHP05648,Mumbai,Pune,Short,Electronics,23.4,152.4,11026,2024-12-18,Shivam Freight Co
SHP05649,Mumbai,Pune,Short,Chemicals,11.6,148.3,5213,2024-12-18,TCI Freight
SHP05650,Mumbai,Pune,Short,Automobile Parts,11.0,152.8,5157,2024-12-18,Western Carriers
SHP05651,Delhi,Jaipur,Short,Automobile Parts,19.7,279.2,16326,2024-12-18,VRL Logistics
SHP05652,Delhi,Jaipur,Short,Textiles,10.2,279.0,8697,2024-12-18,TCI Freight
SHP05653,Chennai,Bangalore,Short,Steel Coils,16.5,352.0,16295,2024-12-18,Om Sai Transport
SHP05654,Chennai,Bangalore,Short,Electronics,19.4,351.7,18630,2024-12-18,Om Sai Transport
SHP05655,Ahmedabad,Mumbai,Medium,Automobile Parts,18.0,528.6,23393,2024-12-18,Shivam Freight Co
SHP05656,Ahmedabad,Mumbai,Medium,Steel Coils,22.7,526.1,29331,2024-12-18,Western Carriers
SHP05657,Ahmedabad,Mumbai,Medium,Chemicals,24.1,530.9,31042,2024-12-18,Western Carriers
SHP05658,Kolkata,Bhubaneswar,Medium,Electronics,10.5,439.4,11730,2024-12-18,TCI Freight
SHP05659,Bangalore,Hyderabad,Medium,Steel Coils,11.9,566.5,16413,2024-12-18,Om Sai Transport
SHP05660,Mumbai,Delhi,Long,Automobile Parts,13.6,1421.6,40524,2024-12-18,Shivam Freight Co
SHP05661,Delhi,Kolkata,Long,Chemicals,13.4,1507.2,41045,2024-12-18,TCI Freight
SHP05662,Delhi,Kolkata,Long,Packaged Foods,23.4,1506.4,72191,2024-12-18,Shivam Freight Co
SHP05663,Mumbai,Pune,Short,Automobile Parts,15.5,153.6,7079,2024-12-19,VRL Logistics
SHP05664,Delhi,Jaipur,Short,Electronics,16.9,278.6,13961,2024-12-19,SafeExpress
SHP05665,Chennai,Bangalore,Short,Automobile Parts,11.1,352.1,10664,2024-12-19,VRL Logistics
SHP05666,Chennai,Bangalore,Short,Electronics,19.9,350.9,19091,2024-12-19,TCI Freight
SHP05667,Chennai,Bangalore,Short,Textiles,14.4,351.3,14160,2024-12-19,TCI Freight
SHP05668,Ahmedabad,Mumbai,Medium,Textiles,15.5,529.0,20211,2024-12-19,Western Carriers
SHP05669,Ahmedabad,Mumbai,Medium,Electronics,19.4,527.9,24491,2024-12-19,Western Carriers
SHP05670,Ahmedabad,Mumbai,Medium,FMCG,11.7,526.7,14964,2024-12-19,VRL Logistics
SHP05671,Kolkata,Bhubaneswar,Medium,Textiles,15.2,437.8,16802,2024-12-19,Om Sai Transport
SHP05672,Kolkata,Bhubaneswar,Medium,FMCG,19.9,441.9,22389,2024-12-19,Shivam Freight Co
SHP05673,Kolkata,Bhubaneswar,Medium,Electronics,23.4,443.5,26854,2024-12-19,TCI Freight
SHP05674,Bangalore,Hyderabad,Medium,Chemicals,14.7,569.2,19971,2024-12-19,Western Carriers
SHP05675,Mumbai,Delhi,Long,Electronics,23.6,1418.4,69462,2024-12-19,VRL Logistics
SHP05676,Delhi,Kolkata,Long,Steel Coils,10.6,1512.4,32105,2024-12-19,SafeExpress
SHP05677,Mumbai,Pune,Short,Electronics,16.9,153.1,7675,2024-12-20,TCI Freight
SHP05678,Mumbai,Pune,Short,Electronics,24.3,147.1,10673,2024-12-20,VRL Logistics
SHP05679,Mumbai,Pune,Short,Packaged Foods,13.6,151.5,6285,2024-12-20,Om Sai Transport
SHP05680,Delhi,Jaipur,Short,Steel Coils,14.3,283.0,12223,2024-12-20,TCI Freight
SHP05681,Delhi,Jaipur,Short,Electronics,21.6,277.6,17750,2024-12-20,Shivam Freight Co
SHP05682,Chennai,Bangalore,Short,Packaged Foods,20.7,347.4,20122,2024-12-20,VRL Logistics
SHP05683,Ahmedabad,Mumbai,Medium,Chemicals,17.2,527.3,22347,2024-12-20,Shivam Freight Co
SHP05684,Ahmedabad,Mumbai,Medium,Chemicals,14.2,531.7,18978,2024-12-20,VRL Logistics
SHP05685,Ahmedabad,Mumbai,Medium,Steel Coils,22.0,526.7,28940,2024-12-20,VRL Logistics
SHP05686,Kolkata,Bhubaneswar,Medium,FMCG,23.5,436.7,24933,2024-12-20,Shivam Freight Co
SHP05687,Bangalore,Hyderabad,Medium,FMCG,20.9,571.9,27876,2024-12-20,TCI Freight
SHP05688,Bangalore,Hyderabad,Medium,Chemicals,17.1,571.7,22771,2024-12-20,Western Carriers
SHP05689,Mumbai,Delhi,Long,Packaged Foods,16.9,1417.4,49562,2024-12-20,Om Sai Transport
SHP05690,Mumbai,Delhi,Long,FMCG,14.4,1419.9,41598,2024-12-20,Shivam Freight Co
SHP05691,Mumbai,Delhi,Long,Electronics,21.6,1417.2,63520,2024-12-20,Western Carriers
SHP05692,Delhi,Kolkata,Long,FMCG,10.6,1514.0,31262,2024-12-20,VRL Logistics
SHP05693,Mumbai,Pune,Short,Chemicals,24.3,150.9,10842,2024-12-21,Western Carriers
SHP05694,Delhi,Jaipur,Short,Textiles,20.2,280.6,16617,2024-12-21,Om Sai Transport
SHP05695,Chennai,Bangalore,Short,Chemicals,18.6,346.9,17475,2024-12-21,Om Sai Transport
SHP05696,Chennai,Bangalore,Short,Chemicals,13.3,346.6,12351,2024-12-21,Western Carriers
SHP05697,Chennai,Bangalore,Short,Steel Coils,13.1,352.5,12433,2024-12-21,Om Sai Transport
SHP05698,Ahmedabad,Mumbai,Medium,Electronics,10.8,529.2,14108,2024-12-21,Western Carriers
SHP05699,Ahmedabad,Mumbai,Medium,FMCG,23.7,533.9,30963,2024-12-21,Western Carriers
SHP05700,Ahmedabad,Mumbai,Medium,Chemicals,18.2,527.7,23958,2024-12-21,Shivam Freight Co
SHP05701,Kolkata,Bhubaneswar,Medium,Packaged Foods,14.8,438.3,16838,2024-12-21,Om Sai Transport
SHP05702,Kolkata,Bhubaneswar,Medium,Steel Coils,21.7,441.8,24057,2024-12-21,VRL Logistics
SHP05703,Bangalore,Hyderabad,Medium,Packaged Foods,16.4,570.7,23496,2024-12-21,VRL Logistics
SHP05704,Bangalore,Hyderabad,Medium,Packaged Foods,17.1,573.2,24058,2024-12-21,Western Carriers
SHP05705,Mumbai,Delhi,Long,Electronics,12.3,1422.0,36144,2024-12-21,SafeExpress
SHP05706,Mumbai,Delhi,Long,Electronics,11.1,1417.2,32082,2024-12-21,Om Sai Transport
SHP05707,Delhi,Kolkata,Long,Chemicals,19.9,1512.7,59906,2024-12-21,Western Carriers
SHP05708,Mumbai,Pune,Short,Packaged Foods,20.1,153.8,9211,2024-12-22,VRL Logistics
SHP05709,Mumbai,Pune,Short,FMCG,20.4,152.2,9056,2024-12-22,Shivam Freight Co
SHP05710,Mumbai,Pune,Short,Automobile Parts,21.4,153.6,9639,2024-12-22,Om Sai Transport
SHP05711,Delhi,Jaipur,Short,Chemicals,10.3,283.0,8320,2024-12-22,VRL Logistics
SHP05712,Delhi,Jaipur,Short,Automobile Parts,19.0,279.2,15442,2024-12-22,SafeExpress
SHP05713,Chennai,Bangalore,Short,Steel Coils,12.1,352.9,12000,2024-12-22,Western Carriers
SHP05714,Ahmedabad,Mumbai,Medium,FMCG,21.1,529.9,27131,2024-12-22,Shivam Freight Co
SHP05715,Kolkata,Bhubaneswar,Medium,Packaged Foods,23.7,440.0,26271,2024-12-22,TCI Freight
SHP05716,Kolkata,Bhubaneswar,Medium,Steel Coils,13.7,439.4,15130,2024-12-22,Shivam Freight Co
SHP05717,Kolkata,Bhubaneswar,Medium,FMCG,16.1,442.4,18389,2024-12-22,SafeExpress
SHP05718,Bangalore,Hyderabad,Medium,Electronics,17.9,570.3,23899,2024-12-22,Om Sai Transport
SHP05719,Bangalore,Hyderabad,Medium,FMCG,15.0,567.9,20378,2024-12-22,TCI Freight
SHP05720,Bangalore,Hyderabad,Medium,Textiles,12.1,569.9,16574,2024-12-22,TCI Freight
SHP05721,Mumbai,Delhi,Long,Textiles,18.3,1421.5,54057,2024-12-22,VRL Logistics
SHP05722,Delhi,Kolkata,Long,Automobile Parts,21.5,1507.7,65128,2024-12-22,Shivam Freight Co
SHP05723,Mumbai,Pune,Short,Automobile Parts,12.5,150.2,5847,2024-12-23,SafeExpress
SHP05724,Mumbai,Pune,Short,Automobile Parts,23.6,150.3,10958,2024-12-23,Om Sai Transport
SHP05725,Delhi,Jaipur,Short,Chemicals,12.9,282.7,10885,2024-12-23,Shivam Freight Co
SHP05726,Delhi,Jaipur,Short,Automobile Parts,20.4,276.3,16466,2024-12-23,VRL Logistics
SHP05727,Delhi,Jaipur,Short,Textiles,16.2,280.2,13520,2024-12-23,TCI Freight
SHP05728,Chennai,Bangalore,Short,Automobile Parts,14.0,353.5,13495,2024-12-23,Shivam Freight Co
SHP05729,Chennai,Bangalore,Short,Textiles,16.0,347.0,14965,2024-12-23,VRL Logistics
SHP05730,Ahmedabad,Mumbai,Medium,Textiles,16.0,529.5,20921,2024-12-23,TCI Freight
SHP05731,Ahmedabad,Mumbai,Medium,FMCG,17.7,528.4,23086,2024-12-23,VRL Logistics
SHP05732,Ahmedabad,Mumbai,Medium,Chemicals,11.2,528.0,14792,2024-12-23,Shivam Freight Co
SHP05733,Kolkata,Bhubaneswar,Medium,Automobile Parts,15.7,437.7,17093,2024-12-23,TCI Freight
SHP05734,Kolkata,Bhubaneswar,Medium,Packaged Foods,11.5,439.0,12720,2024-12-23,Om Sai Transport
SHP05735,Kolkata,Bhubaneswar,Medium,Steel Coils,11.1,443.0,12454,2024-12-23,SafeExpress
SHP05736,Bangalore,Hyderabad,Medium,Textiles,15.1,572.3,21226,2024-12-23,SafeExpress
SHP05737,Mumbai,Delhi,Long,Automobile Parts,16.0,1417.4,48704,2024-12-23,TCI Freight
SHP05738,Mumbai,Delhi,Long,FMCG,23.9,1422.0,72911,2024-12-23,Om Sai Transport
SHP05739,Delhi,Kolkata,Long,FMCG,22.1,1513.9,66106,2024-12-23,Western Carriers
SHP05740,Mumbai,Pune,Short,Textiles,24.9,148.5,11094,2024-12-24,Western Carriers
SHP05741,Mumbai,Pune,Short,Packaged Foods,16.4,149.3,7103,2024-12-24,Shivam Freight Co
SHP05742,Mumbai,Pune,Short,Steel Coils,24.3,146.7,10609,2024-12-24,Om Sai Transport
SHP05743,Delhi,Jaipur,Short,Chemicals,24.5,283.7,20399,2024-12-24,SafeExpress
SHP05744,Chennai,Bangalore,Short,FMCG,11.5,347.0,11403,2024-12-24,SafeExpress
SHP05745,Chennai,Bangalore,Short,Chemicals,22.0,351.9,21715,2024-12-24,Om Sai Transport
SHP05746,Chennai,Bangalore,Short,Chemicals,19.9,350.3,19933,2024-12-24,VRL Logistics
SHP05747,Ahmedabad,Mumbai,Medium,Textiles,24.7,529.6,32810,2024-12-24,Shivam Freight Co
SHP05748,Ahmedabad,Mumbai,Medium,Electronics,19.1,532.2,24987,2024-12-24,VRL Logistics
SHP05749,Ahmedabad,Mumbai,Medium,FMCG,11.7,526.3,15201,2024-12-24,Western Carriers
SHP05750,Kolkata,Bhubaneswar,Medium,Chemicals,22.2,437.9,24854,2024-12-24,VRL Logistics
SHP05751,Bangalore,Hyderabad,Medium,Electronics,22.2,573.7,29437,2024-12-24,SafeExpress
SHP05752,Bangalore,Hyderabad,Medium,Electronics,17.3,567.4,23184,2024-12-24,Western Carriers
SHP05753,Bangalore,Hyderabad,Medium,FMCG,23.1,570.6,30577,2024-12-24,Om Sai Transport
SHP05754,Mumbai,Delhi,Long,Chemicals,19.2,1418.0,55874,2024-12-24,VRL Logistics
SHP05755,Mumbai,Delhi,Long,FMCG,22.5,1418.3,67053,2024-12-24,Western Carriers
SHP05756,Delhi,Kolkata,Long,Automobile Parts,15.3,1511.6,46068,2024-12-24,VRL Logistics
SHP05757,Delhi,Kolkata,Long,Automobile Parts,10.1,1507.3,29810,2024-12-24,Western Carriers
SHP05758,Delhi,Kolkata,Long,Packaged Foods,23.3,1513.1,71024,2024-12-24,Western Carriers
SHP05759,Mumbai,Pune,Short,Textiles,16.9,148.2,7786,2024-12-25,Western Carriers
SHP05760,Delhi,Jaipur,Short,Automobile Parts,14.7,277.5,12028,2024-12-25,Western Carriers
SHP05761,Delhi,Jaipur,Short,Textiles,13.4,277.7,10992,2024-12-25,Western Carriers
SHP05762,Delhi,Jaipur,Short,Electronics,17.3,280.1,14273,2024-12-25,Shivam Freight Co
SHP05763,Chennai,Bangalore,Short,Steel Coils,18.3,346.1,17253,2024-12-25,Western Carriers
SHP05764,Chennai,Bangalore,Short,Automobile Parts,14.3,351.7,13544,2024-12-25,SafeExpress
SHP05765,Ahmedabad,Mumbai,Medium,FMCG,10.6,531.9,14058,2024-12-25,TCI Freight
SHP05766,Ahmedabad,Mumbai,Medium,FMCG,14.2,528.4,19032,2024-12-25,VRL Logistics
SHP05767,Ahmedabad,Mumbai,Medium,FMCG,20.6,527.4,27490,2024-12-25,Om Sai Transport
SHP05768,Kolkata,Bhubaneswar,Medium,Chemicals,21.8,442.2,24199,2024-12-25,Om Sai Transport
SHP05769,Kolkata,Bhubaneswar,Medium,FMCG,17.3,441.1,18996,2024-12-25,SafeExpress
SHP05770,Bangalore,Hyderabad,Medium,Electronics,18.6,571.3,25885,2024-12-25,Om Sai Transport
SHP05771,Bangalore,Hyderabad,Medium,Automobile Parts,12.1,566.4,16915,2024-12-25,VRL Logistics
SHP05772,Mumbai,Delhi,Long,Chemicals,22.4,1419.8,65318,2024-12-25,Om Sai Transport
SHP05773,Mumbai,Delhi,Long,Chemicals,20.9,1423.1,60404,2024-12-25,SafeExpress
SHP05774,Mumbai,Delhi,Long,Chemicals,20.1,1423.7,59198,2024-12-25,VRL Logistics
SHP05775,Delhi,Kolkata,Long,Packaged Foods,17.3,1513.5,51182,2024-12-25,SafeExpress
SHP05776,Delhi,Kolkata,Long,Textiles,14.5,1507.0,42415,2024-12-25,SafeExpress
SHP05777,Delhi,Kolkata,Long,Chemicals,11.2,1511.7,32471,2024-12-25,TCI Freight
SHP05778,Mumbai,Pune,Short,FMCG,22.0,149.7,9599,2024-12-26,VRL Logistics
SHP05779,Mumbai,Pune,Short,FMCG,17.3,153.0,7961,2024-12-26,Western Carriers
SHP05780,Mumbai,Pune,Short,Textiles,18.2,150.1,8117,2024-12-26,Western Carriers
SHP05781,Delhi,Jaipur,Short,Chemicals,20.0,284.0,16748,2024-12-26,Western Carriers
SHP05782,Delhi,Jaipur,Short,Packaged Foods,20.9,282.7,17072,2024-12-26,SafeExpress
SHP05783,Chennai,Bangalore,Short,Packaged Foods,15.1,351.1,14441,2024-12-26,Om Sai Transport
SHP05784,Ahmedabad,Mumbai,Medium,Steel Coils,18.3,531.8,22815,2024-12-26,Om Sai Transport
SHP05785,Ahmedabad,Mumbai,Medium,Chemicals,18.6,529.2,23598,2024-12-26,SafeExpress
SHP05786,Ahmedabad,Mumbai,Medium,Chemicals,16.2,531.3,20169,2024-12-26,SafeExpress
SHP05787,Kolkata,Bhubaneswar,Medium,Chemicals,18.2,442.7,19747,2024-12-26,Western Carriers
SHP05788,Kolkata,Bhubaneswar,Medium,Automobile Parts,16.9,444.0,18535,2024-12-26,Western Carriers
SHP05789,Kolkata,Bhubaneswar,Medium,Packaged Foods,24.6,440.2,27134,2024-12-26,Shivam Freight Co
SHP05790,Bangalore,Hyderabad,Medium,FMCG,22.5,569.8,30496,2024-12-26,Shivam Freight Co
SHP05791,Bangalore,Hyderabad,Medium,FMCG,22.2,569.6,29767,2024-12-26,Shivam Freight Co
SHP05792,Bangalore,Hyderabad,Medium,Electronics,17.7,570.2,23992,2024-12-26,Western Carriers
SHP05793,Mumbai,Delhi,Long,FMCG,10.5,1417.8,31374,2024-12-26,Western Carriers
SHP05794,Mumbai,Delhi,Long,Steel Coils,24.5,1416.3,73387,2024-12-26,VRL Logistics
SHP05795,Mumbai,Delhi,Long,Electronics,18.9,1420.0,56274,2024-12-26,SafeExpress
SHP05796,Delhi,Kolkata,Long,Steel Coils,23.0,1510.3,70644,2024-12-26,TCI Freight
SHP05797,Delhi,Kolkata,Long,Textiles,10.9,1509.3,32853,2024-12-26,Western Carriers
SHP05798,Mumbai,Pune,Short,Automobile Parts,16.6,149.2,7570,2024-12-27,VRL Logistics
SHP05799,Mumbai,Pune,Short,Steel Coils,11.3,151.4,5265,2024-12-27,TCI Freight
SHP05800,Delhi,Jaipur,Short,FMCG,17.1,278.2,13617,2024-12-27,Shivam Freight Co
SHP05801,Delhi,Jaipur,Short,Steel Coils,15.0,277.6,11815,2024-12-27,Shivam Freight Co
SHP05802,Delhi,Jaipur,Short,Steel Coils,24.6,277.5,19578,2024-12-27,Shivam Freight Co
SHP05803,Chennai,Bangalore,Short,Steel Coils,24.3,349.1,22708,2024-12-27,VRL Logistics
SHP05804,Chennai,Bangalore,Short,Electronics,13.3,353.6,12464,2024-12-27,Shivam Freight Co
SHP05805,Chennai,Bangalore,Short,Textiles,16.9,354.0,16351,2024-12-27,Shivam Freight Co
SHP05806,Ahmedabad,Mumbai,Medium,Electronics,16.5,528.7,21535,2024-12-27,Om Sai Transport
SHP05807,Kolkata,Bhubaneswar,Medium,Electronics,15.5,442.0,16640,2024-12-27,TCI Freight
SHP05808,Kolkata,Bhubaneswar,Medium,Packaged Foods,21.4,437.6,23160,2024-12-27,Shivam Freight Co
SHP05809,Bangalore,Hyderabad,Medium,FMCG,23.2,572.7,32179,2024-12-27,SafeExpress
SHP05810,Bangalore,Hyderabad,Medium,Automobile Parts,13.1,570.8,17918,2024-12-27,Om Sai Transport
SHP05811,Mumbai,Delhi,Long,Automobile Parts,18.0,1417.0,51102,2024-12-27,Om Sai Transport
SHP05812,Mumbai,Delhi,Long,Steel Coils,21.6,1422.2,61240,2024-12-27,Om Sai Transport
SHP05813,Delhi,Kolkata,Long,Packaged Foods,21.3,1507.5,63459,2024-12-27,Om Sai Transport
SHP05814,Mumbai,Pune,Short,Packaged Foods,21.5,149.8,9920,2024-12-28,Shivam Freight Co
SHP05815,Mumbai,Pune,Short,Steel Coils,18.8,150.3,8511,2024-12-28,VRL Logistics
SHP05816,Mumbai,Pune,Short,Packaged Foods,10.5,153.5,4973,2024-12-28,VRL Logistics
SHP05817,Delhi,Jaipur,Short,Electronics,12.9,283.1,10419,2024-12-28,TCI Freight
SHP05818,Chennai,Bangalore,Short,FMCG,14.2,347.7,13837,2024-12-28,Shivam Freight Co
SHP05819,Chennai,Bangalore,Short,Electronics,19.7,347.0,19536,2024-12-28,Shivam Freight Co
SHP05820,Chennai,Bangalore,Short,Chemicals,13.3,348.2,12823,2024-12-28,Western Carriers
SHP05821,Ahmedabad,Mumbai,Medium,Automobile Parts,20.3,532.0,26272,2024-12-28,TCI Freight
SHP05822,Ahmedabad,Mumbai,Medium,Electronics,18.1,531.3,24135,2024-12-28,Western Carriers
SHP05823,Kolkata,Bhubaneswar,Medium,FMCG,15.3,442.8,16688,2024-12-28,Western Carriers
SHP05824,Kolkata,Bhubaneswar,Medium,Chemicals,15.5,437.2,16937,2024-12-28,Om Sai Transport
SHP05825,Bangalore,Hyderabad,Medium,Electronics,14.3,567.3,19290,2024-12-28,Om Sai Transport
SHP05826,Bangalore,Hyderabad,Medium,Chemicals,16.8,571.0,23108,2024-12-28,SafeExpress
SHP05827,Bangalore,Hyderabad,Medium,Electronics,15.4,570.2,20780,2024-12-28,Om Sai Transport
SHP05828,Mumbai,Delhi,Long,Chemicals,22.0,1417.7,62855,2024-12-28,SafeExpress
SHP05829,Mumbai,Delhi,Long,Electronics,19.1,1420.9,56645,2024-12-28,Western Carriers
SHP05830,Mumbai,Delhi,Long,Electronics,13.3,1420.1,38332,2024-12-28,VRL Logistics
SHP05831,Delhi,Kolkata,Long,FMCG,17.6,1506.8,52052,2024-12-28,Western Carriers
SHP05832,Mumbai,Pune,Short,Electronics,21.7,152.4,9945,2024-12-29,Shivam Freight Co
SHP05833,Mumbai,Pune,Short,Electronics,10.2,147.0,4465,2024-12-29,Western Carriers
SHP05834,Delhi,Jaipur,Short,Steel Coils,10.6,281.4,8864,2024-12-29,VRL Logistics
SHP05835,Delhi,Jaipur,Short,FMCG,17.1,280.0,14355,2024-12-29,TCI Freight
SHP05836,Delhi,Jaipur,Short,Chemicals,18.0,280.6,14770,2024-12-29,TCI Freight
SHP05837,Chennai,Bangalore,Short,Textiles,21.0,346.7,19638,2024-12-29,Om Sai Transport
SHP05838,Chennai,Bangalore,Short,Steel Coils,22.8,348.5,21562,2024-12-29,Shivam Freight Co
SHP05839,Chennai,Bangalore,Short,Electronics,18.5,348.6,17514,2024-12-29,SafeExpress
SHP05840,Ahmedabad,Mumbai,Medium,Textiles,16.2,531.4,20912,2024-12-29,TCI Freight
SHP05841,Ahmedabad,Mumbai,Medium,Chemicals,18.9,528.7,23704,2024-12-29,TCI Freight
SHP05842,Ahmedabad,Mumbai,Medium,Textiles,21.8,528.8,27657,2024-12-29,SafeExpress
SHP05843,Kolkata,Bhubaneswar,Medium,Automobile Parts,11.1,438.9,12164,2024-12-29,Om Sai Transport
SHP05844,Kolkata,Bhubaneswar,Medium,Packaged Foods,12.2,436.3,13720,2024-12-29,Western Carriers
SHP05845,Kolkata,Bhubaneswar,Medium,Steel Coils,22.1,437.2,24528,2024-12-29,SafeExpress
SHP05846,Bangalore,Hyderabad,Medium,Automobile Parts,24.6,571.5,33885,2024-12-29,Western Carriers
SHP05847,Mumbai,Delhi,Long,Electronics,22.4,1421.8,65567,2024-12-29,Om Sai Transport
SHP05848,Delhi,Kolkata,Long,Packaged Foods,18.5,1509.6,55352,2024-12-29,SafeExpress
SHP05849,Delhi,Kolkata,Long,Packaged Foods,10.1,1511.3,29648,2024-12-29,Shivam Freight Co
SHP05850,Delhi,Kolkata,Long,Automobile Parts,14.5,1510.8,43282,2024-12-29,Western Carriers
SHP05851,Mumbai,Pune,Short,Steel Coils,13.1,152.0,6230,2024-12-30,SafeExpress
SHP05852,Delhi,Jaipur,Short,Electronics,18.4,282.2,15186,2024-12-30,Om Sai Transport
SHP05853,Delhi,Jaipur,Short,Electronics,17.7,281.3,14586,2024-12-30,VRL Logistics
SHP05854,Chennai,Bangalore,Short,Packaged Foods,21.8,352.4,20704,2024-12-30,TCI Freight
SHP05855,Chennai,Bangalore,Short,FMCG,11.5,347.6,10687,2024-12-30,Western Carriers
SHP05856,Ahmedabad,Mumbai,Medium,Textiles,18.4,531.1,23698,2024-12-30,SafeExpress
SHP05857,Ahmedabad,Mumbai,Medium,Chemicals,20.7,532.5,27171,2024-12-30,VRL Logistics
SHP05858,Kolkata,Bhubaneswar,Medium,Chemicals,20.3,442.3,22531,2024-12-30,SafeExpress
SHP05859,Kolkata,Bhubaneswar,Medium,FMCG,23.2,442.1,25512,2024-12-30,Western Carriers
SHP05860,Bangalore,Hyderabad,Medium,Automobile Parts,10.4,573.5,14069,2024-12-30,VRL Logistics
SHP05861,Bangalore,Hyderabad,Medium,Chemicals,11.3,573.3,15195,2024-12-30,VRL Logistics
SHP05862,Bangalore,Hyderabad,Medium,FMCG,16.6,571.9,22630,2024-12-30,TCI Freight
SHP05863,Mumbai,Delhi,Long,Chemicals,22.2,1418.2,64177,2024-12-30,SafeExpress
SHP05864,Mumbai,Delhi,Long,Automobile Parts,19.3,1420.1,56202,2024-12-30,Om Sai Transport
SHP05865,Delhi,Kolkata,Long,Electronics,10.7,1507.2,33204,2024-12-30,TCI Freight
SHP05866,Mumbai,Pune,Short,Steel Coils,22.0,148.2,10155,2024-12-31,VRL Logistics
SHP05867,Mumbai,Pune,Short,Textiles,14.5,153.4,6907,2024-12-31,VRL Logistics
SHP05868,Delhi,Jaipur,Short,Packaged Foods,25.0,278.6,20324,2024-12-31,Western Carriers
SHP05869,Delhi,Jaipur,Short,Automobile Parts,10.5,278.8,8559,2024-12-31,Shivam Freight Co
SHP05870,Delhi,Jaipur,Short,FMCG,18.2,276.0,14671,2024-12-31,VRL Logistics
SHP05871,Chennai,Bangalore,Short,FMCG,10.0,349.1,9477,2024-12-31,Shivam Freight Co
SHP05872,Chennai,Bangalore,Short,Automobile Parts,16.0,347.7,15189,2024-12-31,SafeExpress
SHP05873,Ahmedabad,Mumbai,Medium,Packaged Foods,21.1,527.0,27165,2024-12-31,Om Sai Transport
SHP05874,Ahmedabad,Mumbai,Medium,FMCG,22.2,527.4,28559,2024-12-31,Om Sai Transport
SHP05875,Ahmedabad,Mumbai,Medium,Textiles,22.2,531.8,29220,2024-12-31,VRL Logistics
SHP05876,Kolkata,Bhubaneswar,Medium,Electronics,20.7,441.7,23113,2024-12-31,TCI Freight
SHP05877,Kolkata,Bhubaneswar,Medium,Textiles,10.7,443.2,12029,2024-12-31,Shivam Freight Co
SHP05878,Bangalore,Hyderabad,Medium,Chemicals,13.3,567.8,17657,2024-12-31,SafeExpress
SHP05879,Bangalore,Hyderabad,Medium,FMCG,19.9,571.7,26461,2024-12-31,Om Sai Transport
SHP05880,Bangalore,Hyderabad,Medium,FMCG,14.7,570.1,19491,2024-12-31,Shivam Freight Co
SHP05881,Mumbai,Delhi,Long,Packaged Foods,17.2,1422.3,49719,2024-12-31,Shivam Freight Co
SHP05882,Mumbai,Delhi,Long,FMCG,23.3,1423.9,65505,2024-12-31,VRL Logistics
SHP05883,Delhi,Kolkata,Long,Chemicals,18.1,1506.8,56477,2024-12-31,Shivam Freight Co
SHP05884,Delhi,Kolkata,Long,Chemicals,23.7,1509.1,73764,2024-12-31,VRL Logistics
SHP05885,Mumbai,Pune,Short,Electronics,23.7,146.9,10565,2025-01-01,VRL Logistics
SHP05886,Mumbai,Pune,Short,Packaged Foods,15.3,146.3,6656,2025-01-01,Western Carriers
SHP05887,Mumbai,Pune,Short,Chemicals,22.2,152.5,10109,2025-01-01,SafeExpress
SHP05888,Delhi,Jaipur,Short,Automobile Parts,21.9,280.0,18119,2025-01-01,Shivam Freight Co
SHP05889,Chennai,Bangalore,Short,Steel Coils,24.2,348.5,23334,2025-01-01,Western Carriers
SHP05890,Chennai,Bangalore,Short,Chemicals,22.5,347.3,21931,2025-01-01,Western Carriers
SHP05891,Chennai,Bangalore,Short,Packaged Foods,22.7,353.6,22554,2025-01-01,SafeExpress
SHP05892,Ahmedabad,Mumbai,Medium,Chemicals,16.3,526.8,21267,2025-01-01,Om Sai Transport
SHP05893,Ahmedabad,Mumbai,Medium,Textiles,12.1,527.7,16205,2025-01-01,TCI Freight
SHP05894,Ahmedabad,Mumbai,Medium,FMCG,24.4,528.8,31812,2025-01-01,VRL Logistics
SHP05895,Kolkata,Bhubaneswar,Medium,Electronics,22.4,443.5,24131,2025-01-01,Shivam Freight Co
SHP05896,Bangalore,Hyderabad,Medium,Steel Coils,17.8,570.0,24836,2025-01-01,Western Carriers
SHP05897,Bangalore,Hyderabad,Medium,Packaged Foods,18.1,569.6,25277,2025-01-01,Shivam Freight Co
SHP05898,Mumbai,Delhi,Long,Electronics,21.8,1423.2,64949,2025-01-01,Shivam Freight Co
SHP05899,Delhi,Kolkata,Long,Packaged Foods,18.9,1514.0,58506,2025-01-01,SafeExpress
SHP05900,Mumbai,Pune,Short,Packaged Foods,11.7,146.7,5104,2025-01-02,Western Carriers
SHP05901,Mumbai,Pune,Short,Electronics,11.2,146.5,4795,2025-01-02,Om Sai Transport
SHP05902,Mumbai,Pune,Short,FMCG,20.7,152.9,9497,2025-01-02,Western Carriers
SHP05903,Delhi,Jaipur,Short,Textiles,12.9,283.4,10721,2025-01-02,TCI Freight
SHP05904,Delhi,Jaipur,Short,Electronics,17.6,283.0,14792,2025-01-02,Om Sai Transport
SHP05905,Delhi,Jaipur,Short,FMCG,21.8,276.5,17704,2025-01-02,VRL Logistics
SHP05906,Chennai,Bangalore,Short,Electronics,18.3,350.8,18124,2025-01-02,TCI Freight
SHP05907,Chennai,Bangalore,Short,Chemicals,22.2,354.0,22326,2025-01-02,Western Carriers
SHP05908,Ahmedabad,Mumbai,Medium,Textiles,16.1,530.6,20827,2025-01-02,VRL Logistics
SHP05909,Kolkata,Bhubaneswar,Medium,Steel Coils,12.1,436.7,12607,2025-01-02,SafeExpress
SHP05910,Bangalore,Hyderabad,Medium,Electronics,14.1,569.2,18394,2025-01-02,TCI Freight
SHP05911,Mumbai,Delhi,Long,Packaged Foods,21.9,1418.0,64447,2025-01-02,TCI Freight
SHP05912,Mumbai,Delhi,Long,Packaged Foods,20.4,1421.6,60409,2025-01-02,VRL Logistics
SHP05913,Delhi,Kolkata,Long,Textiles,14.1,1512.7,41582,2025-01-02,VRL Logistics
SHP05914,Delhi,Kolkata,Long,Packaged Foods,15.3,1510.5,45516,2025-01-02,TCI Freight
SHP05915,Delhi,Kolkata,Long,Chemicals,22.7,1511.4,66269,2025-01-02,Shivam Freight Co
SHP05916,Mumbai,Pune,Short,Automobile Parts,16.9,151.5,7593,2025-01-03,TCI Freight
SHP05917,Delhi,Jaipur,Short,Chemicals,18.2,280.9,15335,2025-01-03,Western Carriers
SHP05918,Delhi,Jaipur,Short,Textiles,13.9,276.3,11418,2025-01-03,Shivam Freight Co
SHP05919,Delhi,Jaipur,Short,Textiles,20.0,278.4,16586,2025-01-03,TCI Freight
SHP05920,Chennai,Bangalore,Short,Steel Coils,16.5,349.5,15609,2025-01-03,Western Carriers
SHP05921,Chennai,Bangalore,Short,FMCG,18.0,352.1,17250,2025-01-03,SafeExpress
SHP05922,Chennai,Bangalore,Short,Steel Coils,23.2,350.8,22464,2025-01-03,Shivam Freight Co
SHP05923,Ahmedabad,Mumbai,Medium,Packaged Foods,17.9,530.0,22797,2025-01-03,SafeExpress
SHP05924,Ahmedabad,Mumbai,Medium,Chemicals,20.1,533.9,25526,2025-01-03,VRL Logistics
SHP05925,Kolkata,Bhubaneswar,Medium,Steel Coils,21.7,437.1,24008,2025-01-03,TCI Freight
SHP05926,Bangalore,Hyderabad,Medium,FMCG,21.4,566.7,29507,2025-01-03,Western Carriers
SHP05927,Bangalore,Hyderabad,Medium,Textiles,16.5,570.3,23246,2025-01-03,TCI Freight
SHP05928,Mumbai,Delhi,Long,Electronics,16.0,1422.5,46810,2025-01-03,Western Carriers
SHP05929,Mumbai,Delhi,Long,Textiles,19.8,1419.3,56820,2025-01-03,SafeExpress
SHP05930,Delhi,Kolkata,Long,Steel Coils,22.3,1512.0,65508,2025-01-03,Shivam Freight Co
SHP05931,Delhi,Kolkata,Long,Steel Coils,22.3,1513.2,66094,2025-01-03,Om Sai Transport
SHP05932,Mumbai,Pune,Short,Textiles,14.1,148.6,6243,2025-01-04,Om Sai Transport
SHP05933,Delhi,Jaipur,Short,Electronics,10.5,279.1,8570,2025-01-04,TCI Freight
SHP05934,Delhi,Jaipur,Short,Packaged Foods,14.6,282.7,12007,2025-01-04,SafeExpress
SHP05935,Delhi,Jaipur,Short,Textiles,15.4,277.4,12657,2025-01-04,Om Sai Transport
SHP05936,Chennai,Bangalore,Short,FMCG,23.5,353.3,22008,2025-01-04,Shivam Freight Co
SHP05937,Chennai,Bangalore,Short,Automobile Parts,11.8,347.5,10844,2025-01-04,Shivam Freight Co
SHP05938,Ahmedabad,Mumbai,Medium,Steel Coils,20.0,527.8,25333,2025-01-04,Western Carriers
SHP05939,Ahmedabad,Mumbai,Medium,Steel Coils,11.9,531.7,15407,2025-01-04,TCI Freight
SHP05940,Ahmedabad,Mumbai,Medium,Electronics,13.9,528.2,17978,2025-01-04,Shivam Freight Co
SHP05941,Kolkata,Bhubaneswar,Medium,FMCG,19.6,443.3,21728,2025-01-04,Shivam Freight Co
SHP05942,Kolkata,Bhubaneswar,Medium,Chemicals,18.1,442.5,20611,2025-01-04,Om Sai Transport
SHP05943,Bangalore,Hyderabad,Medium,Automobile Parts,19.5,571.4,26761,2025-01-04,TCI Freight
SHP05944,Mumbai,Delhi,Long,Packaged Foods,14.6,1421.5,43658,2025-01-04,Shivam Freight Co
SHP05945,Delhi,Kolkata,Long,Chemicals,11.4,1507.2,34203,2025-01-04,Western Carriers
SHP05946,Delhi,Kolkata,Long,Electronics,17.8,1513.2,53639,2025-01-04,Shivam Freight Co
SHP05947,Delhi,Kolkata,Long,Steel Coils,22.1,1513.7,66791,2025-01-04,VRL Logistics
SHP05948,Mumbai,Pune,Short,FMCG,16.9,148.8,7472,2025-01-05,SafeExpress
SHP05949,Mumbai,Pune,Short,Automobile Parts,20.2,152.5,9004,2025-01-05,SafeExpress
SHP05950,Delhi,Jaipur,Short,Textiles,16.3,282.9,14138,2025-01-05,TCI Freight
SHP05951,Delhi,Jaipur,Short,FMCG,18.0,280.2,15114,2025-01-05,SafeExpress
SHP05952,Chennai,Bangalore,Short,Electronics,14.4,348.5,13892,2025-01-05,VRL Logistics
SHP05953,Ahmedabad,Mumbai,Medium,Chemicals,17.0,526.5,21560,2025-01-05,Om Sai Transport
SHP05954,Kolkata,Bhubaneswar,Medium,Steel Coils,13.7,436.4,14897,2025-01-05,TCI Freight
SHP05955,Kolkata,Bhubaneswar,Medium,Steel Coils,12.8,441.9,14448,2025-01-05,Shivam Freight Co
SHP05956,Bangalore,Hyderabad,Medium,Electronics,16.5,569.2,23584,2025-01-05,Shivam Freight Co
SHP05957,Bangalore,Hyderabad,Medium,Textiles,18.1,570.3,25977,2025-01-05,VRL Logistics
SHP05958,Mumbai,Delhi,Long,Electronics,20.8,1419.6,60374,2025-01-05,SafeExpress
SHP05959,Mumbai,Delhi,Long,Steel Coils,11.1,1418.5,33125,2025-01-05,Western Carriers
SHP05960,Mumbai,Delhi,Long,Packaged Foods,18.3,1423.3,54283,2025-01-05,VRL Logistics
SHP05961,Delhi,Kolkata,Long,Packaged Foods,11.9,1507.1,36694,2025-01-05,SafeExpress
SHP05962,Delhi,Kolkata,Long,Textiles,20.7,1512.7,64789,2025-01-05,VRL Logistics
SHP05963,Delhi,Kolkata,Long,FMCG,19.5,1507.8,58878,2025-01-05,SafeExpress
SHP05964,Mumbai,Pune,Short,Automobile Parts,18.9,148.8,8346,2025-01-06,VRL Logistics
SHP05965,Mumbai,Pune,Short,Steel Coils,16.9,148.8,7287,2025-01-06,Om Sai Transport
SHP05966,Delhi,Jaipur,Short,FMCG,11.5,282.8,9205,2025-01-06,VRL Logistics
SHP05967,Delhi,Jaipur,Short,FMCG,22.3,277.8,18078,2025-01-06,TCI Freight
SHP05968,Delhi,Jaipur,Short,Chemicals,12.5,283.5,10156,2025-01-06,SafeExpress
SHP05969,Chennai,Bangalore,Short,Textiles,21.2,352.0,20174,2025-01-06,Om Sai Transport
SHP05970,Ahmedabad,Mumbai,Medium,Electronics,15.5,530.8,20077,2025-01-06,VRL Logistics
SHP05971,Ahmedabad,Mumbai,Medium,Electronics,20.8,532.5,26938,2025-01-06,TCI Freight
SHP05972,Ahmedabad,Mumbai,Medium,Chemicals,11.4,530.2,14879,2025-01-06,SafeExpress
SHP05973,Kolkata,Bhubaneswar,Medium,Textiles,22.1,444.0,23522,2025-01-06,TCI Freight
SHP05974,Kolkata,Bhubaneswar,Medium,Automobile Parts,17.5,440.7,18581,2025-01-06,SafeExpress
SHP05975,Kolkata,Bhubaneswar,Medium,Textiles,13.3,443.8,14147,2025-01-06,TCI Freight
SHP05976,Bangalore,Hyderabad,Medium,FMCG,12.4,567.7,17051,2025-01-06,TCI Freight
SHP05977,Mumbai,Delhi,Long,Automobile Parts,23.2,1416.3,65342,2025-01-06,Om Sai Transport
SHP05978,Mumbai,Delhi,Long,Electronics,24.7,1421.5,71867,2025-01-06,TCI Freight
SHP05979,Mumbai,Delhi,Long,Automobile Parts,15.9,1417.7,45648,2025-01-06,SafeExpress
SHP05980,Delhi,Kolkata,Long,Automobile Parts,16.9,1508.0,51076,2025-01-06,SafeExpress
SHP05981,Delhi,Kolkata,Long,Packaged Foods,24.7,1512.9,75293,2025-01-06,Shivam Freight Co
SHP05982,Mumbai,Pune,Short,Chemicals,20.8,149.0,9267,2025-01-07,Om Sai Transport
SHP05983,Mumbai,Pune,Short,Electronics,24.5,147.0,11042,2025-01-07,TCI Freight
SHP05984,Delhi,Jaipur,Short,Automobile Parts,13.2,282.6,10912,2025-01-07,TCI Freight
SHP05985,Delhi,Jaipur,Short,Automobile Parts,18.3,277.3,14495,2025-01-07,Om Sai Transport
SHP05986,Delhi,Jaipur,Short,Steel Coils,20.6,279.4,16410,2025-01-07,Om Sai Transport
SHP05987,Chennai,Bangalore,Short,FMCG,15.4,351.8,15265,2025-01-07,SafeExpress
SHP05988,Chennai,Bangalore,Short,Automobile Parts,19.9,350.6,19227,2025-01-07,SafeExpress
SHP05989,Ahmedabad,Mumbai,Medium,Steel Coils,14.1,526.3,18247,2025-01-07,Shivam Freight Co
SHP05990,Ahmedabad,Mumbai,Medium,Steel Coils,13.8,527.5,18304,2025-01-07,VRL Logistics
SHP05991,Kolkata,Bhubaneswar,Medium,Packaged Foods,23.2,438.2,25511,2025-01-07,TCI Freight
SHP05992,Kolkata,Bhubaneswar,Medium,Textiles,24.7,441.3,27610,2025-01-07,Shivam Freight Co
SHP05993,Kolkata,Bhubaneswar,Medium,FMCG,13.9,437.2,14980,2025-01-07,SafeExpress
SHP05994,Bangalore,Hyderabad,Medium,Packaged Foods,11.3,570.5,15865,2025-01-07,VRL Logistics
SHP05995,Bangalore,Hyderabad,Medium,Automobile Parts,20.9,570.5,28726,2025-01-07,VRL Logistics
SHP05996,Mumbai,Delhi,Long,Chemicals,20.3,1416.8,59944,2025-01-07,VRL Logistics
SHP05997,Mumbai,Delhi,Long,FMCG,21.1,1423.4,62829,2025-01-07,Western Carriers
SHP05998,Mumbai,Delhi,Long,Packaged Foods,18.6,1421.7,54090,2025-01-07,TCI Freight
SHP05999,Delhi,Kolkata,Long,FMCG,23.8,1512.0,70051,2025-01-07,SafeExpress
SHP06000,Delhi,Kolkata,Long,Automobile Parts,20.3,1507.5,59880,2025-01-07,Om Sai Transport
SHP06001,Delhi,Kolkata,Long,Automobile Parts,16.9,1509.9,50299,2025-01-07,SafeExpress
SHP06002,Mumbai,Pune,Short,FMCG,18.4,148.9,8014,2025-01-08,VRL Logistics
SHP06003,Delhi,Jaipur,Short,FMCG,11.1,284.0,9015,2025-01-08,TCI Freight
SHP06004,Delhi,Jaipur,Short,Textiles,18.2,276.2,14489,2025-01-08,Om Sai Transport
SHP06005,Chennai,Bangalore,Short,Packaged Foods,12.9,352.8,12519,2025-01-08,Western Carriers
SHP06006,Chennai,Bangalore,Short,FMCG,22.7,352.5,21578,2025-01-08,Shivam Freight Co
SHP06007,Ahmedabad,Mumbai,Medium,Chemicals,19.1,526.7,23798,2025-01-08,Shivam Freight Co
SHP06008,Kolkata,Bhubaneswar,Medium,Chemicals,16.2,442.0,17518,2025-01-08,Om Sai Transport
SHP06009,Bangalore,Hyderabad,Medium,FMCG,19.1,573.9,26274,2025-01-08,Western Carriers
SHP06010,Bangalore,Hyderabad,Medium,Automobile Parts,15.9,570.2,22361,2025-01-08,VRL Logistics
SHP06011,Mumbai,Delhi,Long,FMCG,14.7,1420.8,43877,2025-01-08,Western Carriers
SHP06012,Mumbai,Delhi,Long,Automobile Parts,24.3,1420.8,71705,2025-01-08,Om Sai Transport
SHP06013,Mumbai,Delhi,Long,Chemicals,23.8,1420.2,70310,2025-01-08,TCI Freight
SHP06014,Delhi,Kolkata,Long,Chemicals,16.8,1507.8,51261,2025-01-08,Western Carriers
SHP06015,Delhi,Kolkata,Long,Steel Coils,10.7,1509.2,31657,2025-01-08,SafeExpress
SHP06016,Delhi,Kolkata,Long,Packaged Foods,14.6,1507.4,44007,2025-01-08,VRL Logistics
SHP06017,Mumbai,Pune,Short,Textiles,16.6,150.5,7396,2025-01-09,VRL Logistics
SHP06018,Mumbai,Pune,Short,FMCG,17.0,151.0,7756,2025-01-09,Western Carriers
SHP06019,Delhi,Jaipur,Short,Automobile Parts,12.9,279.6,10667,2025-01-09,SafeExpress
SHP06020,Delhi,Jaipur,Short,Electronics,11.7,276.1,9390,2025-01-09,TCI Freight
SHP06021,Delhi,Jaipur,Short,Steel Coils,24.5,276.8,19982,2025-01-09,Western Carriers
SHP06022,Chennai,Bangalore,Short,Chemicals,16.2,352.7,16207,2025-01-09,SafeExpress
SHP06023,Chennai,Bangalore,Short,Chemicals,16.1,350.1,15820,2025-01-09,Western Carriers
SHP06024,Chennai,Bangalore,Short,FMCG,16.3,351.5,15767,2025-01-09,TCI Freight
SHP06025,Ahmedabad,Mumbai,Medium,Automobile Parts,24.1,529.8,30989,2025-01-09,TCI Freight
SHP06026,Ahmedabad,Mumbai,Medium,Steel Coils,13.2,528.3,17058,2025-01-09,SafeExpress
SHP06027,Ahmedabad,Mumbai,Medium,Automobile Parts,23.3,528.2,29332,2025-01-09,Om Sai Transport
SHP06028,Kolkata,Bhubaneswar,Medium,FMCG,19.9,442.7,21894,2025-01-09,VRL Logistics
SHP06029,Kolkata,Bhubaneswar,Medium,Electronics,22.1,440.8,24128,2025-01-09,VRL Logistics
SHP06030,Bangalore,Hyderabad,Medium,Chemicals,15.8,571.9,21501,2025-01-09,Western Carriers
SHP06031,Bangalore,Hyderabad,Medium,Textiles,16.6,568.1,22276,2025-01-09,Western Carriers
SHP06032,Bangalore,Hyderabad,Medium,Textiles,13.6,572.5,18971,2025-01-09,VRL Logistics
SHP06033,Mumbai,Delhi,Long,Steel Coils,13.8,1421.1,41005,2025-01-09,SafeExpress
SHP06034,Mumbai,Delhi,Long,Electronics,19.0,1420.0,54696,2025-01-09,VRL Logistics
SHP06035,Mumbai,Delhi,Long,Textiles,21.2,1421.4,62599,2025-01-09,Om Sai Transport
SHP06036,Delhi,Kolkata,Long,FMCG,10.4,1508.7,31573,2025-01-09,VRL Logistics
SHP06037,Delhi,Kolkata,Long,Automobile Parts,23.0,1508.2,68659,2025-01-09,TCI Freight
SHP06038,Mumbai,Pune,Short,Automobile Parts,13.0,150.3,5696,2025-01-10,TCI Freight
SHP06039,Delhi,Jaipur,Short,Textiles,13.7,280.9,11185,2025-01-10,Western Carriers
SHP06040,Delhi,Jaipur,Short,FMCG,20.4,280.2,16399,2025-01-10,Shivam Freight Co
SHP06041,Delhi,Jaipur,Short,FMCG,16.9,279.8,13445,2025-01-10,VRL Logistics
SHP06042,Chennai,Bangalore,Short,Electronics,15.8,351.8,14714,2025-01-10,VRL Logistics
SHP06043,Ahmedabad,Mumbai,Medium,Automobile Parts,22.0,526.8,29411,2025-01-10,VRL Logistics
SHP06044,Ahmedabad,Mumbai,Medium,Chemicals,23.0,530.1,30419,2025-01-10,SafeExpress
SHP06045,Kolkata,Bhubaneswar,Medium,Textiles,17.0,443.4,18621,2025-01-10,Western Carriers
SHP06046,Kolkata,Bhubaneswar,Medium,FMCG,21.8,443.9,24147,2025-01-10,SafeExpress
SHP06047,Bangalore,Hyderabad,Medium,Automobile Parts,22.9,567.7,31200,2025-01-10,Om Sai Transport
SHP06048,Mumbai,Delhi,Long,Steel Coils,14.0,1421.0,41298,2025-01-10,Shivam Freight Co
SHP06049,Mumbai,Delhi,Long,FMCG,21.4,1421.7,63026,2025-01-10,Shivam Freight Co
SHP06050,Mumbai,Delhi,Long,Automobile Parts,11.3,1416.4,33016,2025-01-10,SafeExpress
SHP06051,Delhi,Kolkata,Long,Automobile Parts,23.1,1506.9,67252,2025-01-10,VRL Logistics
SHP06052,Delhi,Kolkata,Long,Automobile Parts,13.9,1513.8,41559,2025-01-10,TCI Freight
SHP06053,Delhi,Kolkata,Long,Steel Coils,13.0,1511.1,37752,2025-01-10,Shivam Freight Co
SHP06054,Mumbai,Pune,Short,Electronics,23.3,148.0,10278,2025-01-11,VRL Logistics
SHP06055,Mumbai,Pune,Short,Steel Coils,24.2,148.2,10724,2025-01-11,VRL Logistics
SHP06056,Delhi,Jaipur,Short,Automobile Parts,21.5,281.3,17460,2025-01-11,Shivam Freight Co
SHP06057,Delhi,Jaipur,Short,FMCG,17.0,277.5,13641,2025-01-11,TCI Freight
SHP06058,Chennai,Bangalore,Short,FMCG,10.9,352.0,10358,2025-01-11,Western Carriers
SHP06059,Chennai,Bangalore,Short,Chemicals,24.1,350.3,23584,2025-01-11,Om Sai Transport
SHP06060,Ahmedabad,Mumbai,Medium,Packaged Foods,11.4,529.2,14385,2025-01-11,Om Sai Transport
SHP06061,Ahmedabad,Mumbai,Medium,Electronics,16.9,527.5,21382,2025-01-11,TCI Freight
SHP06062,Ahmedabad,Mumbai,Medium,Electronics,14.5,530.2,18668,2025-01-11,Western Carriers
SHP06063,Kolkata,Bhubaneswar,Medium,Textiles,24.0,440.0,27079,2025-01-11,Western Carriers
SHP06064,Bangalore,Hyderabad,Medium,FMCG,11.0,569.9,14776,2025-01-11,SafeExpress
SHP06065,Mumbai,Delhi,Long,Packaged Foods,10.4,1417.0,30746,2025-01-11,SafeExpress
SHP06066,Mumbai,Delhi,Long,Chemicals,16.8,1416.3,49200,2025-01-11,Western Carriers
SHP06067,Delhi,Kolkata,Long,FMCG,14.0,1510.2,43455,2025-01-11,Shivam Freight Co
SHP06068,Delhi,Kolkata,Long,Automobile Parts,17.8,1507.8,54728,2025-01-11,Om Sai Transport
SHP06069,Mumbai,Pune,Short,Textiles,20.4,151.3,9040,2025-01-12,VRL Logistics
SHP06070,Mumbai,Pune,Short,Chemicals,17.2,151.0,7765,2025-01-12,Shivam Freight Co
SHP06071,Delhi,Jaipur,Short,Electronics,22.3,280.4,17917,2025-01-12,SafeExpress
SHP06072,Delhi,Jaipur,Short,Packaged Foods,13.8,282.4,11390,2025-01-12,SafeExpress
SHP06073,Chennai,Bangalore,Short,Textiles,19.4,348.6,18834,2025-01-12,VRL Logistics
SHP06074,Chennai,Bangalore,Short,Textiles,18.3,353.1,17875,2025-01-12,Western Carriers
SHP06075,Chennai,Bangalore,Short,Electronics,10.4,350.7,10224,2025-01-12,Shivam Freight Co
SHP06076,Ahmedabad,Mumbai,Medium,Steel Coils,22.7,529.5,29761,2025-01-12,SafeExpress
SHP06077,Ahmedabad,Mumbai,Medium,Textiles,21.7,531.0,27741,2025-01-12,Om Sai Transport
SHP06078,Kolkata,Bhubaneswar,Medium,Electronics,12.0,436.3,13089,2025-01-12,TCI Freight
SHP06079,Kolkata,Bhubaneswar,Medium,Chemicals,12.9,439.2,13649,2025-01-12,Om Sai Transport
SHP06080,Kolkata,Bhubaneswar,Medium,Textiles,15.4,443.3,17078,2025-01-12,VRL Logistics
SHP06081,Bangalore,Hyderabad,Medium,FMCG,19.0,566.2,26644,2025-01-12,VRL Logistics
SHP06082,Mumbai,Delhi,Long,Steel Coils,20.2,1422.4,57429,2025-01-12,Shivam Freight Co
SHP06083,Delhi,Kolkata,Long,Textiles,13.2,1510.9,39063,2025-01-12,Shivam Freight Co
SHP06084,Delhi,Kolkata,Long,Chemicals,11.9,1506.2,34434,2025-01-12,Om Sai Transport
SHP06085,Delhi,Kolkata,Long,Automobile Parts,21.4,1511.6,63699,2025-01-12,TCI Freight
SHP06086,Mumbai,Pune,Short,Packaged Foods,23.1,148.4,10167,2025-01-13,TCI Freight
SHP06087,Delhi,Jaipur,Short,Electronics,15.2,283.3,12518,2025-01-13,SafeExpress
SHP06088,Chennai,Bangalore,Short,Automobile Parts,21.3,348.9,20079,2025-01-13,Om Sai Transport
SHP06089,Chennai,Bangalore,Short,Textiles,17.9,350.7,17139,2025-01-13,Western Carriers
SHP06090,Chennai,Bangalore,Short,FMCG,20.2,348.6,18836,2025-01-13,Shivam Freight Co
SHP06091,Ahmedabad,Mumbai,Medium,Steel Coils,17.3,530.3,22629,2025-01-13,TCI Freight
SHP06092,Kolkata,Bhubaneswar,Medium,FMCG,22.8,443.5,25931,2025-01-13,Shivam Freight Co
SHP06093,Kolkata,Bhubaneswar,Medium,Electronics,12.8,440.0,14314,2025-01-13,SafeExpress
SHP06094,Bangalore,Hyderabad,Medium,Textiles,19.9,572.3,27172,2025-01-13,TCI Freight
SHP06095,Bangalore,Hyderabad,Medium,Chemicals,10.8,566.3,14850,2025-01-13,SafeExpress
SHP06096,Bangalore,Hyderabad,Medium,FMCG,22.8,571.8,31790,2025-01-13,VRL Logistics
SHP06097,Mumbai,Delhi,Long,Packaged Foods,11.5,1419.6,33384,2025-01-13,Western Carriers
SHP06098,Mumbai,Delhi,Long,Electronics,17.7,1422.1,50419,2025-01-13,Shivam Freight Co
SHP06099,Mumbai,Delhi,Long,Chemicals,22.7,1423.1,65897,2025-01-13,TCI Freight
SHP06100,Delhi,Kolkata,Long,Textiles,20.7,1508.3,59959,2025-01-13,Shivam Freight Co
SHP06101,Delhi,Kolkata,Long,Textiles,22.8,1509.5,67588,2025-01-13,VRL Logistics
SHP06102,Mumbai,Pune,Short,FMCG,21.6,151.6,9875,2025-01-14,VRL Logistics
SHP06103,Mumbai,Pune,Short,FMCG,11.2,150.1,5039,2025-01-14,Western Carriers
SHP06104,Mumbai,Pune,Short,Textiles,12.3,147.1,5507,2025-01-14,VRL Logistics
SHP06105,Delhi,Jaipur,Short,Chemicals,24.0,281.0,19650,2025-01-14,Om Sai Transport
SHP06106,Delhi,Jaipur,Short,Steel Coils,23.2,279.0,18743,2025-01-14,TCI Freight
SHP06107,Chennai,Bangalore,Short,Chemicals,22.2,351.9,21200,2025-01-14,SafeExpress
SHP06108,Chennai,Bangalore,Short,Textiles,10.3,350.9,9734,2025-01-14,VRL Logistics
SHP06109,Ahmedabad,Mumbai,Medium,Electronics,18.2,533.9,24183,2025-01-14,Western Carriers
SHP06110,Ahmedabad,Mumbai,Medium,FMCG,23.4,529.3,31584,2025-01-14,Shivam Freight Co
SHP06111,Ahmedabad,Mumbai,Medium,Textiles,12.0,529.5,16047,2025-01-14,SafeExpress
SHP06112,Kolkata,Bhubaneswar,Medium,Textiles,14.9,436.9,16486,2025-01-14,Shivam Freight Co
SHP06113,Kolkata,Bhubaneswar,Medium,Textiles,21.6,443.4,24105,2025-01-14,TCI Freight
SHP06114,Bangalore,Hyderabad,Medium,FMCG,11.9,569.0,16252,2025-01-14,Om Sai Transport
SHP06115,Mumbai,Delhi,Long,Textiles,15.4,1419.9,45349,2025-01-14,VRL Logistics
SHP06116,Mumbai,Delhi,Long,Packaged Foods,20.4,1423.6,58793,2025-01-14,SafeExpress
SHP06117,Mumbai,Delhi,Long,Textiles,19.6,1423.3,56127,2025-01-14,VRL Logistics
SHP06118,Delhi,Kolkata,Long,Chemicals,21.9,1510.4,67584,2025-01-14,VRL Logistics
SHP06119,Delhi,Kolkata,Long,Steel Coils,15.5,1513.1,48077,2025-01-14,Shivam Freight Co
SHP06120,Mumbai,Pune,Short,FMCG,20.0,153.7,9071,2025-01-15,Western Carriers
SHP06121,Mumbai,Pune,Short,Automobile Parts,24.6,149.9,11129,2025-01-15,TCI Freight
SHP06122,Mumbai,Pune,Short,FMCG,22.3,146.4,9793,2025-01-15,Shivam Freight Co
SHP06123,Delhi,Jaipur,Short,Electronics,10.4,280.6,8478,2025-01-15,Shivam Freight Co
SHP06124,Delhi,Jaipur,Short,Textiles,11.2,278.3,8936,2025-01-15,Western Carriers
SHP06125,Delhi,Jaipur,Short,Electronics,14.8,279.8,11906,2025-01-15,Western Carriers
SHP06126,Chennai,Bangalore,Short,Packaged Foods,15.9,347.9,15213,2025-01-15,TCI Freight
SHP06127,Chennai,Bangalore,Short,Electronics,13.6,351.5,12981,2025-01-15,SafeExpress
SHP06128,Chennai,Bangalore,Short,Chemicals,18.6,346.3,18127,2025-01-15,TCI Freight
SHP06129,Ahmedabad,Mumbai,Medium,Textiles,24.7,531.4,31645,2025-01-15,TCI Freight
SHP06130,Ahmedabad,Mumbai,Medium,FMCG,11.2,527.6,14290,2025-01-15,Om Sai Transport
SHP06131,Ahmedabad,Mumbai,Medium,Packaged Foods,12.4,527.4,15929,2025-01-15,TCI Freight
SHP06132,Kolkata,Bhubaneswar,Medium,Chemicals,13.6,441.4,15023,2025-01-15,SafeExpress
SHP06133,Kolkata,Bhubaneswar,Medium,Packaged Foods,18.8,437.9,20576,2025-01-15,Western Carriers
SHP06134,Kolkata,Bhubaneswar,Medium,Automobile Parts,13.5,441.4,15120,2025-01-15,TCI Freight
SHP06135,Bangalore,Hyderabad,Medium,Steel Coils,10.9,574.0,14737,2025-01-15,TCI Freight
SHP06136,Bangalore,Hyderabad,Medium,Packaged Foods,24.3,568.4,32427,2025-01-15,SafeExpress
SHP06137,Bangalore,Hyderabad,Medium,Textiles,16.5,572.2,21986,2025-01-15,Om Sai Transport
SHP06138,Mumbai,Delhi,Long,Textiles,17.7,1417.9,51337,2025-01-15,Om Sai Transport
SHP06139,Mumbai,Delhi,Long,Textiles,16.1,1421.9,47207,2025-01-15,Om Sai Transport
SHP06140,Mumbai,Delhi,Long,Packaged Foods,16.2,1421.8,47464,2025-01-15,VRL Logistics
SHP06141,Delhi,Kolkata,Long,Automobile Parts,20.3,1507.6,60258,2025-01-15,TCI Freight
SHP06142,Delhi,Kolkata,Long,FMCG,16.1,1512.6,48486,2025-01-15,Western Carriers
SHP06143,Delhi,Kolkata,Long,Automobile Parts,11.4,1508.6,34585,2025-01-15,SafeExpress
SHP06144,Mumbai,Pune,Short,Chemicals,18.5,148.2,8322,2025-01-16,SafeExpress
SHP06145,Mumbai,Pune,Short,Automobile Parts,14.6,151.3,6878,2025-01-16,TCI Freight
SHP06146,Delhi,Jaipur,Short,Textiles,15.0,280.9,12019,2025-01-16,VRL Logistics
SHP06147,Delhi,Jaipur,Short,Steel Coils,16.1,282.5,13271,2025-01-16,TCI Freight
SHP06148,Delhi,Jaipur,Short,FMCG,24.1,278.2,19542,2025-01-16,TCI Freight
SHP06149,Chennai,Bangalore,Short,Chemicals,22.1,353.5,21616,2025-01-16,SafeExpress
SHP06150,Chennai,Bangalore,Short,Packaged Foods,20.0,349.1,19739,2025-01-16,Shivam Freight Co
SHP06151,Chennai,Bangalore,Short,Chemicals,18.1,351.3,17999,2025-01-16,Om Sai Transport
SHP06152,Ahmedabad,Mumbai,Medium,Automobile Parts,23.2,531.0,29284,2025-01-16,TCI Freight
SHP06153,Ahmedabad,Mumbai,Medium,Automobile Parts,12.8,529.9,16069,2025-01-16,Om Sai Transport
SHP06154,Ahmedabad,Mumbai,Medium,Packaged Foods,20.6,527.8,26514,2025-01-16,SafeExpress
SHP06155,Kolkata,Bhubaneswar,Medium,Electronics,16.2,437.6,18210,2025-01-16,TCI Freight
SHP06156,Bangalore,Hyderabad,Medium,Textiles,10.8,570.0,15043,2025-01-16,VRL Logistics
SHP06157,Bangalore,Hyderabad,Medium,Textiles,20.3,570.7,29051,2025-01-16,Western Carriers
SHP06158,Mumbai,Delhi,Long,Textiles,22.3,1419.2,67049,2025-01-16,SafeExpress
SHP06159,Mumbai,Delhi,Long,Textiles,18.4,1420.0,53364,2025-01-16,VRL Logistics
SHP06160,Mumbai,Delhi,Long,Electronics,21.0,1416.5,63021,2025-01-16,Western Carriers
SHP06161,Delhi,Kolkata,Long,Steel Coils,13.8,1508.1,41740,2025-01-16,SafeExpress
SHP06162,Delhi,Kolkata,Long,Automobile Parts,12.5,1513.3,37084,2025-01-16,Shivam Freight Co
SHP06163,Mumbai,Pune,Short,Steel Coils,23.2,148.8,10327,2025-01-17,Shivam Freight Co
SHP06164,Mumbai,Pune,Short,Chemicals,12.3,146.5,5429,2025-01-17,SafeExpress
SHP06165,Delhi,Jaipur,Short,Steel Coils,23.0,281.7,18772,2025-01-17,VRL Logistics
SHP06166,Delhi,Jaipur,Short,Chemicals,18.6,276.7,15174,2025-01-17,VRL Logistics
SHP06167,Chennai,Bangalore,Short,Packaged Foods,15.1,346.2,14450,2025-01-17,Om Sai Transport
SHP06168,Chennai,Bangalore,Short,Packaged Foods,23.2,347.8,22459,2025-01-17,TCI Freight
SHP06169,Chennai,Bangalore,Short,Steel Coils,13.9,346.7,13221,2025-01-17,Om Sai Transport
SHP06170,Ahmedabad,Mumbai,Medium,Electronics,17.1,532.9,22537,2025-01-17,Om Sai Transport
SHP06171,Ahmedabad,Mumbai,Medium,Electronics,17.3,527.5,22722,2025-01-17,Shivam Freight Co
SHP06172,Ahmedabad,Mumbai,Medium,Packaged Foods,11.9,532.2,15526,2025-01-17,Shivam Freight Co
SHP06173,Kolkata,Bhubaneswar,Medium,FMCG,19.2,442.4,20754,2025-01-17,SafeExpress
SHP06174,Kolkata,Bhubaneswar,Medium,Packaged Foods,15.5,436.3,16557,2025-01-17,TCI Freight
SHP06175,Kolkata,Bhubaneswar,Medium,FMCG,16.9,438.1,18650,2025-01-17,VRL Logistics
SHP06176,Bangalore,Hyderabad,Medium,Steel Coils,19.0,568.9,25894,2025-01-17,SafeExpress
SHP06177,Bangalore,Hyderabad,Medium,Automobile Parts,12.7,566.2,17422,2025-01-17,Shivam Freight Co
SHP06178,Mumbai,Delhi,Long,Steel Coils,23.6,1417.7,70482,2025-01-17,Shivam Freight Co
SHP06179,Mumbai,Delhi,Long,Automobile Parts,23.0,1418.5,69069,2025-01-17,Western Carriers
SHP06180,Delhi,Kolkata,Long,Packaged Foods,13.3,1508.9,40974,2025-01-17,TCI Freight
SHP06181,Delhi,Kolkata,Long,Packaged Foods,23.5,1512.0,74148,2025-01-17,SafeExpress
SHP06182,Delhi,Kolkata,Long,Steel Coils,16.8,1510.4,51624,2025-01-17,SafeExpress
SHP06183,Mumbai,Pune,Short,Steel Coils,22.5,147.9,9572,2025-01-18,Shivam Freight Co
SHP06184,Mumbai,Pune,Short,Packaged Foods,16.7,150.9,7309,2025-01-18,Om Sai Transport
SHP06185,Delhi,Jaipur,Short,Steel Coils,22.8,278.8,18413,2025-01-18,SafeExpress
SHP06186,Delhi,Jaipur,Short,Chemicals,16.2,276.7,13079,2025-01-18,Shivam Freight Co
SHP06187,Chennai,Bangalore,Short,Automobile Parts,14.9,348.0,14098,2025-01-18,SafeExpress
SHP06188,Ahmedabad,Mumbai,Medium,Electronics,16.1,531.4,21852,2025-01-18,Shivam Freight Co
SHP06189,Kolkata,Bhubaneswar,Medium,Textiles,10.1,438.5,11004,2025-01-18,Western Carriers
SHP06190,Kolkata,Bhubaneswar,Medium,Chemicals,23.8,442.8,26220,2025-01-18,SafeExpress
SHP06191,Kolkata,Bhubaneswar,Medium,Packaged Foods,18.7,436.3,19817,2025-01-18,Shivam Freight Co
SHP06192,Bangalore,Hyderabad,Medium,FMCG,11.4,571.6,16006,2025-01-18,Western Carriers
SHP06193,Mumbai,Delhi,Long,Chemicals,15.5,1423.8,46048,2025-01-18,Om Sai Transport
SHP06194,Delhi,Kolkata,Long,Textiles,23.0,1506.1,69722,2025-01-18,Western Carriers
SHP06195,Mumbai,Pune,Short,Automobile Parts,23.1,153.7,10669,2025-01-19,Shivam Freight Co
SHP06196,Mumbai,Pune,Short,FMCG,18.7,153.2,8530,2025-01-19,Shivam Freight Co
SHP06197,Delhi,Jaipur,Short,Textiles,14.1,276.3,11587,2025-01-19,SafeExpress
SHP06198,Chennai,Bangalore,Short,Chemicals,20.3,351.0,20079,2025-01-19,Shivam Freight Co
SHP06199,Chennai,Bangalore,Short,FMCG,10.5,347.1,9997,2025-01-19,Western Carriers
SHP06200,Ahmedabad,Mumbai,Medium,Textiles,18.2,531.7,23832,2025-01-19,Shivam Freight Co
SHP06201,Ahmedabad,Mumbai,Medium,FMCG,13.3,526.4,17419,2025-01-19,VRL Logistics
SHP06202,Kolkata,Bhubaneswar,Medium,Textiles,13.0,443.8,14464,2025-01-19,SafeExpress
SHP06203,Bangalore,Hyderabad,Medium,Packaged Foods,12.9,571.6,18062,2025-01-19,Shivam Freight Co
SHP06204,Bangalore,Hyderabad,Medium,Automobile Parts,18.1,570.6,24878,2025-01-19,VRL Logistics
SHP06205,Mumbai,Delhi,Long,Automobile Parts,19.7,1416.3,55372,2025-01-19,Shivam Freight Co
SHP06206,Mumbai,Delhi,Long,Packaged Foods,21.2,1422.6,60693,2025-01-19,Om Sai Transport
SHP06207,Delhi,Kolkata,Long,FMCG,12.5,1513.0,38061,2025-01-19,Om Sai Transport
SHP06208,Delhi,Kolkata,Long,Chemicals,23.8,1512.9,71691,2025-01-19,Western Carriers
SHP06209,Delhi,Kolkata,Long,Chemicals,16.7,1509.8,50627,2025-01-19,VRL Logistics
SHP06210,Mumbai,Pune,Short,Textiles,19.1,149.6,8468,2025-01-20,TCI Freight
SHP06211,Delhi,Jaipur,Short,Packaged Foods,20.3,277.9,16278,2025-01-20,Western Carriers
SHP06212,Delhi,Jaipur,Short,Textiles,10.9,276.6,8625,2025-01-20,TCI Freight
SHP06213,Delhi,Jaipur,Short,Steel Coils,15.7,276.7,12638,2025-01-20,Om Sai Transport
SHP06214,Chennai,Bangalore,Short,Textiles,13.2,349.9,13068,2025-01-20,Western Carriers
SHP06215,Ahmedabad,Mumbai,Medium,Packaged Foods,22.2,530.8,39031,2025-01-20,SafeExpress
SHP06216,Ahmedabad,Mumbai,Medium,FMCG,20.8,528.8,36297,2025-01-20,VRL Logistics
SHP06217,Ahmedabad,Mumbai,Medium,Steel Coils,24.7,532.6,42902,2025-01-20,VRL Logistics
SHP06218,Kolkata,Bhubaneswar,Medium,Textiles,24.1,440.0,26333,2025-01-20,Shivam Freight Co
SHP06219,Kolkata,Bhubaneswar,Medium,Automobile Parts,15.9,440.6,17737,2025-01-20,TCI Freight
SHP06220,Kolkata,Bhubaneswar,Medium,Electronics,14.8,443.0,16128,2025-01-20,Om Sai Transport
SHP06221,Bangalore,Hyderabad,Medium,Steel Coils,12.4,571.3,16630,2025-01-20,Western Carriers
SHP06222,Bangalore,Hyderabad,Medium,Packaged Foods,21.8,571.3,30181,2025-01-20,Shivam Freight Co
SHP06223,Bangalore,Hyderabad,Medium,Electronics,17.7,570.5,24515,2025-01-20,Shivam Freight Co
SHP06224,Mumbai,Delhi,Long,Packaged Foods,21.8,1423.1,61633,2025-01-20,TCI Freight
SHP06225,Mumbai,Delhi,Long,Packaged Foods,18.8,1421.2,53950,2025-01-20,TCI Freight
SHP06226,Mumbai,Delhi,Long,Steel Coils,17.0,1416.5,47097,2025-01-20,Om Sai Transport
SHP06227,Delhi,Kolkata,Long,FMCG,17.9,1511.3,53767,2025-01-20,Western Carriers
SHP06228,Delhi,Kolkata,Long,Automobile Parts,17.9,1511.3,54027,2025-01-20,SafeExpress
SHP06229,Mumbai,Pune,Short,Automobile Parts,18.8,148.2,8377,2025-01-21,TCI Freight
SHP06230,Delhi,Jaipur,Short,FMCG,15.0,276.8,12047,2025-01-21,Western Carriers
SHP06231,Chennai,Bangalore,Short,Steel Coils,10.4,348.4,10020,2025-01-21,Western Carriers
SHP06232,Chennai,Bangalore,Short,FMCG,18.9,348.5,18142,2025-01-21,TCI Freight
SHP06233,Ahmedabad,Mumbai,Medium,FMCG,12.2,532.5,21204,2025-01-21,Shivam Freight Co
SHP06234,Ahmedabad,Mumbai,Medium,Electronics,15.5,533.8,26881,2025-01-21,TCI Freight
SHP06235,Ahmedabad,Mumbai,Medium,Electronics,19.9,533.5,35269,2025-01-21,TCI Freight
SHP06236,Kolkata,Bhubaneswar,Medium,Packaged Foods,10.7,437.4,11897,2025-01-21,SafeExpress
SHP06237,Kolkata,Bhubaneswar,Medium,Chemicals,14.0,439.7,15845,2025-01-21,SafeExpress
SHP06238,Kolkata,Bhubaneswar,Medium,Chemicals,12.8,441.1,14378,2025-01-21,Om Sai Transport
SHP06239,Bangalore,Hyderabad,Medium,Textiles,13.9,571.8,19300,2025-01-21,SafeExpress
SHP06240,Bangalore,Hyderabad,Medium,Chemicals,13.6,569.6,19123,2025-01-21,TCI Freight
SHP06241,Mumbai,Delhi,Long,Textiles,14.6,1421.2,43026,2025-01-21,SafeExpress
SHP06242,Mumbai,Delhi,Long,Steel Coils,18.9,1420.8,56159,2025-01-21,VRL Logistics
SHP06243,Delhi,Kolkata,Long,Automobile Parts,19.2,1512.7,55852,2025-01-21,VRL Logistics
SHP06244,Mumbai,Pune,Short,Chemicals,15.7,147.0,6890,2025-01-22,Shivam Freight Co
SHP06245,Mumbai,Pune,Short,Steel Coils,24.4,150.5,11001,2025-01-22,VRL Logistics
SHP06246,Mumbai,Pune,Short,Steel Coils,10.6,147.9,4706,2025-01-22,TCI Freight
SHP06247,Delhi,Jaipur,Short,Chemicals,19.6,276.3,15974,2025-01-22,Western Carriers
SHP06248,Chennai,Bangalore,Short,Steel Coils,13.5,349.0,13311,2025-01-22,SafeExpress
SHP06249,Chennai,Bangalore,Short,Textiles,10.8,351.5,10621,2025-01-22,TCI Freight
SHP06250,Ahmedabad,Mumbai,Medium,Steel Coils,11.9,529.8,20438,2025-01-22,SafeExpress
SHP06251,Ahmedabad,Mumbai,Medium,Electronics,20.0,530.7,34423,2025-01-22,VRL Logistics
SHP06252,Kolkata,Bhubaneswar,Medium,Chemicals,12.5,440.6,13256,2025-01-22,Om Sai Transport
SHP06253,Bangalore,Hyderabad,Medium,Packaged Foods,16.5,569.7,22352,2025-01-22,Om Sai Transport
SHP06254,Bangalore,Hyderabad,Medium,FMCG,14.2,570.5,19124,2025-01-22,SafeExpress
SHP06255,Bangalore,Hyderabad,Medium,Textiles,21.4,569.0,28661,2025-01-22,VRL Logistics
SHP06256,Mumbai,Delhi,Long,Chemicals,20.9,1421.3,63300,2025-01-22,Shivam Freight Co
SHP06257,Mumbai,Delhi,Long,Electronics,13.1,1419.7,39841,2025-01-22,VRL Logistics
SHP06258,Mumbai,Delhi,Long,Steel Coils,19.6,1417.7,57866,2025-01-22,TCI Freight
SHP06259,Delhi,Kolkata,Long,FMCG,15.0,1506.5,46073,2025-01-22,TCI Freight
SHP06260,Mumbai,Pune,Short,Electronics,19.3,147.3,8350,2025-01-23,Om Sai Transport
SHP06261,Mumbai,Pune,Short,Electronics,20.5,149.0,8920,2025-01-23,VRL Logistics
SHP06262,Delhi,Jaipur,Short,Packaged Foods,13.8,283.1,11722,2025-01-23,SafeExpress
SHP06263,Chennai,Bangalore,Short,Textiles,22.1,353.8,21580,2025-01-23,Shivam Freight Co
SHP06264,Chennai,Bangalore,Short,Chemicals,21.4,349.2,20370,2025-01-23,Western Carriers
SHP06265,Ahmedabad,Mumbai,Medium,Packaged Foods,10.9,532.4,19217,2025-01-23,VRL Logistics
SHP06266,Ahmedabad,Mumbai,Medium,Automobile Parts,17.3,527.2,30241,2025-01-23,VRL Logistics
SHP06267,Kolkata,Bhubaneswar,Medium,Packaged Foods,18.8,438.2,20427,2025-01-23,Shivam Freight Co
SHP06268,Kolkata,Bhubaneswar,Medium,Electronics,22.0,442.8,24537,2025-01-23,TCI Freight
SHP06269,Bangalore,Hyderabad,Medium,FMCG,13.2,571.1,17753,2025-01-23,Western Carriers
SHP06270,Bangalore,Hyderabad,Medium,Textiles,15.5,570.7,21521,2025-01-23,Om Sai Transport
SHP06271,Bangalore,Hyderabad,Medium,Packaged Foods,21.9,570.2,30281,2025-01-23,Shivam Freight Co
SHP06272,Mumbai,Delhi,Long,Textiles,22.8,1420.0,64216,2025-01-23,SafeExpress
SHP06273,Mumbai,Delhi,Long,Automobile Parts,11.4,1416.4,32902,2025-01-23,VRL Logistics
SHP06274,Mumbai,Delhi,Long,Steel Coils,23.2,1422.7,65102,2025-01-23,VRL Logistics
SHP06275,Delhi,Kolkata,Long,Packaged Foods,14.3,1513.3,45007,2025-01-23,Om Sai Transport
SHP06276,Delhi,Kolkata,Long,Textiles,22.5,1513.7,69034,2025-01-23,SafeExpress
SHP06277,Mumbai,Pune,Short,Packaged Foods,20.0,147.4,8934,2025-01-24,SafeExpress
SHP06278,Mumbai,Pune,Short,Electronics,11.3,152.7,5203,2025-01-24,VRL Logistics
SHP06279,Mumbai,Pune,Short,FMCG,15.8,147.8,7174,2025-01-24,TCI Freight
SHP06280,Delhi,Jaipur,Short,Automobile Parts,10.7,279.8,9116,2025-01-24,Shivam Freight Co
SHP06281,Delhi,Jaipur,Short,FMCG,13.7,282.4,11738,2025-01-24,Shivam Freight Co
SHP06282,Chennai,Bangalore,Short,Textiles,15.4,354.0,14525,2025-01-24,Om Sai Transport
SHP06283,Chennai,Bangalore,Short,Electronics,19.5,346.6,18259,2025-01-24,Om Sai Transport
SHP06284,Chennai,Bangalore,Short,Packaged Foods,12.6,346.0,11569,2025-01-24,SafeExpress
SHP06285,Ahmedabad,Mumbai,Medium,Automobile Parts,10.6,529.1,18492,2025-01-24,VRL Logistics
SHP06286,Kolkata,Bhubaneswar,Medium,Packaged Foods,24.3,440.2,26829,2025-01-24,Om Sai Transport
SHP06287,Bangalore,Hyderabad,Medium,Steel Coils,15.4,569.5,20944,2025-01-24,TCI Freight
SHP06288,Mumbai,Delhi,Long,Electronics,11.0,1422.4,32283,2025-01-24,VRL Logistics
SHP06289,Mumbai,Delhi,Long,Electronics,16.6,1420.4,48089,2025-01-24,VRL Logistics
SHP06290,Mumbai,Delhi,Long,Electronics,18.2,1421.8,52678,2025-01-24,VRL Logistics
SHP06291,Delhi,Kolkata,Long,FMCG,12.6,1510.7,37803,2025-01-24,Shivam Freight Co
SHP06292,Delhi,Kolkata,Long,Chemicals,11.5,1511.1,33788,2025-01-24,TCI Freight
SHP06293,Mumbai,Pune,Short,FMCG,14.4,150.0,6582,2025-01-25,Shivam Freight Co
SHP06294,Mumbai,Pune,Short,Electronics,17.7,147.7,7992,2025-01-25,SafeExpress
SHP06295,Delhi,Jaipur,Short,Automobile Parts,11.8,277.5,10033,2025-01-25,VRL Logistics
SHP06296,Delhi,Jaipur,Short,FMCG,23.6,277.2,20023,2025-01-25,Western Carriers
SHP06297,Delhi,Jaipur,Short,Steel Coils,16.8,276.2,14237,2025-01-25,Shivam Freight Co
SHP06298,Chennai,Bangalore,Short,Chemicals,20.5,351.2,19889,2025-01-25,TCI Freight
SHP06299,Chennai,Bangalore,Short,Textiles,15.9,353.7,15491,2025-01-25,TCI Freight
SHP06300,Chennai,Bangalore,Short,FMCG,18.1,346.6,17350,2025-01-25,TCI Freight
SHP06301,Ahmedabad,Mumbai,Medium,Chemicals,23.3,529.1,40193,2025-01-25,Shivam Freight Co
SHP06302,Ahmedabad,Mumbai,Medium,Electronics,14.7,533.3,25504,2025-01-25,TCI Freight
SHP06303,Ahmedabad,Mumbai,Medium,FMCG,23.6,527.0,40526,2025-01-25,Om Sai Transport
SHP06304,Kolkata,Bhubaneswar,Medium,Packaged Foods,23.4,441.2,25730,2025-01-25,TCI Freight
SHP06305,Kolkata,Bhubaneswar,Medium,Automobile Parts,12.1,438.5,13225,2025-01-25,TCI Freight
SHP06306,Kolkata,Bhubaneswar,Medium,Steel Coils,23.3,442.1,25816,2025-01-25,TCI Freight
SHP06307,Bangalore,Hyderabad,Medium,Electronics,20.9,573.8,27952,2025-01-25,Western Carriers
SHP06308,Bangalore,Hyderabad,Medium,Automobile Parts,15.9,573.4,21935,2025-01-25,Shivam Freight Co
SHP06309,Bangalore,Hyderabad,Medium,Steel Coils,25.0,571.0,33286,2025-01-25,VRL Logistics
SHP06310,Mumbai,Delhi,Long,Packaged Foods,18.1,1417.3,51668,2025-01-25,SafeExpress
SHP06311,Mumbai,Delhi,Long,Chemicals,10.4,1419.8,30136,2025-01-25,Western Carriers
SHP06312,Delhi,Kolkata,Long,Automobile Parts,19.9,1513.5,59740,2025-01-25,Western Carriers
SHP06313,Delhi,Kolkata,Long,Automobile Parts,23.5,1511.6,70339,2025-01-25,VRL Logistics
SHP06314,Delhi,Kolkata,Long,FMCG,18.1,1506.4,54350,2025-01-25,SafeExpress
SHP06315,Mumbai,Pune,Short,FMCG,16.7,146.6,7291,2025-01-26,VRL Logistics
SHP06316,Delhi,Jaipur,Short,FMCG,22.5,276.2,18859,2025-01-26,VRL Logistics
SHP06317,Chennai,Bangalore,Short,Electronics,22.2,351.5,22138,2025-01-26,SafeExpress
SHP06318,Ahmedabad,Mumbai,Medium,Textiles,16.9,528.3,29868,2025-01-26,VRL Logistics
SHP06319,Kolkata,Bhubaneswar,Medium,Electronics,11.0,438.3,11940,2025-01-26,TCI Freight
SHP06320,Kolkata,Bhubaneswar,Medium,FMCG,13.1,440.7,13976,2025-01-26,SafeExpress
SHP06321,Bangalore,Hyderabad,Medium,Steel Coils,18.7,571.7,25858,2025-01-26,Om Sai Transport
SHP06322,Bangalore,Hyderabad,Medium,FMCG,11.6,570.4,16154,2025-01-26,TCI Freight
SHP06323,Bangalore,Hyderabad,Medium,Electronics,23.6,570.6,33003,2025-01-26,Western Carriers
SHP06324,Mumbai,Delhi,Long,Electronics,16.4,1420.4,45902,2025-01-26,Shivam Freight Co
SHP06325,Mumbai,Delhi,Long,Automobile Parts,19.8,1418.2,55808,2025-01-26,Western Carriers
SHP06326,Delhi,Kolkata,Long,FMCG,15.5,1510.9,45594,2025-01-26,Shivam Freight Co
SHP06327,Delhi,Kolkata,Long,Electronics,20.2,1511.8,60315,2025-01-26,Shivam Freight Co
SHP06328,Delhi,Kolkata,Long,Automobile Parts,14.8,1511.2,43679,2025-01-26,Western Carriers
SHP06329,Mumbai,Pune,Short,Packaged Foods,24.8,152.5,11264,2025-01-27,SafeExpress
SHP06330,Delhi,Jaipur,Short,Textiles,18.3,281.8,15361,2025-01-27,TCI Freight
SHP06331,Chennai,Bangalore,Short,FMCG,21.9,350.9,20773,2025-01-27,VRL Logistics
SHP06332,Chennai,Bangalore,Short,Automobile Parts,17.6,349.6,16836,2025-01-27,Om Sai Transport
SHP06333,Chennai,Bangalore,Short,FMCG,13.6,352.1,13223,2025-01-27,VRL Logistics
SHP06334,Ahmedabad,Mumbai,Medium,Textiles,21.7,526.6,28410,2025-01-27,Western Carriers
SHP06335,Ahmedabad,Mumbai,Medium,Textiles,21.2,528.9,27770,2025-01-27,TCI Freight
SHP06336,Kolkata,Bhubaneswar,Medium,Packaged Foods,22.7,437.6,24279,2025-01-27,Western Carriers
SHP06337,Bangalore,Hyderabad,Medium,Electronics,11.4,568.8,15348,2025-01-27,Western Carriers
SHP06338,Mumbai,Delhi,Long,Automobile Parts,23.8,1421.6,67450,2025-01-27,SafeExpress
SHP06339,Mumbai,Delhi,Long,FMCG,11.6,1418.5,33077,2025-01-27,SafeExpress
SHP06340,Mumbai,Delhi,Long,Packaged Foods,21.3,1417.8,61942,2025-01-27,VRL Logistics
SHP06341,Delhi,Kolkata,Long,Steel Coils,13.6,1506.5,42188,2025-01-27,Om Sai Transport
SHP06342,Delhi,Kolkata,Long,Automobile Parts,12.0,1507.9,37235,2025-01-27,TCI Freight
SHP06343,Mumbai,Pune,Short,Steel Coils,24.4,152.9,11609,2025-01-28,Western Carriers
SHP06344,Mumbai,Pune,Short,Steel Coils,19.5,147.4,8787,2025-01-28,TCI Freight
SHP06345,Delhi,Jaipur,Short,Electronics,23.1,283.1,19044,2025-01-28,Western Carriers
SHP06346,Chennai,Bangalore,Short,Electronics,22.9,348.8,22212,2025-01-28,Western Carriers
SHP06347,Ahmedabad,Mumbai,Medium,Steel Coils,24.3,533.0,31909,2025-01-28,SafeExpress
SHP06348,Ahmedabad,Mumbai,Medium,FMCG,24.2,532.0,32109,2025-01-28,SafeExpress
SHP06349,Kolkata,Bhubaneswar,Medium,Steel Coils,14.6,436.6,16533,2025-01-28,Om Sai Transport
SHP06350,Bangalore,Hyderabad,Medium,Steel Coils,24.9,573.2,35268,2025-01-28,Om Sai Transport
SHP06351,Mumbai,Delhi,Long,Textiles,15.0,1421.9,43355,2025-01-28,Western Carriers
SHP06352,Mumbai,Delhi,Long,Chemicals,10.4,1422.6,29889,2025-01-28,Shivam Freight Co
SHP06353,Delhi,Kolkata,Long,Textiles,16.3,1507.9,49278,2025-01-28,Western Carriers
SHP06354,Mumbai,Pune,Short,Textiles,11.9,153.3,5339,2025-01-29,Shivam Freight Co
SHP06355,Delhi,Jaipur,Short,Textiles,16.7,280.4,13781,2025-01-29,SafeExpress
SHP06356,Chennai,Bangalore,Short,Electronics,18.0,350.4,16985,2025-01-29,Om Sai Transport
SHP06357,Chennai,Bangalore,Short,Chemicals,11.0,347.5,10264,2025-01-29,SafeExpress
SHP06358,Chennai,Bangalore,Short,Steel Coils,22.8,352.9,21296,2025-01-29,Shivam Freight Co
SHP06359,Ahmedabad,Mumbai,Medium,Steel Coils,17.4,528.5,21978,2025-01-29,VRL Logistics
SHP06360,Ahmedabad,Mumbai,Medium,Packaged Foods,11.6,528.4,14766,2025-01-29,Shivam Freight Co
SHP06361,Ahmedabad,Mumbai,Medium,Packaged Foods,14.4,532.4,18457,2025-01-29,Shivam Freight Co
SHP06362,Kolkata,Bhubaneswar,Medium,Electronics,13.5,437.6,14804,2025-01-29,SafeExpress
SHP06363,Bangalore,Hyderabad,Medium,Steel Coils,17.1,566.4,23789,2025-01-29,Western Carriers
SHP06364,Mumbai,Delhi,Long,FMCG,24.4,1417.9,71473,2025-01-29,Western Carriers
SHP06365,Mumbai,Delhi,Long,FMCG,19.9,1419.7,58520,2025-01-29,Shivam Freight Co
SHP06366,Mumbai,Delhi,Long,FMCG,22.0,1421.7,65074,2025-01-29,TCI Freight
SHP06367,Delhi,Kolkata,Long,Automobile Parts,18.3,1510.0,57520,2025-01-29,SafeExpress
SHP06368,Delhi,Kolkata,Long,FMCG,21.0,1509.4,66160,2025-01-29,Shivam Freight Co
SHP06369,Delhi,Kolkata,Long,Steel Coils,17.2,1507.7,53570,2025-01-29,Om Sai Transport
SHP06370,Mumbai,Pune,Short,Electronics,18.6,150.3,8479,2025-01-30,Western Carriers
SHP06371,Delhi,Jaipur,Short,Textiles,17.1,278.2,14023,2025-01-30,Shivam Freight Co
SHP06372,Chennai,Bangalore,Short,FMCG,17.5,348.7,17158,2025-01-30,Shivam Freight Co
SHP06373,Chennai,Bangalore,Short,Steel Coils,21.9,351.2,21541,2025-01-30,VRL Logistics
SHP06374,Ahmedabad,Mumbai,Medium,Chemicals,10.5,533.2,13646,2025-01-30,Western Carriers
SHP06375,Ahmedabad,Mumbai,Medium,Steel Coils,14.7,529.2,18749,2025-01-30,Western Carriers
SHP06376,Ahmedabad,Mumbai,Medium,FMCG,11.6,531.1,14966,2025-01-30,VRL Logistics
SHP06377,Kolkata,Bhubaneswar,Medium,Chemicals,18.5,437.5,20463,2025-01-30,Western Carriers
SHP06378,Kolkata,Bhubaneswar,Medium,Packaged Foods,19.9,438.6,22026,2025-01-30,VRL Logistics
SHP06379,Kolkata,Bhubaneswar,Medium,FMCG,22.4,443.2,24934,2025-01-30,Om Sai Transport
SHP06380,Bangalore,Hyderabad,Medium,Automobile Parts,18.5,566.6,25032,2025-01-30,Om Sai Transport
SHP06381,Bangalore,Hyderabad,Medium,Packaged Foods,22.7,570.1,31710,2025-01-30,Om Sai Transport
SHP06382,Mumbai,Delhi,Long,Steel Coils,19.5,1419.7,59002,2025-01-30,SafeExpress
SHP06383,Mumbai,Delhi,Long,Textiles,14.2,1420.5,41778,2025-01-30,VRL Logistics
SHP06384,Mumbai,Delhi,Long,Steel Coils,15.2,1421.5,45264,2025-01-30,Western Carriers
SHP06385,Delhi,Kolkata,Long,Chemicals,22.7,1513.5,67834,2025-01-30,Western Carriers
SHP06386,Delhi,Kolkata,Long,Chemicals,16.2,1510.7,48355,2025-01-30,TCI Freight
SHP06387,Mumbai,Pune,Short,Electronics,12.5,153.4,5815,2025-01-31,Om Sai Transport
SHP06388,Mumbai,Pune,Short,Packaged Foods,22.0,153.8,10281,2025-01-31,Western Carriers
SHP06389,Mumbai,Pune,Short,Packaged Foods,21.7,146.3,9614,2025-01-31,VRL Logistics
SHP06390,Delhi,Jaipur,Short,Packaged Foods,21.4,278.5,16782,2025-01-31,Om Sai Transport
SHP06391,Delhi,Jaipur,Short,Electronics,11.6,278.4,9233,2025-01-31,SafeExpress
SHP06392,Delhi,Jaipur,Short,Packaged Foods,10.2,280.3,8338,2025-01-31,Shivam Freight Co
SHP06393,Chennai,Bangalore,Short,Automobile Parts,16.1,350.4,15669,2025-01-31,VRL Logistics
SHP06394,Chennai,Bangalore,Short,FMCG,12.2,353.6,12153,2025-01-31,VRL Logistics
SHP06395,Ahmedabad,Mumbai,Medium,Automobile Parts,13.9,526.5,17750,2025-01-31,Shivam Freight Co
SHP06396,Ahmedabad,Mumbai,Medium,Automobile Parts,10.2,526.9,12811,2025-01-31,SafeExpress
SHP06397,Kolkata,Bhubaneswar,Medium,Electronics,14.9,437.9,16768,2025-01-31,VRL Logistics
SHP06398,Bangalore,Hyderabad,Medium,Textiles,10.4,572.3,14274,2025-01-31,SafeExpress
SHP06399,Mumbai,Delhi,Long,Textiles,19.2,1420.5,56407,2025-01-31,TCI Freight
SHP06400,Mumbai,Delhi,Long,Electronics,20.2,1422.5,60075,2025-01-31,Shivam Freight Co
SHP06401,Mumbai,Delhi,Long,Packaged Foods,24.4,1418.1,71650,2025-01-31,SafeExpress
SHP06402,Delhi,Kolkata,Long,Steel Coils,17.5,1513.0,52961,2025-01-31,VRL Logistics
SHP06403,Delhi,Kolkata,Long,Packaged Foods,18.6,1509.2,55464,2025-01-31,VRL Logistics
SHP06404,Delhi,Kolkata,Long,Electronics,11.8,1512.8,36189,2025-01-31,Om Sai Transport
SHP06405,Mumbai,Pune,Short,Steel Coils,24.7,149.4,10668,2025-02-01,Shivam Freight Co
SHP06406,Mumbai,Pune,Short,FMCG,23.8,152.5,10681,2025-02-01,VRL Logistics
SHP06407,Mumbai,Pune,Short,Textiles,21.8,146.8,9222,2025-02-01,TCI Freight
SHP06408,Delhi,Jaipur,Short,FMCG,13.7,276.5,10781,2025-02-01,SafeExpress
SHP06409,Delhi,Jaipur,Short,Automobile Parts,20.9,278.2,16490,2025-02-01,Western Carriers
SHP06410,Chennai,Bangalore,Short,Textiles,21.9,353.8,21508,2025-02-01,Om Sai Transport
SHP06411,Ahmedabad,Mumbai,Medium,Packaged Foods,19.7,526.7,24890,2025-02-01,Shivam Freight Co
SHP06412,Ahmedabad,Mumbai,Medium,Packaged Foods,13.9,532.6,18106,2025-02-01,TCI Freight
SHP06413,Kolkata,Bhubaneswar,Medium,Packaged Foods,10.4,441.1,11471,2025-02-01,Om Sai Transport
SHP06414,Bangalore,Hyderabad,Medium,FMCG,10.8,570.7,14723,2025-02-01,Om Sai Transport
SHP06415,Bangalore,Hyderabad,Medium,Steel Coils,24.7,567.4,33854,2025-02-01,Western Carriers
SHP06416,Bangalore,Hyderabad,Medium,Steel Coils,21.8,572.9,30325,2025-02-01,Western Carriers
SHP06417,Mumbai,Delhi,Long,Automobile Parts,20.0,1420.5,58693,2025-02-01,Shivam Freight Co
SHP06418,Delhi,Kolkata,Long,Chemicals,20.3,1506.9,60201,2025-02-01,TCI Freight
SHP06419,Delhi,Kolkata,Long,Automobile Parts,14.7,1511.7,43848,2025-02-01,Western Carriers
SHP06420,Mumbai,Pune,Short,FMCG,14.9,152.8,6583,2025-02-02,VRL Logistics
SHP06421,Mumbai,Pune,Short,Electronics,12.3,150.3,5415,2025-02-02,Western Carriers
SHP06422,Delhi,Jaipur,Short,FMCG,14.0,280.3,11715,2025-02-02,Western Carriers
SHP06423,Chennai,Bangalore,Short,Chemicals,12.9,347.5,12039,2025-02-02,VRL Logistics
SHP06424,Ahmedabad,Mumbai,Medium,Electronics,20.4,530.1,27121,2025-02-02,Western Carriers
SHP06425,Ahmedabad,Mumbai,Medium,Packaged Foods,19.7,528.7,25669,2025-02-02,VRL Logistics
SHP06426,Kolkata,Bhubaneswar,Medium,Chemicals,23.1,438.5,24819,2025-02-02,Shivam Freight Co
SHP06427,Kolkata,Bhubaneswar,Medium,Automobile Parts,23.2,440.7,24966,2025-02-02,Om Sai Transport
SHP06428,Bangalore,Hyderabad,Medium,Electronics,15.4,573.3,20828,2025-02-02,SafeExpress
SHP06429,Bangalore,Hyderabad,Medium,Textiles,17.2,569.9,23128,2025-02-02,TCI Freight
SHP06430,Mumbai,Delhi,Long,Packaged Foods,14.6,1418.0,41795,2025-02-02,Shivam Freight Co
SHP06431,Mumbai,Delhi,Long,Chemicals,15.8,1419.5,45734,2025-02-02,Om Sai Transport
SHP06432,Mumbai,Delhi,Long,Electronics,18.2,1419.1,51812,2025-02-02,Western Carriers
SHP06433,Delhi,Kolkata,Long,FMCG,17.5,1512.4,52997,2025-02-02,TCI Freight
SHP06434,Delhi,Kolkata,Long,FMCG,19.8,1508.8,59096,2025-02-02,SafeExpress
SHP06435,Mumbai,Pune,Short,Packaged Foods,10.3,147.1,4476,2025-02-03,SafeExpress
SHP06436,Delhi,Jaipur,Short,Chemicals,24.7,278.0,20023,2025-02-03,SafeExpress
SHP06437,Delhi,Jaipur,Short,FMCG,21.3,276.3,16705,2025-02-03,TCI Freight
SHP06438,Chennai,Bangalore,Short,Packaged Foods,19.5,347.1,18821,2025-02-03,SafeExpress
SHP06439,Ahmedabad,Mumbai,Medium,FMCG,15.4,533.6,20564,2025-02-03,Shivam Freight Co
SHP06440,Ahmedabad,Mumbai,Medium,Automobile Parts,14.4,531.7,18547,2025-02-03,Shivam Freight Co
SHP06441,Kolkata,Bhubaneswar,Medium,Electronics,22.4,436.5,24270,2025-02-03,TCI Freight
SHP06442,Kolkata,Bhubaneswar,Medium,Chemicals,20.1,438.4,21741,2025-02-03,VRL Logistics
SHP06443,Bangalore,Hyderabad,Medium,Steel Coils,18.6,569.7,25755,2025-02-03,SafeExpress
SHP06444,Mumbai,Delhi,Long,Textiles,14.0,1420.7,39636,2025-02-03,VRL Logistics
SHP06445,Mumbai,Delhi,Long,Textiles,14.6,1423.4,41887,2025-02-03,Western Carriers
SHP06446,Delhi,Kolkata,Long,Electronics,23.1,1511.9,69446,2025-02-03,Om Sai Transport
SHP06447,Delhi,Kolkata,Long,Electronics,17.4,1511.8,53793,2025-02-03,Western Carriers
SHP06448,Mumbai,Pune,Short,FMCG,11.6,149.5,5258,2025-02-04,Om Sai Transport
SHP06449,Delhi,Jaipur,Short,Steel Coils,12.4,283.2,10670,2025-02-04,SafeExpress
SHP06450,Delhi,Jaipur,Short,Packaged Foods,23.7,282.9,20272,2025-02-04,SafeExpress
SHP06451,Chennai,Bangalore,Short,Packaged Foods,21.5,351.7,20496,2025-02-04,VRL Logistics
SHP06452,Chennai,Bangalore,Short,Packaged Foods,15.8,351.8,15302,2025-02-04,Shivam Freight Co
SHP06453,Ahmedabad,Mumbai,Medium,Packaged Foods,11.2,527.9,13979,2025-02-04,VRL Logistics
SHP06454,Ahmedabad,Mumbai,Medium,Steel Coils,12.0,526.1,15379,2025-02-04,TCI Freight
SHP06455,Kolkata,Bhubaneswar,Medium,Electronics,21.6,436.3,23670,2025-02-04,VRL Logistics
SHP06456,Bangalore,Hyderabad,Medium,Steel Coils,24.0,572.3,33771,2025-02-04,SafeExpress
SHP06457,Mumbai,Delhi,Long,Chemicals,21.9,1419.9,63994,2025-02-04,Om Sai Transport
SHP06458,Mumbai,Delhi,Long,Steel Coils,14.0,1418.5,42074,2025-02-04,Western Carriers
SHP06459,Delhi,Kolkata,Long,Chemicals,21.8,1507.5,68261,2025-02-04,Om Sai Transport
SHP06460,Delhi,Kolkata,Long,Packaged Foods,21.5,1510.9,67107,2025-02-04,VRL Logistics
SHP06461,Mumbai,Pune,Short,Steel Coils,10.0,147.1,4302,2025-02-05,Shivam Freight Co
SHP06462,Delhi,Jaipur,Short,Automobile Parts,24.3,281.0,20007,2025-02-05,TCI Freight
SHP06463,Delhi,Jaipur,Short,FMCG,15.7,281.3,12988,2025-02-05,VRL Logistics
SHP06464,Delhi,Jaipur,Short,Textiles,17.5,277.7,14049,2025-02-05,SafeExpress
SHP06465,Chennai,Bangalore,Short,Steel Coils,10.1,348.8,9568,2025-02-05,Shivam Freight Co
SHP06466,Ahmedabad,Mumbai,Medium,Packaged Foods,22.1,526.2,29145,2025-02-05,SafeExpress
SHP06467,Kolkata,Bhubaneswar,Medium,Packaged Foods,22.7,439.7,25543,2025-02-05,Om Sai Transport
SHP06468,Bangalore,Hyderabad,Medium,Textiles,14.1,573.1,19201,2025-02-05,TCI Freight
SHP06469,Mumbai,Delhi,Long,Textiles,16.8,1421.5,49286,2025-02-05,TCI Freight
SHP06470,Delhi,Kolkata,Long,Packaged Foods,12.2,1506.2,37123,2025-02-05,Shivam Freight Co
SHP06471,Delhi,Kolkata,Long,Chemicals,17.1,1510.9,51422,2025-02-05,Western Carriers
SHP06472,Delhi,Kolkata,Long,FMCG,11.3,1511.0,33960,2025-02-05,Shivam Freight Co
SHP06473,Mumbai,Pune,Short,Electronics,13.7,148.8,6245,2025-02-06,VRL Logistics
SHP06474,Mumbai,Pune,Short,Steel Coils,21.6,150.6,9628,2025-02-06,Shivam Freight Co
SHP06475,Delhi,Jaipur,Short,Automobile Parts,23.4,283.3,19936,2025-02-06,VRL Logistics
SHP06476,Delhi,Jaipur,Short,Packaged Foods,15.4,276.9,12964,2025-02-06,Om Sai Transport
SHP06477,Delhi,Jaipur,Short,Chemicals,10.2,277.3,8649,2025-02-06,TCI Freight
SHP06478,Chennai,Bangalore,Short,Packaged Foods,23.3,352.9,21820,2025-02-06,SafeExpress
SHP06479,Chennai,Bangalore,Short,Textiles,12.5,348.7,11806,2025-02-06,Shivam Freight Co
SHP06480,Ahmedabad,Mumbai,Medium,Automobile Parts,17.7,526.4,23483,2025-02-06,Western Carriers
SHP06481,Kolkata,Bhubaneswar,Medium,Textiles,14.9,442.3,16446,2025-02-06,Shivam Freight Co
SHP06482,Kolkata,Bhubaneswar,Medium,Textiles,18.6,440.7,19980,2025-02-06,Shivam Freight Co
SHP06483,Kolkata,Bhubaneswar,Medium,Steel Coils,22.4,438.4,24268,2025-02-06,SafeExpress
SHP06484,Bangalore,Hyderabad,Medium,Automobile Parts,11.9,571.4,16024,2025-02-06,VRL Logistics
SHP06485,Bangalore,Hyderabad,Medium,Electronics,23.7,566.8,31798,2025-02-06,Om Sai Transport
SHP06486,Mumbai,Delhi,Long,Packaged Foods,14.1,1421.2,40203,2025-02-06,Western Carriers
SHP06487,Delhi,Kolkata,Long,Automobile Parts,12.2,1513.3,37912,2025-02-06,VRL Logistics
SHP06488,Delhi,Kolkata,Long,Steel Coils,23.9,1511.3,74521,2025-02-06,TCI Freight
SHP06489,Mumbai,Pune,Short,FMCG,23.2,149.4,10841,2025-02-07,SafeExpress
SHP06490,Delhi,Jaipur,Short,Electronics,23.4,279.5,19281,2025-02-07,SafeExpress
SHP06491,Chennai,Bangalore,Short,Textiles,24.0,352.7,23739,2025-02-07,TCI Freight
SHP06492,Chennai,Bangalore,Short,FMCG,14.1,348.5,13334,2025-02-07,Shivam Freight Co
SHP06493,Chennai,Bangalore,Short,Automobile Parts,19.7,346.4,19167,2025-02-07,Western Carriers
SHP06494,Ahmedabad,Mumbai,Medium,Steel Coils,11.4,528.3,14416,2025-02-07,Western Carriers
SHP06495,Ahmedabad,Mumbai,Medium,Steel Coils,18.1,530.6,23399,2025-02-07,SafeExpress
SHP06496,Kolkata,Bhubaneswar,Medium,FMCG,14.2,443.7,15545,2025-02-07,Shivam Freight Co
SHP06497,Bangalore,Hyderabad,Medium,Steel Coils,20.0,568.9,27218,2025-02-07,VRL Logistics
SHP06498,Bangalore,Hyderabad,Medium,Packaged Foods,24.8,573.9,33934,2025-02-07,VRL Logistics
SHP06499,Mumbai,Delhi,Long,Textiles,19.4,1416.3,55453,2025-02-07,Shivam Freight Co
SHP06500,Mumbai,Delhi,Long,FMCG,22.6,1422.4,65331,2025-02-07,TCI Freight
SHP06501,Delhi,Kolkata,Long,Packaged Foods,23.5,1513.2,68743,2025-02-07,Om Sai Transport
SHP06502,Delhi,Kolkata,Long,Steel Coils,24.2,1511.3,70757,2025-02-07,VRL Logistics
SHP06503,Mumbai,Pune,Short,Steel Coils,15.8,147.1,7084,2025-02-08,Shivam Freight Co
SHP06504,Delhi,Jaipur,Short,Electronics,18.3,276.0,14498,2025-02-08,TCI Freight
SHP06505,Chennai,Bangalore,Short,Electronics,11.7,352.3,11459,2025-02-08,VRL Logistics
SHP06506,Chennai,Bangalore,Short,Packaged Foods,21.6,347.5,20990,2025-02-08,TCI Freight
SHP06507,Ahmedabad,Mumbai,Medium,Automobile Parts,23.1,532.8,30024,2025-02-08,TCI Freight
SHP06508,Ahmedabad,Mumbai,Medium,Steel Coils,19.8,527.7,25194,2025-02-08,Shivam Freight Co
SHP06509,Ahmedabad,Mumbai,Medium,Steel Coils,23.7,527.6,30184,2025-02-08,Western Carriers
SHP06510,Kolkata,Bhubaneswar,Medium,Electronics,18.8,437.5,20301,2025-02-08,TCI Freight
SHP06511,Kolkata,Bhubaneswar,Medium,FMCG,23.4,438.1,25588,2025-02-08,SafeExpress
SHP06512,Kolkata,Bhubaneswar,Medium,Packaged Foods,22.0,442.9,24528,2025-02-08,Western Carriers
SHP06513,Bangalore,Hyderabad,Medium,Automobile Parts,10.4,569.4,14081,2025-02-08,Shivam Freight Co
SHP06514,Mumbai,Delhi,Long,FMCG,16.7,1418.0,50487,2025-02-08,VRL Logistics
SHP06515,Delhi,Kolkata,Long,Textiles,19.9,1511.8,62212,2025-02-08,Om Sai Transport
SHP06516,Mumbai,Pune,Short,Automobile Parts,20.9,146.7,9255,2025-02-09,Om Sai Transport
SHP06517,Mumbai,Pune,Short,FMCG,20.5,150.0,9140,2025-02-09,Shivam Freight Co
SHP06518,Delhi,Jaipur,Short,Electronics,22.0,281.7,18977,2025-02-09,VRL Logistics
SHP06519,Delhi,Jaipur,Short,Automobile Parts,15.6,278.0,13106,2025-02-09,Shivam Freight Co
SHP06520,Chennai,Bangalore,Short,Textiles,20.9,352.1,20110,2025-02-09,Om Sai Transport
SHP06521,Chennai,Bangalore,Short,Packaged Foods,15.4,349.9,14681,2025-02-09,VRL Logistics
SHP06522,Ahmedabad,Mumbai,Medium,Steel Coils,17.5,530.8,21933,2025-02-09,Western Carriers
SHP06523,Ahmedabad,Mumbai,Medium,Steel Coils,18.6,528.1,23108,2025-02-09,Om Sai Transport
SHP06524,Ahmedabad,Mumbai,Medium,FMCG,13.3,527.6,17036,2025-02-09,TCI Freight
SHP06525,Kolkata,Bhubaneswar,Medium,Automobile Parts,18.4,437.0,20189,2025-02-09,Western Carriers
SHP06526,Bangalore,Hyderabad,Medium,Textiles,12.1,572.9,17092,2025-02-09,Western Carriers
SHP06527,Mumbai,Delhi,Long,FMCG,21.7,1418.1,62026,2025-02-09,SafeExpress
SHP06528,Mumbai,Delhi,Long,Packaged Foods,22.5,1416.6,64881,2025-02-09,Western Carriers
SHP06529,Mumbai,Delhi,Long,Packaged Foods,19.7,1423.6,56437,2025-02-09,VRL Logistics
SHP06530,Delhi,Kolkata,Long,Packaged Foods,13.5,1510.7,39667,2025-02-09,SafeExpress
SHP06531,Delhi,Kolkata,Long,Electronics,21.1,1511.5,62753,2025-02-09,SafeExpress
SHP06532,Delhi,Kolkata,Long,Automobile Parts,21.8,1509.9,65539,2025-02-09,SafeExpress
SHP06533,Mumbai,Pune,Short,Automobile Parts,15.8,151.8,7489,2025-02-10,SafeExpress
SHP06534,Mumbai,Pune,Short,Electronics,15.3,146.4,6758,2025-02-10,Western Carriers
SHP06535,Delhi,Jaipur,Short,Textiles,16.5,277.1,13740,2025-02-10,Om Sai Transport
SHP06536,Delhi,Jaipur,Short,Chemicals,15.5,276.6,12862,2025-02-10,TCI Freight
SHP06537,Delhi,Jaipur,Short,Chemicals,17.9,280.2,15233,2025-02-10,SafeExpress
SHP06538,Chennai,Bangalore,Short,Packaged Foods,21.1,348.9,20549,2025-02-10,SafeExpress
SHP06539,Chennai,Bangalore,Short,Packaged Foods,20.5,346.6,20010,2025-02-10,SafeExpress
SHP06540,Ahmedabad,Mumbai,Medium,Steel Coils,18.0,530.8,24228,2025-02-10,Western Carriers
SHP06541,Kolkata,Bhubaneswar,Medium,Steel Coils,10.9,438.2,12103,2025-02-10,VRL Logistics
SHP06542,Kolkata,Bhubaneswar,Medium,Packaged Foods,24.4,439.3,26520,2025-02-10,Om Sai Transport
SHP06543,Kolkata,Bhubaneswar,Medium,Packaged Foods,23.0,437.3,24939,2025-02-10,Om Sai Transport
SHP06544,Bangalore,Hyderabad,Medium,Steel Coils,18.5,567.5,24967,2025-02-10,Shivam Freight Co
SHP06545,Bangalore,Hyderabad,Medium,FMCG,11.6,573.2,15323,2025-02-10,TCI Freight
SHP06546,Bangalore,Hyderabad,Medium,Chemicals,10.3,568.1,13617,2025-02-10,TCI Freight
SHP06547,Mumbai,Delhi,Long,Textiles,15.6,1420.0,45284,2025-02-10,Om Sai Transport
SHP06548,Mumbai,Delhi,Long,Steel Coils,11.6,1420.6,32855,2025-02-10,SafeExpress
SHP06549,Mumbai,Delhi,Long,Electronics,24.0,1420.9,68743,2025-02-10,TCI Freight
SHP06550,Delhi,Kolkata,Long,Steel Coils,24.4,1513.5,73681,2025-02-10,Western Carriers
SHP06551,Mumbai,Pune,Short,Automobile Parts,19.9,153.4,9096,2025-02-11,SafeExpress
SHP06552,Mumbai,Pune,Short,Electronics,16.5,153.3,7703,2025-02-11,Om Sai Transport
SHP06553,Mumbai,Pune,Short,Textiles,18.1,152.5,8383,2025-02-11,Western Carriers
SHP06554,Delhi,Jaipur,Short,Chemicals,13.8,279.5,11625,2025-02-11,Om Sai Transport
SHP06555,Delhi,Jaipur,Short,Electronics,20.2,278.6,17260,2025-02-11,Shivam Freight Co
SHP06556,Delhi,Jaipur,Short,FMCG,21.2,280.8,18322,2025-02-11,Western Carriers
SHP06557,Chennai,Bangalore,Short,Automobile Parts,24.0,352.9,23017,2025-02-11,SafeExpress
SHP06558,Chennai,Bangalore,Short,FMCG,12.5,351.6,11891,2025-02-11,Western Carriers
SHP06559,Ahmedabad,Mumbai,Medium,Packaged Foods,17.9,527.1,23589,2025-02-11,SafeExpress
SHP06560,Ahmedabad,Mumbai,Medium,Chemicals,16.9,533.7,22616,2025-02-11,Western Carriers
SHP06561,Kolkata,Bhubaneswar,Medium,FMCG,23.2,436.7,25462,2025-02-11,SafeExpress
SHP06562,Bangalore,Hyderabad,Medium,Textiles,20.2,572.1,28818,2025-02-11,Western Carriers
SHP06563,Bangalore,Hyderabad,Medium,Steel Coils,23.0,571.9,32595,2025-02-11,TCI Freight
SHP06564,Bangalore,Hyderabad,Medium,Steel Coils,16.8,573.6,23186,2025-02-11,Shivam Freight Co
SHP06565,Mumbai,Delhi,Long,Textiles,18.6,1421.1,55378,2025-02-11,Western Carriers
SHP06566,Mumbai,Delhi,Long,Electronics,12.6,1422.4,37057,2025-02-11,VRL Logistics
SHP06567,Delhi,Kolkata,Long,Automobile Parts,11.4,1507.2,33970,2025-02-11,Om Sai Transport
SHP06568,Mumbai,Pune,Short,Chemicals,24.8,150.8,11242,2025-02-12,Om Sai Transport
SHP06569,Delhi,Jaipur,Short,Chemicals,11.9,277.1,9504,2025-02-12,Shivam Freight Co
SHP06570,Delhi,Jaipur,Short,Automobile Parts,10.2,283.6,8275,2025-02-12,VRL Logistics
SHP06571,Delhi,Jaipur,Short,FMCG,22.8,278.5,18683,2025-02-12,VRL Logistics
SHP06572,Chennai,Bangalore,Short,Chemicals,10.9,353.2,10470,2025-02-12,VRL Logistics
SHP06573,Chennai,Bangalore,Short,Textiles,24.2,347.5,22117,2025-02-12,VRL Logistics
SHP06574,Ahmedabad,Mumbai,Medium,Steel Coils,21.1,530.8,26370,2025-02-12,TCI Freight
SHP06575,Ahmedabad,Mumbai,Medium,Chemicals,18.8,526.4,23954,2025-02-12,TCI Freight
SHP06576,Ahmedabad,Mumbai,Medium,Packaged Foods,10.4,532.3,13044,2025-02-12,VRL Logistics
SHP06577,Kolkata,Bhubaneswar,Medium,Automobile Parts,23.6,436.7,25911,2025-02-12,Shivam Freight Co
SHP06578,Bangalore,Hyderabad,Medium,Steel Coils,14.9,567.9,20670,2025-02-12,SafeExpress
SHP06579,Mumbai,Delhi,Long,Automobile Parts,16.5,1417.8,47584,2025-02-12,SafeExpress
SHP06580,Mumbai,Delhi,Long,Steel Coils,11.9,1416.5,34306,2025-02-12,VRL Logistics
SHP06581,Mumbai,Delhi,Long,Automobile Parts,18.4,1418.6,52588,2025-02-12,Shivam Freight Co
SHP06582,Delhi,Kolkata,Long,Steel Coils,11.6,1509.3,34880,2025-02-12,TCI Freight
SHP06583,Delhi,Kolkata,Long,Steel Coils,21.6,1507.7,64507,2025-02-12,TCI Freight
SHP06584,Mumbai,Pune,Short,Textiles,22.5,151.7,10283,2025-02-13,Shivam Freight Co
SHP06585,Mumbai,Pune,Short,FMCG,11.5,153.5,5302,2025-02-13,Om Sai Transport
SHP06586,Delhi,Jaipur,Short,Electronics,12.4,276.4,10242,2025-02-13,TCI Freight
SHP06587,Delhi,Jaipur,Short,Steel Coils,19.7,283.8,16516,2025-02-13,VRL Logistics
SHP06588,Delhi,Jaipur,Short,FMCG,17.1,282.5,14204,2025-02-13,TCI Freight
SHP06589,Chennai,Bangalore,Short,Automobile Parts,19.1,350.8,17622,2025-02-13,Shivam Freight Co
SHP06590,Ahmedabad,Mumbai,Medium,Chemicals,16.6,527.2,21770,2025-02-13,Western Carriers
SHP06591,Kolkata,Bhubaneswar,Medium,FMCG,23.8,439.7,27091,2025-02-13,Om Sai Transport
SHP06592,Kolkata,Bhubaneswar,Medium,Electronics,21.1,436.7,23360,2025-02-13,Om Sai Transport
SHP06593,Bangalore,Hyderabad,Medium,Electronics,20.6,572.7,29550,2025-02-13,Western Carriers
SHP06594,Mumbai,Delhi,Long,Steel Coils,20.8,1416.4,60561,2025-02-13,SafeExpress
SHP06595,Delhi,Kolkata,Long,Steel Coils,14.4,1509.1,42317,2025-02-13,Western Carriers
SHP06596,Mumbai,Pune,Short,FMCG,13.8,150.7,6256,2025-02-14,Western Carriers
SHP06597,Mumbai,Pune,Short,Steel Coils,10.8,146.1,4838,2025-02-14,SafeExpress
SHP06598,Delhi,Jaipur,Short,FMCG,12.4,277.9,10107,2025-02-14,Western Carriers
SHP06599,Delhi,Jaipur,Short,Chemicals,23.2,280.1,19012,2025-02-14,VRL Logistics
SHP06600,Delhi,Jaipur,Short,Steel Coils,11.6,281.3,9606,2025-02-14,Om Sai Transport
SHP06601,Chennai,Bangalore,Short,Packaged Foods,10.2,347.7,9811,2025-02-14,Western Carriers
SHP06602,Chennai,Bangalore,Short,Chemicals,19.5,349.4,18512,2025-02-14,Western Carriers
SHP06603,Ahmedabad,Mumbai,Medium,Textiles,24.0,533.7,32554,2025-02-14,SafeExpress
SHP06604,Ahmedabad,Mumbai,Medium,Chemicals,16.2,529.0,21432,2025-02-14,Western Carriers
SHP06605,Ahmedabad,Mumbai,Medium,Textiles,16.9,528.5,21934,2025-02-14,VRL Logistics
SHP06606,Kolkata,Bhubaneswar,Medium,Automobile Parts,12.8,437.7,14140,2025-02-14,VRL Logistics
SHP06607,Kolkata,Bhubaneswar,Medium,FMCG,24.6,441.2,27816,2025-02-14,TCI Freight
SHP06608,Kolkata,Bhubaneswar,Medium,Textiles,22.3,438.3,24447,2025-02-14,Western Carriers
SHP06609,Bangalore,Hyderabad,Medium,Textiles,17.0,568.7,23074,2025-02-14,Shivam Freight Co
SHP06610,Mumbai,Delhi,Long,Automobile Parts,21.8,1418.9,65506,2025-02-14,SafeExpress
SHP06611,Mumbai,Delhi,Long,Chemicals,15.8,1420.6,47272,2025-02-14,VRL Logistics
SHP06612,Mumbai,Delhi,Long,Packaged Foods,16.1,1423.3,48425,2025-02-14,Shivam Freight Co
SHP06613,Delhi,Kolkata,Long,Steel Coils,23.8,1513.4,72477,2025-02-14,SafeExpress
SHP06614,Delhi,Kolkata,Long,Automobile Parts,12.3,1512.0,37938,2025-02-14,Western Carriers
SHP06615,Delhi,Kolkata,Long,Packaged Foods,13.8,1508.2,41729,2025-02-14,TCI Freight
SHP06616,Mumbai,Pune,Short,Automobile Parts,21.0,148.6,9111,2025-02-15,TCI Freight
SHP06617,Delhi,Jaipur,Short,Automobile Parts,19.6,277.6,16005,2025-02-15,SafeExpress
SHP06618,Delhi,Jaipur,Short,Automobile Parts,11.1,276.4,8993,2025-02-15,VRL Logistics
SHP06619,Delhi,Jaipur,Short,Packaged Foods,12.8,277.7,10717,2025-02-15,TCI Freight
SHP06620,Chennai,Bangalore,Short,Packaged Foods,18.9,347.2,17337,2025-02-15,TCI Freight
SHP06621,Chennai,Bangalore,Short,Textiles,15.4,352.2,14687,2025-02-15,Western Carriers
SHP06622,Ahmedabad,Mumbai,Medium,Electronics,19.6,527.3,24386,2025-02-15,Western Carriers
SHP06623,Kolkata,Bhubaneswar,Medium,Packaged Foods,23.5,440.5,26198,2025-02-15,SafeExpress
SHP06624,Kolkata,Bhubaneswar,Medium,FMCG,20.2,442.4,22716,2025-02-15,VRL Logistics
SHP06625,Bangalore,Hyderabad,Medium,Electronics,17.0,573.4,23370,2025-02-15,Western Carriers
SHP06626,Mumbai,Delhi,Long,Automobile Parts,20.3,1419.2,57220,2025-02-15,TCI Freight
SHP06627,Mumbai,Delhi,Long,Automobile Parts,14.6,1417.2,41777,2025-02-15,SafeExpress
SHP06628,Delhi,Kolkata,Long,Packaged Foods,16.5,1510.5,50538,2025-02-15,Western Carriers
SHP06629,Delhi,Kolkata,Long,Automobile Parts,19.5,1513.7,58727,2025-02-15,TCI Freight
SHP06630,Delhi,Kolkata,Long,Electronics,20.2,1507.3,60935,2025-02-15,Shivam Freight Co
SHP06631,Mumbai,Pune,Short,Steel Coils,15.0,150.6,6825,2025-02-16,TCI Freight
SHP06632,Mumbai,Pune,Short,FMCG,12.8,149.8,5735,2025-02-16,Om Sai Transport
SHP06633,Delhi,Jaipur,Short,Steel Coils,21.0,278.6,16728,2025-02-16,Western Carriers
SHP06634,Chennai,Bangalore,Short,Electronics,16.2,352.6,16154,2025-02-16,TCI Freight
SHP06635,Chennai,Bangalore,Short,Electronics,17.1,351.7,16678,2025-02-16,VRL Logistics
SHP06636,Chennai,Bangalore,Short,Steel Coils,12.9,349.7,12825,2025-02-16,VRL Logistics
SHP06637,Ahmedabad,Mumbai,Medium,Textiles,11.6,529.3,15078,2025-02-16,TCI Freight
SHP06638,Ahmedabad,Mumbai,Medium,Automobile Parts,15.8,531.8,20795,2025-02-16,TCI Freight
SHP06639,Kolkata,Bhubaneswar,Medium,Chemicals,15.8,442.5,17535,2025-02-16,Western Carriers
SHP06640,Kolkata,Bhubaneswar,Medium,Steel Coils,17.1,440.2,19060,2025-02-16,VRL Logistics
SHP06641,Kolkata,Bhubaneswar,Medium,Packaged Foods,19.1,443.8,21468,2025-02-16,Om Sai Transport
SHP06642,Bangalore,Hyderabad,Medium,Automobile Parts,19.3,571.4,26308,2025-02-16,TCI Freight
SHP06643,Bangalore,Hyderabad,Medium,Electronics,16.3,571.7,22233,2025-02-16,VRL Logistics
SHP06644,Bangalore,Hyderabad,Medium,Steel Coils,22.8,568.2,32025,2025-02-16,Western Carriers
SHP06645,Mumbai,Delhi,Long,Chemicals,18.2,1420.4,52680,2025-02-16,Western Carriers
SHP06646,Delhi,Kolkata,Long,FMCG,11.0,1509.4,32115,2025-02-16,Om Sai Transport
SHP06647,Delhi,Kolkata,Long,Steel Coils,17.4,1510.0,52541,2025-02-16,Western Carriers
SHP06648,Mumbai,Pune,Short,Steel Coils,11.4,152.5,5400,2025-02-17,Om Sai Transport
SHP06649,Mumbai,Pune,Short,Packaged Foods,10.4,153.4,4898,2025-02-17,TCI Freight
SHP06650,Mumbai,Pune,Short,Steel Coils,12.7,152.1,5841,2025-02-17,Om Sai Transport
SHP06651,Delhi,Jaipur,Short,FMCG,11.1,277.2,9009,2025-02-17,SafeExpress
SHP06652,Delhi,Jaipur,Short,Textiles,20.3,281.1,17035,2025-02-17,Shivam Freight Co
SHP06653,Chennai,Bangalore,Short,Packaged Foods,17.3,346.6,16372,2025-02-17,TCI Freight
SHP06654,Ahmedabad,Mumbai,Medium,Chemicals,10.5,529.9,13497,2025-02-17,VRL Logistics
SHP06655,Ahmedabad,Mumbai,Medium,Packaged Foods,23.5,530.8,31286,2025-02-17,Western Carriers
SHP06656,Kolkata,Bhubaneswar,Medium,Electronics,16.0,441.1,17987,2025-02-17,Shivam Freight Co
SHP06657,Kolkata,Bhubaneswar,Medium,Chemicals,10.1,436.1,11015,2025-02-17,Western Carriers
SHP06658,Bangalore,Hyderabad,Medium,FMCG,16.9,566.6,24017,2025-02-17,Om Sai Transport
SHP06659,Bangalore,Hyderabad,Medium,Textiles,12.6,572.6,17686,2025-02-17,TCI Freight
SHP06660,Bangalore,Hyderabad,Medium,Chemicals,24.9,567.9,35348,2025-02-17,SafeExpress
SHP06661,Mumbai,Delhi,Long,Chemicals,20.8,1418.5,58621,2025-02-17,Shivam Freight Co
SHP06662,Delhi,Kolkata,Long,Packaged Foods,20.7,1506.5,61051,2025-02-17,Om Sai Transport
SHP06663,Delhi,Kolkata,Long,Packaged Foods,18.0,1509.9,52430,2025-02-17,VRL Logistics
SHP06664,Delhi,Kolkata,Long,Electronics,19.3,1506.4,57155,2025-02-17,Western Carriers
SHP06665,Mumbai,Pune,Short,Chemicals,13.0,153.5,6024,2025-02-18,Western Carriers
SHP06666,Mumbai,Pune,Short,Automobile Parts,22.6,146.9,9839,2025-02-18,Western Carriers
SHP06667,Mumbai,Pune,Short,FMCG,10.4,151.5,4801,2025-02-18,Western Carriers
SHP06668,Delhi,Jaipur,Short,Electronics,18.2,281.6,14646,2025-02-18,VRL Logistics
SHP06669,Delhi,Jaipur,Short,Steel Coils,16.8,277.5,13334,2025-02-18,Western Carriers
SHP06670,Chennai,Bangalore,Short,Chemicals,11.7,346.7,11373,2025-02-18,VRL Logistics
SHP06671,Ahmedabad,Mumbai,Medium,Automobile Parts,23.6,530.2,30717,2025-02-18,SafeExpress
SHP06672,Kolkata,Bhubaneswar,Medium,Packaged Foods,11.3,442.0,12594,2025-02-18,Shivam Freight Co
SHP06673,Bangalore,Hyderabad,Medium,Steel Coils,21.1,572.4,29409,2025-02-18,TCI Freight
SHP06674,Bangalore,Hyderabad,Medium,Chemicals,14.8,566.1,20337,2025-02-18,SafeExpress
SHP06675,Mumbai,Delhi,Long,Steel Coils,13.5,1419.5,39390,2025-02-18,Shivam Freight Co
SHP06676,Delhi,Kolkata,Long,Textiles,20.3,1506.7,62655,2025-02-18,Om Sai Transport
SHP06677,Delhi,Kolkata,Long,Packaged Foods,10.3,1511.1,31901,2025-02-18,VRL Logistics
SHP06678,Mumbai,Pune,Short,Electronics,14.2,150.9,6430,2025-02-19,VRL Logistics
SHP06679,Delhi,Jaipur,Short,Textiles,10.0,282.4,8017,2025-02-19,Om Sai Transport
SHP06680,Delhi,Jaipur,Short,Packaged Foods,16.2,280.4,13015,2025-02-19,Om Sai Transport
SHP06681,Chennai,Bangalore,Short,Electronics,16.8,348.0,16344,2025-02-19,Shivam Freight Co
SHP06682,Chennai,Bangalore,Short,Electronics,20.9,350.5,20892,2025-02-19,SafeExpress
SHP06683,Chennai,Bangalore,Short,Textiles,19.9,349.1,19684,2025-02-19,TCI Freight
SHP06684,Ahmedabad,Mumbai,Medium,Steel Coils,10.1,531.7,12944,2025-02-19,SafeExpress
SHP06685,Ahmedabad,Mumbai,Medium,Steel Coils,19.6,527.3,25394,2025-02-19,Western Carriers
SHP06686,Kolkata,Bhubaneswar,Medium,Steel Coils,11.8,440.5,12809,2025-02-19,Om Sai Transport
SHP06687,Bangalore,Hyderabad,Medium,Textiles,12.4,566.7,16584,2025-02-19,Shivam Freight Co
SHP06688,Mumbai,Delhi,Long,Chemicals,18.0,1422.8,51379,2025-02-19,TCI Freight
SHP06689,Delhi,Kolkata,Long,Packaged Foods,10.6,1507.4,30844,2025-02-19,Western Carriers
SHP06690,Mumbai,Pune,Short,Packaged Foods,22.8,152.7,10415,2025-02-20,Western Carriers
SHP06691,Mumbai,Pune,Short,Chemicals,10.7,146.7,4680,2025-02-20,VRL Logistics
SHP06692,Mumbai,Pune,Short,Chemicals,22.9,153.5,10554,2025-02-20,TCI Freight
SHP06693,Delhi,Jaipur,Short,FMCG,11.3,281.0,9461,2025-02-20,VRL Logistics
SHP06694,Chennai,Bangalore,Short,Textiles,19.1,351.9,18704,2025-02-20,TCI Freight
SHP06695,Chennai,Bangalore,Short,Electronics,24.1,351.5,23796,2025-02-20,TCI Freight
SHP06696,Ahmedabad,Mumbai,Medium,FMCG,11.5,533.3,14832,2025-02-20,VRL Logistics
SHP06697,Kolkata,Bhubaneswar,Medium,Automobile Parts,17.5,441.6,19846,2025-02-20,SafeExpress
SHP06698,Kolkata,Bhubaneswar,Medium,Steel Coils,11.1,439.3,12605,2025-02-20,VRL Logistics
SHP06699,Bangalore,Hyderabad,Medium,FMCG,17.3,566.2,23664,2025-02-20,Shivam Freight Co
SHP06700,Bangalore,Hyderabad,Medium,Automobile Parts,14.6,569.6,19695,2025-02-20,SafeExpress
SHP06701,Bangalore,Hyderabad,Medium,Electronics,10.6,572.1,14835,2025-02-20,Om Sai Transport
SHP06702,Mumbai,Delhi,Long,Automobile Parts,15.3,1421.6,44253,2025-02-20,TCI Freight
SHP06703,Mumbai,Delhi,Long,Textiles,16.6,1423.0,48890,2025-02-20,Om Sai Transport
SHP06704,Delhi,Kolkata,Long,Electronics,15.3,1510.9,47033,2025-02-20,Om Sai Transport
SHP06705,Mumbai,Pune,Short,Electronics,17.1,150.5,7654,2025-02-21,TCI Freight
SHP06706,Mumbai,Pune,Short,Chemicals,24.7,150.0,11340,2025-02-21,TCI Freight
SHP06707,Mumbai,Pune,Short,Textiles,12.9,153.0,5963,2025-02-21,Western Carriers
SHP06708,Delhi,Jaipur,Short,Packaged Foods,12.5,281.0,10511,2025-02-21,TCI Freight
SHP06709,Delhi,Jaipur,Short,Steel Coils,17.5,277.9,14418,2025-02-21,Western Carriers
SHP06710,Delhi,Jaipur,Short,Textiles,17.9,280.9,14966,2025-02-21,TCI Freight
SHP06711,Chennai,Bangalore,Short,Textiles,13.7,351.4,13099,2025-02-21,Western Carriers
SHP06712,Ahmedabad,Mumbai,Medium,Chemicals,20.7,528.8,27347,2025-02-21,Western Carriers
SHP06713,Ahmedabad,Mumbai,Medium,FMCG,19.9,530.4,26162,2025-02-21,Om Sai Transport
SHP06714,Ahmedabad,Mumbai,Medium,Steel Coils,15.0,529.8,20153,2025-02-21,Om Sai Transport
SHP06715,Kolkata,Bhubaneswar,Medium,Packaged Foods,19.5,443.5,21692,2025-02-21,SafeExpress
SHP06716,Bangalore,Hyderabad,Medium,Steel Coils,10.9,568.2,14655,2025-02-21,Shivam Freight Co
SHP06717,Mumbai,Delhi,Long,Steel Coils,23.2,1417.6,68211,2025-02-21,SafeExpress
SHP06718,Mumbai,Delhi,Long,Chemicals,12.6,1417.7,36879,2025-02-21,SafeExpress
SHP06719,Mumbai,Delhi,Long,Packaged Foods,13.3,1417.5,38149,2025-02-21,VRL Logistics
SHP06720,Delhi,Kolkata,Long,Electronics,20.7,1508.9,62221,2025-02-21,VRL Logistics
SHP06721,Delhi,Kolkata,Long,Packaged Foods,23.1,1507.6,69908,2025-02-21,Shivam Freight Co
SHP06722,Mumbai,Pune,Short,Chemicals,18.6,148.1,8001,2025-02-22,VRL Logistics
SHP06723,Mumbai,Pune,Short,Packaged Foods,14.3,149.8,6341,2025-02-22,Western Carriers
SHP06724,Delhi,Jaipur,Short,Automobile Parts,22.8,278.4,18988,2025-02-22,Om Sai Transport
SHP06725,Delhi,Jaipur,Short,Chemicals,23.5,280.0,19143,2025-02-22,Shivam Freight Co
SHP06726,Delhi,Jaipur,Short,Automobile Parts,23.6,277.0,19172,2025-02-22,Western Carriers
SHP06727,Chennai,Bangalore,Short,Chemicals,14.3,351.3,13955,2025-02-22,SafeExpress
SHP06728,Chennai,Bangalore,Short,Steel Coils,16.6,347.4,15775,2025-02-22,Western Carriers
SHP06729,Ahmedabad,Mumbai,Medium,Chemicals,17.4,530.2,23400,2025-02-22,Shivam Freight Co
SHP06730,Ahmedabad,Mumbai,Medium,Textiles,22.8,528.9,29735,2025-02-22,Shivam Freight Co
SHP06731,Ahmedabad,Mumbai,Medium,FMCG,24.7,528.1,32937,2025-02-22,TCI Freight
SHP06732,Kolkata,Bhubaneswar,Medium,Steel Coils,18.5,439.8,20333,2025-02-22,Shivam Freight Co
SHP06733,Kolkata,Bhubaneswar,Medium,Steel Coils,17.0,438.7,18617,2025-02-22,VRL Logistics
SHP06734,Bangalore,Hyderabad,Medium,Steel Coils,10.4,574.0,14178,2025-02-22,VRL Logistics
SHP06735,Mumbai,Delhi,Long,Electronics,13.6,1423.2,39417,2025-02-22,Western Carriers
SHP06736,Mumbai,Delhi,Long,Steel Coils,15.8,1422.6,45206,2025-02-22,Western Carriers
SHP06737,Delhi,Kolkata,Long,Automobile Parts,14.0,1506.6,40901,2025-02-22,SafeExpress
SHP06738,Delhi,Kolkata,Long,Packaged Foods,18.9,1511.9,54740,2025-02-22,SafeExpress
SHP06739,Delhi,Kolkata,Long,Electronics,18.9,1512.5,55427,2025-02-22,SafeExpress
SHP06740,Mumbai,Pune,Short,FMCG,22.2,146.8,10139,2025-02-23,Shivam Freight Co
SHP06741,Mumbai,Pune,Short,Electronics,17.4,150.2,8181,2025-02-23,Shivam Freight Co
SHP06742,Mumbai,Pune,Short,FMCG,10.1,149.1,4551,2025-02-23,VRL Logistics
SHP06743,Delhi,Jaipur,Short,Textiles,11.5,280.7,9639,2025-02-23,Shivam Freight Co
SHP06744,Delhi,Jaipur,Short,Packaged Foods,24.9,277.1,19939,2025-02-23,Shivam Freight Co
SHP06745,Chennai,Bangalore,Short,FMCG,24.7,347.5,23860,2025-02-23,TCI Freight
SHP06746,Ahmedabad,Mumbai,Medium,Steel Coils,19.6,533.7,25294,2025-02-23,Shivam Freight Co
SHP06747,Ahmedabad,Mumbai,Medium,Electronics,23.3,530.4,30066,2025-02-23,TCI Freight
SHP06748,Ahmedabad,Mumbai,Medium,Automobile Parts,12.1,530.4,15470,2025-02-23,TCI Freight
SHP06749,Kolkata,Bhubaneswar,Medium,Automobile Parts,22.2,440.9,24561,2025-02-23,TCI Freight
SHP06750,Kolkata,Bhubaneswar,Medium,Electronics,12.5,443.0,13994,2025-02-23,Shivam Freight Co
SHP06751,Bangalore,Hyderabad,Medium,Electronics,12.0,572.7,16212,2025-02-23,SafeExpress
SHP06752,Bangalore,Hyderabad,Medium,FMCG,17.3,567.8,23036,2025-02-23,TCI Freight
SHP06753,Mumbai,Delhi,Long,Chemicals,15.3,1421.7,45467,2025-02-23,Western Carriers
SHP06754,Delhi,Kolkata,Long,Automobile Parts,20.6,1511.9,64139,2025-02-23,VRL Logistics
SHP06755,Delhi,Kolkata,Long,FMCG,20.5,1511.3,62821,2025-02-23,SafeExpress
SHP06756,Mumbai,Pune,Short,Textiles,18.9,150.0,8446,2025-02-24,SafeExpress
SHP06757,Mumbai,Pune,Short,Electronics,17.0,149.8,7832,2025-02-24,TCI Freight
SHP06758,Mumbai,Pune,Short,Packaged Foods,13.1,152.8,6064,2025-02-24,SafeExpress
SHP06759,Delhi,Jaipur,Short,Textiles,15.5,276.8,12373,2025-02-24,Western Carriers
SHP06760,Delhi,Jaipur,Short,Textiles,11.6,281.4,9332,2025-02-24,Om Sai Transport
SHP06761,Delhi,Jaipur,Short,FMCG,24.6,280.6,20005,2025-02-24,SafeExpress
SHP06762,Chennai,Bangalore,Short,Chemicals,21.5,350.2,28725,2025-02-24,Western Carriers
SHP06763,Ahmedabad,Mumbai,Medium,Textiles,22.8,531.7,30429,2025-02-24,VRL Logistics
SHP06764,Ahmedabad,Mumbai,Medium,Automobile Parts,23.6,531.4,31445,2025-02-24,VRL Logistics
SHP06765,Kolkata,Bhubaneswar,Medium,Automobile Parts,11.3,436.7,12487,2025-02-24,Om Sai Transport
SHP06766,Bangalore,Hyderabad,Medium,Chemicals,19.8,568.5,27733,2025-02-24,Shivam Freight Co
SHP06767,Bangalore,Hyderabad,Medium,Chemicals,12.0,573.0,16516,2025-02-24,VRL Logistics
SHP06768,Mumbai,Delhi,Long,Automobile Parts,19.1,1423.9,53707,2025-02-24,VRL Logistics
SHP06769,Mumbai,Delhi,Long,Steel Coils,12.4,1417.9,34780,2025-02-24,SafeExpress
SHP06770,Delhi,Kolkata,Long,Electronics,15.0,1513.6,46748,2025-02-24,SafeExpress
SHP06771,Delhi,Kolkata,Long,Textiles,23.9,1513.4,74329,2025-02-24,SafeExpress
SHP06772,Delhi,Kolkata,Long,Chemicals,17.3,1513.2,53980,2025-02-24,Western Carriers
SHP06773,Mumbai,Pune,Short,Steel Coils,21.2,151.8,9761,2025-02-25,Om Sai Transport
SHP06774,Mumbai,Pune,Short,FMCG,24.1,153.5,11408,2025-02-25,VRL Logistics
SHP06775,Delhi,Jaipur,Short,FMCG,10.8,282.8,9024,2025-02-25,VRL Logistics
SHP06776,Delhi,Jaipur,Short,Chemicals,22.8,282.2,19155,2025-02-25,Western Carriers
SHP06777,Delhi,Jaipur,Short,FMCG,19.3,283.3,16092,2025-02-25,SafeExpress
SHP06778,Chennai,Bangalore,Short,Electronics,19.4,347.7,25595,2025-02-25,TCI Freight
SHP06779,Ahmedabad,Mumbai,Medium,Electronics,12.1,530.9,16371,2025-02-25,TCI Freight
SHP06780,Ahmedabad,Mumbai,Medium,Chemicals,10.6,528.7,13820,2025-02-25,VRL Logistics
SHP06781,Ahmedabad,Mumbai,Medium,Steel Coils,15.1,532.1,20390,2025-02-25,VRL Logistics
SHP06782,Kolkata,Bhubaneswar,Medium,FMCG,17.0,441.9,18247,2025-02-25,Western Carriers
SHP06783,Kolkata,Bhubaneswar,Medium,Electronics,11.0,440.3,12083,2025-02-25,TCI Freight
SHP06784,Kolkata,Bhubaneswar,Medium,Steel Coils,15.6,443.0,16737,2025-02-25,TCI Freight
SHP06785,Bangalore,Hyderabad,Medium,Packaged Foods,20.8,568.5,28290,2025-02-25,VRL Logistics
SHP06786,Mumbai,Delhi,Long,Textiles,16.0,1417.1,44793,2025-02-25,SafeExpress
SHP06787,Mumbai,Delhi,Long,Automobile Parts,17.9,1416.6,50605,2025-02-25,Om Sai Transport
SHP06788,Delhi,Kolkata,Long,Chemicals,15.7,1507.4,46903,2025-02-25,Om Sai Transport
SHP06789,Delhi,Kolkata,Long,Packaged Foods,20.4,1511.3,60343,2025-02-25,Western Carriers
SHP06790,Delhi,Kolkata,Long,FMCG,11.0,1513.6,32646,2025-02-25,SafeExpress
SHP06791,Mumbai,Pune,Short,Steel Coils,22.4,147.6,9767,2025-02-26,Shivam Freight Co
SHP06792,Delhi,Jaipur,Short,Steel Coils,11.3,278.3,9335,2025-02-26,SafeExpress
SHP06793,Delhi,Jaipur,Short,Steel Coils,23.0,281.2,18744,2025-02-26,Western Carriers
SHP06794,Chennai,Bangalore,Short,Chemicals,11.3,353.3,15133,2025-02-26,TCI Freight
SHP06795,Chennai,Bangalore,Short,Packaged Foods,12.4,346.4,16567,2025-02-26,TCI Freight
SHP06796,Chennai,Bangalore,Short,Electronics,16.2,347.9,21581,2025-02-26,SafeExpress
SHP06797,Ahmedabad,Mumbai,Medium,Textiles,16.8,532.3,22217,2025-02-26,SafeExpress
SHP06798,Ahmedabad,Mumbai,Medium,Chemicals,15.4,529.0,19797,2025-02-26,Shivam Freight Co
SHP06799,Kolkata,Bhubaneswar,Medium,Textiles,15.0,436.9,16329,2025-02-26,Om Sai Transport
SHP06800,Kolkata,Bhubaneswar,Medium,Packaged Foods,21.1,438.9,22392,2025-02-26,Om Sai Transport
SHP06801,Kolkata,Bhubaneswar,Medium,Steel Coils,13.1,439.1,14024,2025-02-26,Om Sai Transport
SHP06802,Bangalore,Hyderabad,Medium,Steel Coils,21.3,570.9,29383,2025-02-26,Om Sai Transport
SHP06803,Bangalore,Hyderabad,Medium,Electronics,23.2,571.2,32038,2025-02-26,Western Carriers
SHP06804,Bangalore,Hyderabad,Medium,Textiles,14.7,573.9,20767,2025-02-26,VRL Logistics
SHP06805,Mumbai,Delhi,Long,Automobile Parts,12.1,1419.7,35380,2025-02-26,Om Sai Transport
SHP06806,Delhi,Kolkata,Long,Textiles,16.6,1506.1,51346,2025-02-26,Western Carriers
SHP06807,Delhi,Kolkata,Long,FMCG,21.2,1514.0,64819,2025-02-26,TCI Freight
SHP06808,Mumbai,Pune,Short,Textiles,24.0,146.9,10765,2025-02-27,TCI Freight
SHP06809,Delhi,Jaipur,Short,FMCG,19.9,283.9,17118,2025-02-27,TCI Freight
SHP06810,Delhi,Jaipur,Short,Packaged Foods,10.8,279.6,9197,2025-02-27,SafeExpress
SHP06811,Delhi,Jaipur,Short,Textiles,22.4,280.5,19393,2025-02-27,Om Sai Transport
SHP06812,Chennai,Bangalore,Short,Chemicals,22.0,347.8,29570,2025-02-27,TCI Freight
SHP06813,Ahmedabad,Mumbai,Medium,Chemicals,12.4,532.1,15910,2025-02-27,VRL Logistics
SHP06814,Ahmedabad,Mumbai,Medium,Packaged Foods,21.5,530.2,27549,2025-02-27,TCI Freight
SHP06815,Kolkata,Bhubaneswar,Medium,Textiles,24.4,440.7,27515,2025-02-27,Shivam Freight Co
SHP06816,Kolkata,Bhubaneswar,Medium,Packaged Foods,20.9,439.1,23293,2025-02-27,Western Carriers
SHP06817,Kolkata,Bhubaneswar,Medium,FMCG,18.8,441.7,20815,2025-02-27,SafeExpress
SHP06818,Bangalore,Hyderabad,Medium,Steel Coils,16.5,574.0,23190,2025-02-27,Om Sai Transport
SHP06819,Bangalore,Hyderabad,Medium,Textiles,10.1,572.6,13875,2025-02-27,Om Sai Transport
SHP06820,Mumbai,Delhi,Long,Automobile Parts,23.2,1423.8,67552,2025-02-27,SafeExpress
SHP06821,Delhi,Kolkata,Long,Chemicals,23.4,1508.0,71550,2025-02-27,TCI Freight
SHP06822,Delhi,Kolkata,Long,FMCG,17.3,1509.8,52752,2025-02-27,Shivam Freight Co
SHP06823,Mumbai,Pune,Short,Chemicals,16.8,148.4,7178,2025-02-28,Western Carriers
SHP06824,Mumbai,Pune,Short,Electronics,16.4,152.0,7206,2025-02-28,VRL Logistics
SHP06825,Mumbai,Pune,Short,Electronics,21.1,153.2,9634,2025-02-28,Shivam Freight Co
SHP06826,Delhi,Jaipur,Short,Electronics,11.2,278.5,8951,2025-02-28,Shivam Freight Co
SHP06827,Delhi,Jaipur,Short,FMCG,17.4,282.6,13991,2025-02-28,SafeExpress
SHP06828,Delhi,Jaipur,Short,Steel Coils,13.7,276.3,10832,2025-02-28,Western Carriers
SHP06829,Chennai,Bangalore,Short,Electronics,19.3,349.9,25937,2025-02-28,Shivam Freight Co
SHP06830,Chennai,Bangalore,Short,FMCG,14.0,349.1,18534,2025-02-28,Om Sai Transport
SHP06831,Chennai,Bangalore,Short,Chemicals,14.3,349.9,18745,2025-02-28,Western Carriers
SHP06832,Ahmedabad,Mumbai,Medium,Automobile Parts,21.4,533.0,28944,2025-02-28,Western Carriers
SHP06833,Kolkata,Bhubaneswar,Medium,Automobile Parts,24.4,443.4,27895,2025-02-28,SafeExpress
SHP06834,Kolkata,Bhubaneswar,Medium,Electronics,17.6,440.2,19712,2025-02-28,SafeExpress
SHP06835,Bangalore,Hyderabad,Medium,FMCG,16.2,568.9,21529,2025-02-28,SafeExpress
SHP06836,Bangalore,Hyderabad,Medium,Packaged Foods,24.8,569.3,33610,2025-02-28,TCI Freight
SHP06837,Mumbai,Delhi,Long,Textiles,13.8,1417.9,39705,2025-02-28,TCI Freight
SHP06838,Mumbai,Delhi,Long,Packaged Foods,14.7,1423.1,42545,2025-02-28,Shivam Freight Co
SHP06839,Mumbai,Delhi,Long,Steel Coils,18.8,1417.8,53606,2025-02-28,Om Sai Transport
SHP06840,Delhi,Kolkata,Long,Chemicals,17.7,1513.4,52125,2025-02-28,SafeExpress
SHP06841,Delhi,Kolkata,Long,Electronics,11.9,1506.5,35692,2025-02-28,Western Carriers
SHP06842,Mumbai,Pune,Short,FMCG,21.1,149.6,9359,2025-03-01,Western Carriers
SHP06843,Mumbai,Pune,Short,Chemicals,18.7,153.0,8565,2025-03-01,SafeExpress
SHP06844,Mumbai,Pune,Short,Automobile Parts,22.4,150.6,10129,2025-03-01,Western Carriers
SHP06845,Delhi,Jaipur,Short,Automobile Parts,13.4,279.4,10779,2025-03-01,Western Carriers
SHP06846,Delhi,Jaipur,Short,FMCG,20.6,276.4,16419,2025-03-01,Om Sai Transport
SHP06847,Delhi,Jaipur,Short,Packaged Foods,15.2,277.4,12244,2025-03-01,SafeExpress
SHP06848,Chennai,Bangalore,Short,Automobile Parts,11.8,346.0,15483,2025-03-01,TCI Freight
SHP06849,Ahmedabad,Mumbai,Medium,FMCG,15.9,526.9,21437,2025-03-01,TCI Freight
SHP06850,Kolkata,Bhubaneswar,Medium,Electronics,13.7,442.9,15090,2025-03-01,Shivam Freight Co
SHP06851,Kolkata,Bhubaneswar,Medium,FMCG,15.4,442.7,16523,2025-03-01,SafeExpress
SHP06852,Kolkata,Bhubaneswar,Medium,Packaged Foods,21.8,436.0,22876,2025-03-01,SafeExpress
SHP06853,Bangalore,Hyderabad,Medium,Automobile Parts,19.6,569.8,26148,2025-03-01,VRL Logistics
SHP06854,Bangalore,Hyderabad,Medium,Chemicals,21.0,569.1,27771,2025-03-01,TCI Freight
SHP06855,Mumbai,Delhi,Long,Electronics,14.5,1416.0,40791,2025-03-01,Shivam Freight Co
SHP06856,Delhi,Kolkata,Long,Steel Coils,13.0,1507.3,38090,2025-03-01,VRL Logistics
SHP06857,Delhi,Kolkata,Long,FMCG,12.6,1512.1,37375,2025-03-01,Western Carriers
SHP06858,Delhi,Kolkata,Long,Steel Coils,13.1,1513.9,39449,2025-03-01,Western Carriers
SHP06859,Mumbai,Pune,Short,Electronics,11.2,152.7,5212,2025-03-02,Om Sai Transport
SHP06860,Mumbai,Pune,Short,Packaged Foods,13.6,146.1,6156,2025-03-02,Western Carriers
SHP06861,Delhi,Jaipur,Short,Automobile Parts,18.7,281.6,15858,2025-03-02,Om Sai Transport
SHP06862,Delhi,Jaipur,Short,Electronics,18.4,281.3,15396,2025-03-02,Western Carriers
SHP06863,Delhi,Jaipur,Short,Steel Coils,20.7,283.0,17351,2025-03-02,TCI Freight
SHP06864,Chennai,Bangalore,Short,Steel Coils,19.0,349.9,25542,2025-03-02,Western Carriers
SHP06865,Chennai,Bangalore,Short,Electronics,15.8,349.1,20705,2025-03-02,Western Carriers
SHP06866,Ahmedabad,Mumbai,Medium,Steel Coils,17.6,529.8,23587,2025-03-02,SafeExpress
SHP06867,Ahmedabad,Mumbai,Medium,Textiles,14.9,533.6,20004,2025-03-02,Shivam Freight Co
SHP06868,Kolkata,Bhubaneswar,Medium,Electronics,10.7,439.9,11399,2025-03-02,TCI Freight
SHP06869,Kolkata,Bhubaneswar,Medium,Automobile Parts,24.9,438.2,27131,2025-03-02,VRL Logistics
SHP06870,Kolkata,Bhubaneswar,Medium,Electronics,19.5,437.7,20691,2025-03-02,Shivam Freight Co
SHP06871,Bangalore,Hyderabad,Medium,Electronics,21.1,571.7,28792,2025-03-02,SafeExpress
SHP06872,Mumbai,Delhi,Long,Textiles,22.5,1419.3,67465,2025-03-02,Shivam Freight Co
SHP06873,Mumbai,Delhi,Long,Packaged Foods,22.4,1422.5,67718,2025-03-02,VRL Logistics
SHP06874,Delhi,Kolkata,Long,Electronics,16.8,1510.4,49580,2025-03-02,SafeExpress
SHP06875,Delhi,Kolkata,Long,Textiles,14.3,1508.6,43502,2025-03-02,TCI Freight
SHP06876,Mumbai,Pune,Short,Chemicals,22.0,148.8,9921,2025-03-03,Om Sai Transport
SHP06877,Mumbai,Pune,Short,Electronics,23.5,150.1,10822,2025-03-03,Shivam Freight Co
SHP06878,Mumbai,Pune,Short,Automobile Parts,14.1,148.6,6316,2025-03-03,SafeExpress
SHP06879,Delhi,Jaipur,Short,Textiles,20.9,278.0,16840,2025-03-03,SafeExpress
SHP06880,Chennai,Bangalore,Short,Steel Coils,23.5,347.1,30542,2025-03-03,Western Carriers
SHP06881,Chennai,Bangalore,Short,Chemicals,21.3,353.6,28135,2025-03-03,Western Carriers
SHP06882,Ahmedabad,Mumbai,Medium,FMCG,18.5,531.7,24150,2025-03-03,Om Sai Transport
SHP06883,Ahmedabad,Mumbai,Medium,FMCG,18.4,530.5,23444,2025-03-03,VRL Logistics
SHP06884,Kolkata,Bhubaneswar,Medium,Automobile Parts,21.1,442.5,22742,2025-03-03,SafeExpress
SHP06885,Kolkata,Bhubaneswar,Medium,Chemicals,11.2,442.9,12356,2025-03-03,TCI Freight
SHP06886,Kolkata,Bhubaneswar,Medium,FMCG,15.1,442.8,16299,2025-03-03,Western Carriers
SHP06887,Bangalore,Hyderabad,Medium,Textiles,18.7,571.7,25929,2025-03-03,TCI Freight
SHP06888,Mumbai,Delhi,Long,Steel Coils,17.7,1422.0,50390,2025-03-03,TCI Freight
SHP06889,Mumbai,Delhi,Long,Textiles,24.6,1421.6,71840,2025-03-03,TCI Freight
SHP06890,Delhi,Kolkata,Long,Textiles,23.9,1512.5,73643,2025-03-03,Shivam Freight Co
SHP06891,Delhi,Kolkata,Long,Packaged Foods,16.9,1507.2,51552,2025-03-03,TCI Freight
SHP06892,Mumbai,Pune,Short,Chemicals,10.5,147.8,4738,2025-03-04,Shivam Freight Co
SHP06893,Mumbai,Pune,Short,Steel Coils,16.6,154.0,7640,2025-03-04,Shivam Freight Co
SHP06894,Mumbai,Pune,Short,Electronics,23.5,153.2,11166,2025-03-04,Om Sai Transport
SHP06895,Delhi,Jaipur,Short,Chemicals,11.0,276.8,8833,2025-03-04,TCI Freight
SHP06896,Delhi,Jaipur,Short,Steel Coils,22.8,279.4,18796,2025-03-04,SafeExpress
SHP06897,Delhi,Jaipur,Short,Steel Coils,10.3,277.3,8501,2025-03-04,VRL Logistics
SHP06898,Chennai,Bangalore,Short,Automobile Parts,23.4,347.8,30715,2025-03-04,Shivam Freight Co
SHP06899,Chennai,Bangalore,Short,Packaged Foods,11.5,349.7,15340,2025-03-04,VRL Logistics
SHP06900,Chennai,Bangalore,Short,Textiles,22.9,349.2,30336,2025-03-04,Om Sai Transport
SHP06901,Ahmedabad,Mumbai,Medium,Automobile Parts,14.8,529.8,19229,2025-03-04,Om Sai Transport
SHP06902,Ahmedabad,Mumbai,Medium,Chemicals,11.1,530.8,14368,2025-03-04,Shivam Freight Co
SHP06903,Kolkata,Bhubaneswar,Medium,Chemicals,14.1,444.0,15689,2025-03-04,Western Carriers
SHP06904,Kolkata,Bhubaneswar,Medium,Electronics,21.2,440.3,23219,2025-03-04,Shivam Freight Co
SHP06905,Kolkata,Bhubaneswar,Medium,Chemicals,17.8,442.0,19778,2025-03-04,Shivam Freight Co
SHP06906,Bangalore,Hyderabad,Medium,Chemicals,24.7,568.6,32336,2025-03-04,Om Sai Transport
SHP06907,Mumbai,Delhi,Long,Chemicals,14.1,1417.0,40760,2025-03-04,Shivam Freight Co
SHP06908,Mumbai,Delhi,Long,Textiles,18.5,1421.5,53693,2025-03-04,Shivam Freight Co
SHP06909,Delhi,Kolkata,Long,Automobile Parts,22.5,1509.1,69634,2025-03-04,Western Carriers
SHP06910,Delhi,Kolkata,Long,Electronics,10.4,1506.1,32516,2025-03-04,Shivam Freight Co
SHP06911,Mumbai,Pune,Short,Textiles,17.8,149.6,8356,2025-03-05,SafeExpress
SHP06912,Delhi,Jaipur,Short,Steel Coils,14.6,277.9,11925,2025-03-05,SafeExpress
SHP06913,Delhi,Jaipur,Short,Packaged Foods,13.5,282.0,11224,2025-03-05,TCI Freight
SHP06914,Delhi,Jaipur,Short,Chemicals,11.6,280.8,9425,2025-03-05,VRL Logistics
SHP06915,Chennai,Bangalore,Short,Steel Coils,17.9,350.0,23437,2025-03-05,Shivam Freight Co
SHP06916,Chennai,Bangalore,Short,Electronics,11.9,348.8,15853,2025-03-05,VRL Logistics
SHP06917,Ahmedabad,Mumbai,Medium,Chemicals,19.5,527.4,25027,2025-03-05,Western Carriers
SHP06918,Ahmedabad,Mumbai,Medium,FMCG,21.3,526.3,27832,2025-03-05,Western Carriers
SHP06919,Ahmedabad,Mumbai,Medium,Textiles,14.4,526.1,18854,2025-03-05,Shivam Freight Co
SHP06920,Kolkata,Bhubaneswar,Medium,Chemicals,19.3,440.5,21876,2025-03-05,Shivam Freight Co
SHP06921,Kolkata,Bhubaneswar,Medium,Steel Coils,13.4,441.8,15253,2025-03-05,TCI Freight
SHP06922,Bangalore,Hyderabad,Medium,Automobile Parts,24.8,571.4,33945,2025-03-05,Shivam Freight Co
SHP06923,Bangalore,Hyderabad,Medium,Electronics,15.8,573.9,21525,2025-03-05,TCI Freight
SHP06924,Mumbai,Delhi,Long,FMCG,22.6,1423.2,67287,2025-03-05,VRL Logistics
SHP06925,Mumbai,Delhi,Long,Automobile Parts,13.2,1416.1,38670,2025-03-05,TCI Freight
SHP06926,Delhi,Kolkata,Long,Packaged Foods,20.0,1508.3,59672,2025-03-05,TCI Freight
SHP06927,Delhi,Kolkata,Long,Electronics,12.9,1506.8,37818,2025-03-05,TCI Freight
SHP06928,Mumbai,Pune,Short,Packaged Foods,20.3,151.0,9267,2025-03-06,Om Sai Transport
SHP06929,Mumbai,Pune,Short,Packaged Foods,15.7,149.1,7095,2025-03-06,SafeExpress
SHP06930,Mumbai,Pune,Short,Chemicals,24.0,147.0,10714,2025-03-06,VRL Logistics
SHP06931,Delhi,Jaipur,Short,Chemicals,11.6,282.6,9567,2025-03-06,SafeExpress
SHP06932,Chennai,Bangalore,Short,Packaged Foods,16.1,352.6,21503,2025-03-06,TCI Freight
SHP06933,Chennai,Bangalore,Short,Electronics,20.6,347.1,27541,2025-03-06,TCI Freight
SHP06934,Ahmedabad,Mumbai,Medium,Steel Coils,23.1,532.1,29677,2025-03-06,TCI Freight
SHP06935,Kolkata,Bhubaneswar,Medium,Chemicals,16.6,438.6,18366,2025-03-06,TCI Freight
SHP06936,Kolkata,Bhubaneswar,Medium,Packaged Foods,12.8,442.0,14647,2025-03-06,Om Sai Transport
SHP06937,Bangalore,Hyderabad,Medium,FMCG,17.9,569.5,23966,2025-03-06,Western Carriers
SHP06938,Bangalore,Hyderabad,Medium,Steel Coils,21.4,567.4,28965,2025-03-06,SafeExpress
SHP06939,Mumbai,Delhi,Long,FMCG,23.9,1416.5,68068,2025-03-06,SafeExpress
SHP06940,Mumbai,Delhi,Long,Electronics,13.9,1419.8,39810,2025-03-06,Western Carriers
SHP06941,Delhi,Kolkata,Long,Electronics,21.5,1509.6,63799,2025-03-06,VRL Logistics
SHP06942,Mumbai,Pune,Short,Steel Coils,24.2,151.4,11312,2025-03-07,VRL Logistics
SHP06943,Mumbai,Pune,Short,Chemicals,16.3,147.1,7499,2025-03-07,TCI Freight
SHP06944,Delhi,Jaipur,Short,FMCG,17.8,276.9,15216,2025-03-07,Shivam Freight Co
SHP06945,Delhi,Jaipur,Short,Steel Coils,14.7,282.6,12565,2025-03-07,Om Sai Transport
SHP06946,Delhi,Jaipur,Short,Automobile Parts,15.2,280.3,12828,2025-03-07,VRL Logistics
SHP06947,Chennai,Bangalore,Short,Automobile Parts,19.7,353.9,25993,2025-03-07,TCI Freight
SHP06948,Chennai,Bangalore,Short,Electronics,19.1,346.1,24788,2025-03-07,Om Sai Transport
SHP06949,Ahmedabad,Mumbai,Medium,Steel Coils,16.5,527.8,22145,2025-03-07,SafeExpress
SHP06950,Ahmedabad,Mumbai,Medium,Electronics,24.3,528.6,31819,2025-03-07,VRL Logistics
SHP06951,Ahmedabad,Mumbai,Medium,Electronics,23.5,532.0,31380,2025-03-07,Om Sai Transport
SHP06952,Kolkata,Bhubaneswar,Medium,Textiles,13.7,440.6,15487,2025-03-07,Om Sai Transport
SHP06953,Kolkata,Bhubaneswar,Medium,Packaged Foods,14.8,438.2,16262,2025-03-07,VRL Logistics
SHP06954,Kolkata,Bhubaneswar,Medium,FMCG,23.1,442.9,26353,2025-03-07,TCI Freight
SHP06955,Bangalore,Hyderabad,Medium,FMCG,12.9,567.1,18051,2025-03-07,Western Carriers
SHP06956,Bangalore,Hyderabad,Medium,Electronics,12.5,567.6,17315,2025-03-07,Western Carriers
SHP06957,Bangalore,Hyderabad,Medium,Packaged Foods,12.2,573.0,16936,2025-03-07,Western Carriers
SHP06958,Mumbai,Delhi,Long,Chemicals,12.4,1419.1,36749,2025-03-07,Western Carriers
SHP06959,Mumbai,Delhi,Long,Textiles,24.0,1419.0,71204,2025-03-07,SafeExpress
SHP06960,Mumbai,Delhi,Long,Steel Coils,22.1,1419.3,65565,2025-03-07,Western Carriers
SHP06961,Delhi,Kolkata,Long,Automobile Parts,15.2,1511.5,46771,2025-03-07,TCI Freight
SHP06962,Mumbai,Pune,Short,FMCG,17.9,147.5,8066,2025-03-08,Om Sai Transport
SHP06963,Mumbai,Pune,Short,Electronics,21.9,153.3,10086,2025-03-08,TCI Freight
SHP06964,Mumbai,Pune,Short,Steel Coils,11.4,153.6,5397,2025-03-08,Western Carriers
SHP06965,Delhi,Jaipur,Short,FMCG,10.0,282.0,8324,2025-03-08,SafeExpress
SHP06966,Delhi,Jaipur,Short,FMCG,13.6,277.5,10983,2025-03-08,Western Carriers
SHP06967,Delhi,Jaipur,Short,Textiles,17.5,276.8,13926,2025-03-08,VRL Logistics
SHP06968,Chennai,Bangalore,Short,Steel Coils,14.8,350.9,20022,2025-03-08,Shivam Freight Co
SHP06969,Chennai,Bangalore,Short,Textiles,10.1,348.1,13551,2025-03-08,SafeExpress
SHP06970,Chennai,Bangalore,Short,Chemicals,13.0,347.8,17443,2025-03-08,Om Sai Transport
SHP06971,Ahmedabad,Mumbai,Medium,Textiles,14.5,528.6,18785,2025-03-08,SafeExpress
SHP06972,Kolkata,Bhubaneswar,Medium,FMCG,15.4,443.6,16886,2025-03-08,TCI Freight
SHP06973,Kolkata,Bhubaneswar,Medium,Steel Coils,16.6,440.7,18111,2025-03-08,Om Sai Transport
SHP06974,Kolkata,Bhubaneswar,Medium,Automobile Parts,21.9,442.2,23898,2025-03-08,Om Sai Transport
SHP06975,Bangalore,Hyderabad,Medium,Electronics,14.7,573.3,20480,2025-03-08,Om Sai Transport
SHP06976,Bangalore,Hyderabad,Medium,Chemicals,15.8,568.4,22170,2025-03-08,TCI Freight
SHP06977,Mumbai,Delhi,Long,Steel Coils,22.8,1420.6,65219,2025-03-08,TCI Freight
SHP06978,Delhi,Kolkata,Long,Electronics,15.9,1511.1,49172,2025-03-08,Om Sai Transport
SHP06979,Delhi,Kolkata,Long,Packaged Foods,11.2,1509.1,33598,2025-03-08,TCI Freight
SHP06980,Delhi,Kolkata,Long,Electronics,10.6,1508.3,32124,2025-03-08,SafeExpress
SHP06981,Mumbai,Pune,Short,Electronics,10.2,150.1,4806,2025-03-09,SafeExpress
SHP06982,Delhi,Jaipur,Short,Electronics,22.1,280.1,18259,2025-03-09,SafeExpress
SHP06983,Chennai,Bangalore,Short,Textiles,16.5,351.1,22424,2025-03-09,Western Carriers
SHP06984,Ahmedabad,Mumbai,Medium,Electronics,24.1,526.3,30910,2025-03-09,Shivam Freight Co
SHP06985,Ahmedabad,Mumbai,Medium,Steel Coils,13.5,529.1,17629,2025-03-09,Om Sai Transport
SHP06986,Ahmedabad,Mumbai,Medium,Packaged Foods,15.4,530.2,20106,2025-03-09,VRL Logistics
SHP06987,Kolkata,Bhubaneswar,Medium,FMCG,16.8,441.1,19115,2025-03-09,SafeExpress
SHP06988,Kolkata,Bhubaneswar,Medium,FMCG,23.4,437.2,25806,2025-03-09,Shivam Freight Co
SHP06989,Kolkata,Bhubaneswar,Medium,Packaged Foods,17.7,441.1,19833,2025-03-09,Shivam Freight Co
SHP06990,Bangalore,Hyderabad,Medium,Steel Coils,21.1,572.0,29096,2025-03-09,SafeExpress
SHP06991,Bangalore,Hyderabad,Medium,Electronics,14.4,573.1,19739,2025-03-09,Shivam Freight Co
SHP06992,Mumbai,Delhi,Long,Chemicals,13.0,1421.3,38243,2025-03-09,Shivam Freight Co
SHP06993,Mumbai,Delhi,Long,Steel Coils,20.8,1423.3,61425,2025-03-09,VRL Logistics
SHP06994,Mumbai,Delhi,Long,Electronics,24.5,1418.2,70745,2025-03-09,SafeExpress
SHP06995,Delhi,Kolkata,Long,FMCG,17.1,1508.6,52625,2025-03-09,Om Sai Transport
SHP06996,Delhi,Kolkata,Long,Steel Coils,16.5,1513.3,49186,2025-03-09,Western Carriers
SHP06997,Mumbai,Pune,Short,Electronics,18.6,152.2,8326,2025-03-10,VRL Logistics
SHP06998,Delhi,Jaipur,Short,Packaged Foods,22.0,279.7,18636,2025-03-10,Western Carriers
SHP06999,Chennai,Bangalore,Short,Electronics,15.6,350.9,14822,2025-03-10,Western Carriers
SHP07000,Ahmedabad,Mumbai,Medium,Automobile Parts,21.2,531.1,27165,2025-03-10,SafeExpress
SHP07001,Ahmedabad,Mumbai,Medium,Steel Coils,18.1,526.8,22454,2025-03-10,Western Carriers
SHP07002,Kolkata,Bhubaneswar,Medium,FMCG,11.2,440.0,12076,2025-03-10,VRL Logistics
SHP07003,Bangalore,Hyderabad,Medium,FMCG,12.6,572.5,17451,2025-03-10,TCI Freight
SHP07004,Bangalore,Hyderabad,Medium,Steel Coils,14.4,571.6,19787,2025-03-10,Om Sai Transport
SHP07005,Bangalore,Hyderabad,Medium,Electronics,21.7,566.0,29233,2025-03-10,TCI Freight
SHP07006,Mumbai,Delhi,Long,Electronics,17.6,1417.4,50544,2025-03-10,VRL Logistics
SHP07007,Mumbai,Delhi,Long,Chemicals,22.7,1417.1,65211,2025-03-10,Shivam Freight Co
SHP07008,Mumbai,Delhi,Long,Automobile Parts,22.2,1417.0,62624,2025-03-10,Om Sai Transport
SHP07009,Delhi,Kolkata,Long,Steel Coils,21.4,1512.8,64045,2025-03-10,Western Carriers
SHP07010,Mumbai,Pune,Short,Textiles,11.0,153.3,5025,2025-03-11,Om Sai Transport
SHP07011,Mumbai,Pune,Short,Steel Coils,22.3,146.4,9652,2025-03-11,VRL Logistics
SHP07012,Mumbai,Pune,Short,Chemicals,21.3,146.4,9146,2025-03-11,SafeExpress
SHP07013,Delhi,Jaipur,Short,Packaged Foods,17.6,280.5,14708,2025-03-11,Western Carriers
SHP07014,Chennai,Bangalore,Short,Chemicals,15.3,351.1,14899,2025-03-11,TCI Freight
SHP07015,Chennai,Bangalore,Short,Textiles,22.6,348.1,22130,2025-03-11,Western Carriers
SHP07016,Ahmedabad,Mumbai,Medium,Textiles,10.4,527.8,13420,2025-03-11,Shivam Freight Co
SHP07017,Kolkata,Bhubaneswar,Medium,Packaged Foods,22.4,441.2,24481,2025-03-11,TCI Freight
SHP07018,Kolkata,Bhubaneswar,Medium,FMCG,10.3,438.6,11362,2025-03-11,VRL Logistics
SHP07019,Bangalore,Hyderabad,Medium,Packaged Foods,19.9,572.8,27889,2025-03-11,VRL Logistics
SHP07020,Bangalore,Hyderabad,Medium,Automobile Parts,11.9,566.9,16424,2025-03-11,Om Sai Transport
SHP07021,Bangalore,Hyderabad,Medium,Textiles,19.2,566.8,26786,2025-03-11,VRL Logistics
SHP07022,Mumbai,Delhi,Long,Packaged Foods,11.6,1417.9,33081,2025-03-11,SafeExpress
SHP07023,Mumbai,Delhi,Long,Steel Coils,22.8,1423.5,65115,2025-03-11,Western Carriers
SHP07024,Mumbai,Delhi,Long,Chemicals,15.9,1418.0,46469,2025-03-11,Western Carriers
SHP07025,Delhi,Kolkata,Long,Steel Coils,20.1,1509.2,59827,2025-03-11,SafeExpress
SHP07026,Delhi,Kolkata,Long,Automobile Parts,14.2,1508.4,42060,2025-03-11,Shivam Freight Co
SHP07027,Delhi,Kolkata,Long,Packaged Foods,13.3,1509.5,39423,2025-03-11,VRL Logistics
SHP07028,Mumbai,Pune,Short,Chemicals,12.2,148.1,5548,2025-03-12,Shivam Freight Co
SHP07029,Mumbai,Pune,Short,Electronics,17.8,147.5,7949,2025-03-12,Om Sai Transport
SHP07030,Delhi,Jaipur,Short,Textiles,20.2,282.3,16734,2025-03-12,Shivam Freight Co
SHP07031,Chennai,Bangalore,Short,Steel Coils,15.5,348.0,14604,2025-03-12,SafeExpress
SHP07032,Chennai,Bangalore,Short,Automobile Parts,20.6,350.9,19634,2025-03-12,VRL Logistics
SHP07033,Chennai,Bangalore,Short,Textiles,23.8,347.1,22380,2025-03-12,TCI Freight
SHP07034,Ahmedabad,Mumbai,Medium,Automobile Parts,11.5,531.3,15174,2025-03-12,TCI Freight
SHP07035,Kolkata,Bhubaneswar,Medium,Steel Coils,22.5,437.2,24009,2025-03-12,VRL Logistics
SHP07036,Kolkata,Bhubaneswar,Medium,Chemicals,15.8,438.0,16697,2025-03-12,TCI Freight
SHP07037,Bangalore,Hyderabad,Medium,Textiles,13.1,567.8,17650,2025-03-12,Om Sai Transport
SHP07038,Bangalore,Hyderabad,Medium,FMCG,12.0,570.8,16301,2025-03-12,SafeExpress
SHP07039,Bangalore,Hyderabad,Medium,Steel Coils,19.8,566.3,26985,2025-03-12,Om Sai Transport
SHP07040,Mumbai,Delhi,Long,FMCG,23.2,1422.7,67499,2025-03-12,Shivam Freight Co
SHP07041,Mumbai,Delhi,Long,Automobile Parts,13.8,1416.7,40819,2025-03-12,Western Carriers
SHP07042,Mumbai,Delhi,Long,Automobile Parts,24.7,1418.4,71594,2025-03-12,Om Sai Transport
SHP07043,Delhi,Kolkata,Long,Chemicals,16.9,1509.6,51088,2025-03-12,TCI Freight
SHP07044,Delhi,Kolkata,Long,Packaged Foods,24.7,1506.3,75055,2025-03-12,TCI Freight
SHP07045,Delhi,Kolkata,Long,FMCG,22.3,1508.5,67672,2025-03-12,VRL Logistics
SHP07046,Mumbai,Pune,Short,Packaged Foods,15.8,147.9,7121,2025-03-13,Western Carriers
SHP07047,Mumbai,Pune,Short,Automobile Parts,20.3,147.6,8856,2025-03-13,Om Sai Transport
SHP07048,Delhi,Jaipur,Short,Packaged Foods,22.7,280.3,19292,2025-03-13,TCI Freight
SHP07049,Delhi,Jaipur,Short,Electronics,10.3,282.9,8916,2025-03-13,Western Carriers
SHP07050,Chennai,Bangalore,Short,Packaged Foods,19.6,349.4,19123,2025-03-13,SafeExpress
SHP07051,Chennai,Bangalore,Short,Electronics,23.7,352.8,23270,2025-03-13,TCI Freight
SHP07052,Ahmedabad,Mumbai,Medium,Electronics,16.8,529.7,21632,2025-03-13,SafeExpress
SHP07053,Ahmedabad,Mumbai,Medium,Textiles,18.6,533.6,24158,2025-03-13,TCI Freight
SHP07054,Ahmedabad,Mumbai,Medium,FMCG,13.5,529.7,17509,2025-03-13,Shivam Freight Co
SHP07055,Kolkata,Bhubaneswar,Medium,Electronics,15.0,440.3,16454,2025-03-13,SafeExpress
SHP07056,Kolkata,Bhubaneswar,Medium,Automobile Parts,23.7,439.6,25899,2025-03-13,VRL Logistics
SHP07057,Bangalore,Hyderabad,Medium,Steel Coils,22.5,567.3,31269,2025-03-13,TCI Freight
SHP07058,Bangalore,Hyderabad,Medium,Chemicals,12.5,572.7,17493,2025-03-13,TCI Freight
SHP07059,Bangalore,Hyderabad,Medium,Electronics,18.0,571.1,24996,2025-03-13,Om Sai Transport
SHP07060,Mumbai,Delhi,Long,Electronics,19.4,1420.7,55469,2025-03-13,TCI Freight
SHP07061,Mumbai,Delhi,Long,Chemicals,20.8,1418.3,59236,2025-03-13,VRL Logistics
SHP07062,Mumbai,Delhi,Long,Packaged Foods,12.9,1423.0,37402,2025-03-13,Western Carriers
SHP07063,Delhi,Kolkata,Long,Textiles,16.2,1509.6,49028,2025-03-13,VRL Logistics
SHP07064,Mumbai,Pune,Short,Chemicals,22.3,146.2,9794,2025-03-14,VRL Logistics
SHP07065,Mumbai,Pune,Short,Textiles,20.6,148.0,9310,2025-03-14,Western Carriers
SHP07066,Delhi,Jaipur,Short,Automobile Parts,21.0,276.5,16615,2025-03-14,VRL Logistics
SHP07067,Chennai,Bangalore,Short,Electronics,22.9,347.9,21463,2025-03-14,SafeExpress
SHP07068,Ahmedabad,Mumbai,Medium,Chemicals,24.9,529.6,31927,2025-03-14,SafeExpress
SHP07069,Kolkata,Bhubaneswar,Medium,Textiles,18.4,437.4,20280,2025-03-14,Western Carriers
SHP07070,Bangalore,Hyderabad,Medium,Chemicals,13.1,569.6,18052,2025-03-14,Western Carriers
SHP07071,Mumbai,Delhi,Long,FMCG,23.4,1420.8,67755,2025-03-14,Western Carriers
SHP07072,Mumbai,Delhi,Long,Automobile Parts,17.2,1423.4,49533,2025-03-14,SafeExpress
SHP07073,Mumbai,Delhi,Long,Automobile Parts,23.2,1421.0,68852,2025-03-14,Western Carriers
SHP07074,Delhi,Kolkata,Long,Electronics,16.9,1513.2,52622,2025-03-14,Western Carriers
SHP07075,Delhi,Kolkata,Long,Packaged Foods,20.0,1507.9,62922,2025-03-14,Western Carriers
SHP07076,Delhi,Kolkata,Long,Steel Coils,24.6,1508.6,76927,2025-03-14,VRL Logistics
SHP07077,Mumbai,Pune,Short,Automobile Parts,16.5,146.4,7401,2025-03-15,Shivam Freight Co
SHP07078,Mumbai,Pune,Short,FMCG,12.9,150.5,5853,2025-03-15,Western Carriers
SHP07079,Mumbai,Pune,Short,Packaged Foods,14.3,146.9,6288,2025-03-15,VRL Logistics
SHP07080,Delhi,Jaipur,Short,Textiles,24.3,278.8,19116,2025-03-15,Shivam Freight Co
SHP07081,Chennai,Bangalore,Short,Textiles,16.0,349.3,15090,2025-03-15,Om Sai Transport
SHP07082,Ahmedabad,Mumbai,Medium,Chemicals,24.9,529.5,32756,2025-03-15,Western Carriers
SHP07083,Kolkata,Bhubaneswar,Medium,Textiles,16.4,436.8,18337,2025-03-15,Shivam Freight Co
SHP07084,Kolkata,Bhubaneswar,Medium,Electronics,22.0,439.3,24302,2025-03-15,SafeExpress
SHP07085,Bangalore,Hyderabad,Medium,Chemicals,10.4,570.9,13842,2025-03-15,TCI Freight
SHP07086,Bangalore,Hyderabad,Medium,Automobile Parts,17.3,571.0,23424,2025-03-15,SafeExpress
SHP07087,Bangalore,Hyderabad,Medium,Automobile Parts,23.0,567.1,31087,2025-03-15,Shivam Freight Co
SHP07088,Mumbai,Delhi,Long,Steel Coils,24.3,1418.5,68866,2025-03-15,TCI Freight
SHP07089,Mumbai,Delhi,Long,Textiles,17.7,1416.5,51297,2025-03-15,SafeExpress
SHP07090,Delhi,Kolkata,Long,Chemicals,14.2,1506.4,42335,2025-03-15,Om Sai Transport
SHP07091,Delhi,Kolkata,Long,Chemicals,10.7,1513.8,31294,2025-03-15,Shivam Freight Co
SHP07092,Mumbai,Pune,Short,Electronics,21.9,148.6,9641,2025-03-16,Om Sai Transport
SHP07093,Delhi,Jaipur,Short,Automobile Parts,10.4,277.9,8513,2025-03-16,Om Sai Transport
SHP07094,Chennai,Bangalore,Short,FMCG,21.6,347.2,19763,2025-03-16,Western Carriers
SHP07095,Ahmedabad,Mumbai,Medium,Packaged Foods,24.6,529.5,31511,2025-03-16,VRL Logistics
SHP07096,Ahmedabad,Mumbai,Medium,Electronics,19.5,527.9,24894,2025-03-16,Western Carriers
SHP07097,Kolkata,Bhubaneswar,Medium,Electronics,14.2,443.8,15288,2025-03-16,Om Sai Transport
SHP07098,Kolkata,Bhubaneswar,Medium,Packaged Foods,17.5,443.6,18908,2025-03-16,SafeExpress
SHP07099,Bangalore,Hyderabad,Medium,Chemicals,23.3,568.9,31576,2025-03-16,Shivam Freight Co
SHP07100,Mumbai,Delhi,Long,FMCG,11.7,1417.8,34761,2025-03-16,SafeExpress
SHP07101,Mumbai,Delhi,Long,Chemicals,21.4,1422.9,65180,2025-03-16,SafeExpress
SHP07102,Delhi,Kolkata,Long,Packaged Foods,12.0,1512.7,35303,2025-03-16,Shivam Freight Co
SHP07103,Delhi,Kolkata,Long,Textiles,24.9,1509.5,73804,2025-03-16,SafeExpress
SHP07104,Mumbai,Pune,Short,Chemicals,15.6,151.0,6875,2025-03-17,SafeExpress
SHP07105,Delhi,Jaipur,Short,Electronics,11.9,278.3,9874,2025-03-17,TCI Freight
SHP07106,Delhi,Jaipur,Short,Chemicals,22.8,280.7,19475,2025-03-17,SafeExpress
SHP07107,Chennai,Bangalore,Short,Steel Coils,19.0,350.5,18762,2025-03-17,VRL Logistics
SHP07108,Chennai,Bangalore,Short,Textiles,10.5,349.4,10244,2025-03-17,Western Carriers
SHP07109,Ahmedabad,Mumbai,Medium,FMCG,22.0,526.7,28634,2025-03-17,SafeExpress
SHP07110,Ahmedabad,Mumbai,Medium,Steel Coils,15.4,531.6,20163,2025-03-17,SafeExpress
SHP07111,Kolkata,Bhubaneswar,Medium,Steel Coils,13.3,440.7,15186,2025-03-17,SafeExpress
SHP07112,Kolkata,Bhubaneswar,Medium,FMCG,14.0,442.4,16068,2025-03-17,VRL Logistics
SHP07113,Bangalore,Hyderabad,Medium,Electronics,19.4,571.4,26644,2025-03-17,Om Sai Transport
SHP07114,Mumbai,Delhi,Long,Automobile Parts,11.3,1419.3,31827,2025-03-17,Shivam Freight Co
SHP07115,Mumbai,Delhi,Long,Automobile Parts,24.1,1418.6,69288,2025-03-17,VRL Logistics
SHP07116,Delhi,Kolkata,Long,FMCG,20.1,1507.0,59098,2025-03-17,SafeExpress
SHP07117,Mumbai,Pune,Short,Textiles,24.7,150.1,10600,2025-03-18,TCI Freight
SHP07118,Mumbai,Pune,Short,Packaged Foods,12.5,151.5,5573,2025-03-18,TCI Freight
SHP07119,Mumbai,Pune,Short,Chemicals,14.1,150.5,6258,2025-03-18,TCI Freight
SHP07120,Delhi,Jaipur,Short,Textiles,16.7,278.0,14171,2025-03-18,TCI Freight
SHP07121,Delhi,Jaipur,Short,FMCG,23.8,281.3,20320,2025-03-18,Western Carriers
SHP07122,Delhi,Jaipur,Short,Chemicals,22.1,283.1,19175,2025-03-18,Shivam Freight Co
SHP07123,Chennai,Bangalore,Short,Packaged Foods,20.9,348.0,20003,2025-03-18,VRL Logistics
SHP07124,Chennai,Bangalore,Short,Packaged Foods,22.1,350.1,21353,2025-03-18,VRL Logistics
SHP07125,Chennai,Bangalore,Short,Chemicals,23.6,352.8,22887,2025-03-18,Shivam Freight Co
SHP07126,Ahmedabad,Mumbai,Medium,Packaged Foods,20.7,527.7,25888,2025-03-18,TCI Freight
SHP07127,Kolkata,Bhubaneswar,Medium,Electronics,23.4,441.6,26189,2025-03-18,Om Sai Transport
SHP07128,Bangalore,Hyderabad,Medium,FMCG,22.4,570.1,30274,2025-03-18,TCI Freight
SHP07129,Bangalore,Hyderabad,Medium,FMCG,19.5,570.7,26943,2025-03-18,Om Sai Transport
SHP07130,Bangalore,Hyderabad,Medium,Chemicals,11.5,574.0,15818,2025-03-18,VRL Logistics
SHP07131,Mumbai,Delhi,Long,Textiles,11.1,1423.7,32769,2025-03-18,SafeExpress
SHP07132,Delhi,Kolkata,Long,Electronics,12.2,1512.2,37338,2025-03-18,Western Carriers
SHP07133,Delhi,Kolkata,Long,Steel Coils,15.2,1511.8,47280,2025-03-18,SafeExpress
SHP07134,Mumbai,Pune,Short,FMCG,22.1,149.7,10139,2025-03-19,TCI Freight
SHP07135,Delhi,Jaipur,Short,Packaged Foods,20.4,280.7,17057,2025-03-19,Om Sai Transport
SHP07136,Delhi,Jaipur,Short,Steel Coils,22.9,279.1,18906,2025-03-19,Om Sai Transport
SHP07137,Chennai,Bangalore,Short,Textiles,15.5,352.0,14899,2025-03-19,SafeExpress
SHP07138,Chennai,Bangalore,Short,Automobile Parts,23.1,351.7,22003,2025-03-19,VRL Logistics
SHP07139,Ahmedabad,Mumbai,Medium,Chemicals,13.2,531.1,17019,2025-03-19,TCI Freight
SHP07140,Ahmedabad,Mumbai,Medium,Chemicals,10.9,528.8,13964,2025-03-19,TCI Freight
SHP07141,Ahmedabad,Mumbai,Medium,Automobile Parts,15.9,531.4,20813,2025-03-19,VRL Logistics
SHP07142,Kolkata,Bhubaneswar,Medium,Chemicals,23.1,439.1,25340,2025-03-19,VRL Logistics
SHP07143,Kolkata,Bhubaneswar,Medium,FMCG,23.3,437.5,25529,2025-03-19,Om Sai Transport
SHP07144,Kolkata,Bhubaneswar,Medium,Electronics,24.9,436.2,27443,2025-03-19,TCI Freight
SHP07145,Bangalore,Hyderabad,Medium,Steel Coils,23.8,568.0,33141,2025-03-19,Western Carriers
SHP07146,Bangalore,Hyderabad,Medium,FMCG,15.5,572.9,22143,2025-03-19,VRL Logistics
SHP07147,Mumbai,Delhi,Long,Electronics,11.8,1420.4,34677,2025-03-19,VRL Logistics
SHP07148,Mumbai,Delhi,Long,Packaged Foods,13.0,1422.8,37509,2025-03-19,TCI Freight
SHP07149,Delhi,Kolkata,Long,Electronics,23.9,1511.1,71981,2025-03-19,Western Carriers
SHP07150,Delhi,Kolkata,Long,Chemicals,18.0,1509.8,53575,2025-03-19,Shivam Freight Co
SHP07151,Mumbai,Pune,Short,Steel Coils,15.7,149.5,7046,2025-03-20,Om Sai Transport
SHP07152,Delhi,Jaipur,Short,Electronics,12.1,279.3,9876,2025-03-20,Om Sai Transport
SHP07153,Delhi,Jaipur,Short,FMCG,16.2,277.1,13001,2025-03-20,Om Sai Transport
SHP07154,Delhi,Jaipur,Short,Chemicals,13.5,279.8,10948,2025-03-20,Om Sai Transport
SHP07155,Chennai,Bangalore,Short,Electronics,25.0,351.6,24789,2025-03-20,SafeExpress
SHP07156,Chennai,Bangalore,Short,Packaged Foods,22.3,352.7,22019,2025-03-20,Om Sai Transport
SHP07157,Chennai,Bangalore,Short,FMCG,21.8,353.2,21592,2025-03-20,Om Sai Transport
SHP07158,Ahmedabad,Mumbai,Medium,Packaged Foods,16.8,526.7,21819,2025-03-20,SafeExpress
SHP07159,Kolkata,Bhubaneswar,Medium,Automobile Parts,23.7,438.9,25055,2025-03-20,Western Carriers
SHP07160,Kolkata,Bhubaneswar,Medium,FMCG,14.3,442.1,15426,2025-03-20,VRL Logistics
SHP07161,Bangalore,Hyderabad,Medium,Electronics,23.2,566.8,32057,2025-03-20,Om Sai Transport
SHP07162,Bangalore,Hyderabad,Medium,Steel Coils,10.5,571.0,14369,2025-03-20,Western Carriers
SHP07163,Mumbai,Delhi,Long,Automobile Parts,19.9,1419.4,58429,2025-03-20,TCI Freight
SHP07164,Mumbai,Delhi,Long,Automobile Parts,23.3,1421.1,68480,2025-03-20,Western Carriers
SHP07165,Mumbai,Delhi,Long,FMCG,17.2,1418.1,50876,2025-03-20,Shivam Freight Co
SHP07166,Delhi,Kolkata,Long,Chemicals,23.1,1506.6,69915,2025-03-20,Om Sai Transport
SHP07167,Mumbai,Pune,Short,Packaged Foods,22.7,151.9,10215,2025-03-21,Shivam Freight Co
SHP07168,Delhi,Jaipur,Short,Textiles,17.1,279.8,14304,2025-03-21,Western Carriers
SHP07169,Delhi,Jaipur,Short,Textiles,23.0,277.8,19198,2025-03-21,Om Sai Transport
SHP07170,Chennai,Bangalore,Short,Textiles,24.1,350.7,22394,2025-03-21,Om Sai Transport
SHP07171,Ahmedabad,Mumbai,Medium,Textiles,21.5,529.8,27624,2025-03-21,VRL Logistics
SHP07172,Ahmedabad,Mumbai,Medium,Packaged Foods,15.1,529.6,19168,2025-03-21,Western Carriers
SHP07173,Kolkata,Bhubaneswar,Medium,Textiles,12.8,443.0,14204,2025-03-21,TCI Freight
SHP07174,Kolkata,Bhubaneswar,Medium,Automobile Parts,24.9,438.5,27492,2025-03-21,Om Sai Transport
SHP07175,Kolkata,Bhubaneswar,Medium,FMCG,18.7,440.2,20868,2025-03-21,TCI Freight
SHP07176,Bangalore,Hyderabad,Medium,FMCG,12.6,573.0,17513,2025-03-21,Western Carriers
SHP07177,Bangalore,Hyderabad,Medium,Electronics,14.3,572.4,19499,2025-03-21,Western Carriers
SHP07178,Bangalore,Hyderabad,Medium,Textiles,18.8,571.5,25832,2025-03-21,Western Carriers
SHP07179,Mumbai,Delhi,Long,Automobile Parts,21.3,1418.5,60850,2025-03-21,TCI Freight
SHP07180,Mumbai,Delhi,Long,Chemicals,20.8,1421.6,60008,2025-03-21,Om Sai Transport
SHP07181,Mumbai,Delhi,Long,Packaged Foods,13.6,1420.2,39832,2025-03-21,Om Sai Transport
SHP07182,Delhi,Kolkata,Long,Electronics,11.2,1508.5,34674,2025-03-21,Western Carriers
SHP07183,Delhi,Kolkata,Long,Electronics,18.9,1511.2,58311,2025-03-21,SafeExpress
SHP07184,Mumbai,Pune,Short,Chemicals,11.0,151.3,5136,2025-03-22,TCI Freight
SHP07185,Mumbai,Pune,Short,Packaged Foods,13.2,152.3,6063,2025-03-22,Om Sai Transport
SHP07186,Mumbai,Pune,Short,FMCG,14.9,153.0,6959,2025-03-22,Western Carriers
SHP07187,Delhi,Jaipur,Short,Chemicals,24.6,277.1,19595,2025-03-22,VRL Logistics
SHP07188,Delhi,Jaipur,Short,Textiles,12.6,282.0,10562,2025-03-22,Western Carriers
SHP07189,Delhi,Jaipur,Short,Automobile Parts,19.3,276.4,15550,2025-03-22,SafeExpress
SHP07190,Chennai,Bangalore,Short,Chemicals,13.0,349.2,12745,2025-03-22,SafeExpress
SHP07191,Ahmedabad,Mumbai,Medium,Automobile Parts,24.4,528.3,32882,2025-03-22,Western Carriers
SHP07192,Ahmedabad,Mumbai,Medium,Electronics,11.3,529.7,14989,2025-03-22,Western Carriers
SHP07193,Kolkata,Bhubaneswar,Medium,Packaged Foods,18.3,436.2,19655,2025-03-22,Shivam Freight Co
SHP07194,Bangalore,Hyderabad,Medium,Chemicals,22.3,567.4,29833,2025-03-22,Shivam Freight Co
SHP07195,Bangalore,Hyderabad,Medium,Textiles,14.8,569.2,19589,2025-03-22,TCI Freight
SHP07196,Mumbai,Delhi,Long,Chemicals,21.5,1422.9,62762,2025-03-22,Western Carriers
SHP07197,Mumbai,Delhi,Long,Electronics,11.5,1419.2,33398,2025-03-22,Shivam Freight Co
SHP07198,Delhi,Kolkata,Long,Chemicals,14.0,1506.0,43332,2025-03-22,Western Carriers
SHP07199,Mumbai,Pune,Short,Electronics,19.9,148.2,8833,2025-03-23,Western Carriers
SHP07200,Delhi,Jaipur,Short,Electronics,24.4,281.5,19950,2025-03-23,Western Carriers
SHP07201,Delhi,Jaipur,Short,FMCG,14.5,277.0,11709,2025-03-23,Shivam Freight Co
SHP07202,Delhi,Jaipur,Short,Chemicals,15.2,283.6,12537,2025-03-23,SafeExpress
SHP07203,Chennai,Bangalore,Short,Textiles,19.8,346.5,18746,2025-03-23,Om Sai Transport
SHP07204,Chennai,Bangalore,Short,Automobile Parts,13.5,352.1,12664,2025-03-23,SafeExpress
SHP07205,Ahmedabad,Mumbai,Medium,Electronics,17.5,531.4,22350,2025-03-23,Om Sai Transport
SHP07206,Ahmedabad,Mumbai,Medium,FMCG,22.5,529.1,28753,2025-03-23,SafeExpress
SHP07207,Kolkata,Bhubaneswar,Medium,Chemicals,10.1,441.3,11116,2025-03-23,SafeExpress
SHP07208,Bangalore,Hyderabad,Medium,Electronics,23.7,566.0,31835,2025-03-23,Western Carriers
SHP07209,Bangalore,Hyderabad,Medium,Automobile Parts,17.7,567.5,24693,2025-03-23,Shivam Freight Co
SHP07210,Mumbai,Delhi,Long,Automobile Parts,17.2,1420.8,50936,2025-03-23,SafeExpress
SHP07211,Mumbai,Delhi,Long,Automobile Parts,24.7,1423.1,74271,2025-03-23,Western Carriers
SHP07212,Mumbai,Delhi,Long,Electronics,12.3,1418.2,37211,2025-03-23,Shivam Freight Co
SHP07213,Delhi,Kolkata,Long,Chemicals,13.5,1508.3,40446,2025-03-23,Western Carriers
SHP07214,Mumbai,Pune,Short,Automobile Parts,12.3,146.4,5559,2025-03-24,TCI Freight
SHP07215,Mumbai,Pune,Short,Chemicals,12.2,149.0,5524,2025-03-24,SafeExpress
SHP07216,Mumbai,Pune,Short,Textiles,23.3,151.8,10803,2025-03-24,Western Carriers
SHP07217,Delhi,Jaipur,Short,Steel Coils,21.2,282.1,17235,2025-03-24,TCI Freight
SHP07218,Delhi,Jaipur,Short,Automobile Parts,19.8,281.5,15830,2025-03-24,SafeExpress
SHP07219,Delhi,Jaipur,Short,Packaged Foods,20.9,278.1,16809,2025-03-24,Om Sai Transport
SHP07220,Chennai,Bangalore,Short,Steel Coils,20.5,348.1,20065,2025-03-24,Western Carriers
SHP07221,Ahmedabad,Mumbai,Medium,Automobile Parts,18.6,526.9,23564,2025-03-24,VRL Logistics
SHP07222,Kolkata,Bhubaneswar,Medium,Chemicals,18.7,438.0,20560,2025-03-24,VRL Logistics
SHP07223,Kolkata,Bhubaneswar,Medium,Automobile Parts,19.1,436.5,20576,2025-03-24,Om Sai Transport
SHP07224,Bangalore,Hyderabad,Medium,Packaged Foods,13.0,571.2,18094,2025-03-24,Shivam Freight Co
SHP07225,Mumbai,Delhi,Long,FMCG,10.8,1419.1,31165,2025-03-24,Western Carriers
SHP07226,Delhi,Kolkata,Long,Chemicals,10.8,1512.8,33320,2025-03-24,Shivam Freight Co
SHP07227,Delhi,Kolkata,Long,FMCG,21.1,1506.7,65001,2025-03-24,Om Sai Transport
SHP07228,Delhi,Kolkata,Long,Electronics,20.3,1513.0,63082,2025-03-24,Western Carriers
SHP07229,Mumbai,Pune,Short,Electronics,24.0,149.3,10827,2025-03-25,Om Sai Transport
SHP07230,Mumbai,Pune,Short,Chemicals,18.9,152.1,8720,2025-03-25,SafeExpress
SHP07231,Mumbai,Pune,Short,Textiles,17.0,149.5,7550,2025-03-25,VRL Logistics
SHP07232,Delhi,Jaipur,Short,Steel Coils,10.6,281.7,8673,2025-03-25,Western Carriers
SHP07233,Delhi,Jaipur,Short,Chemicals,19.1,280.7,15901,2025-03-25,Shivam Freight Co
SHP07234,Delhi,Jaipur,Short,FMCG,20.6,278.6,16733,2025-03-25,SafeExpress
SHP07235,Chennai,Bangalore,Short,FMCG,13.7,347.0,12828,2025-03-25,Shivam Freight Co
SHP07236,Chennai,Bangalore,Short,Steel Coils,11.9,347.7,11048,2025-03-25,SafeExpress
SHP07237,Chennai,Bangalore,Short,Steel Coils,16.3,352.5,15125,2025-03-25,SafeExpress
SHP07238,Ahmedabad,Mumbai,Medium,Electronics,15.4,528.3,20227,2025-03-25,Om Sai Transport
SHP07239,Ahmedabad,Mumbai,Medium,Steel Coils,24.9,531.9,32985,2025-03-25,Western Carriers
SHP07240,Ahmedabad,Mumbai,Medium,Textiles,15.6,531.0,20792,2025-03-25,SafeExpress
SHP07241,Kolkata,Bhubaneswar,Medium,Chemicals,24.8,439.5,27513,2025-03-25,TCI Freight
SHP07242,Kolkata,Bhubaneswar,Medium,Steel Coils,13.3,437.3,14683,2025-03-25,Western Carriers
SHP07243,Bangalore,Hyderabad,Medium,Automobile Parts,10.4,569.9,14543,2025-03-25,Om Sai Transport
SHP07244,Bangalore,Hyderabad,Medium,Chemicals,20.0,566.0,27536,2025-03-25,Western Carriers
SHP07245,Bangalore,Hyderabad,Medium,Textiles,23.9,567.4,33026,2025-03-25,Om Sai Transport
SHP07246,Mumbai,Delhi,Long,Steel Coils,17.5,1420.2,50825,2025-03-25,VRL Logistics
SHP07247,Mumbai,Delhi,Long,Automobile Parts,19.0,1422.4,55346,2025-03-25,Om Sai Transport
SHP07248,Delhi,Kolkata,Long,Textiles,21.1,1508.5,62725,2025-03-25,Western Carriers
SHP07249,Delhi,Kolkata,Long,Chemicals,10.5,1508.9,31749,2025-03-25,Om Sai Transport
SHP07250,Delhi,Kolkata,Long,Chemicals,10.1,1506.8,30837,2025-03-25,VRL Logistics
SHP07251,Mumbai,Pune,Short,Textiles,10.7,150.2,4895,2025-03-26,SafeExpress
SHP07252,Delhi,Jaipur,Short,Packaged Foods,21.2,282.0,17775,2025-03-26,Western Carriers
SHP07253,Delhi,Jaipur,Short,Chemicals,17.9,276.1,14558,2025-03-26,Western Carriers
SHP07254,Chennai,Bangalore,Short,Textiles,17.3,352.6,16826,2025-03-26,VRL Logistics
SHP07255,Chennai,Bangalore,Short,Chemicals,11.2,350.0,10692,2025-03-26,Western Carriers
SHP07256,Chennai,Bangalore,Short,Automobile Parts,16.4,350.4,15662,2025-03-26,Western Carriers
SHP07257,Ahmedabad,Mumbai,Medium,Automobile Parts,13.3,527.9,16855,2025-03-26,SafeExpress
SHP07258,Ahmedabad,Mumbai,Medium,Steel Coils,18.6,528.2,24226,2025-03-26,SafeExpress
SHP07259,Kolkata,Bhubaneswar,Medium,Steel Coils,23.0,437.2,25450,2025-03-26,TCI Freight
SHP07260,Bangalore,Hyderabad,Medium,Steel Coils,12.7,568.8,16926,2025-03-26,TCI Freight
SHP07261,Mumbai,Delhi,Long,Steel Coils,24.8,1418.0,72434,2025-03-26,Shivam Freight Co
SHP07262,Mumbai,Delhi,Long,Packaged Foods,10.1,1420.8,30591,2025-03-26,VRL Logistics
SHP07263,Delhi,Kolkata,Long,Chemicals,17.2,1506.2,52577,2025-03-26,SafeExpress
SHP07264,Delhi,Kolkata,Long,Chemicals,11.1,1507.3,33215,2025-03-26,SafeExpress
SHP07265,Mumbai,Pune,Short,Textiles,18.6,149.0,8373,2025-03-27,TCI Freight
SHP07266,Mumbai,Pune,Short,Textiles,18.3,146.9,8021,2025-03-27,SafeExpress
SHP07267,Delhi,Jaipur,Short,Electronics,15.5,279.1,13187,2025-03-27,TCI Freight
SHP07268,Chennai,Bangalore,Short,Electronics,14.5,349.6,14101,2025-03-27,Western Carriers
SHP07269,Chennai,Bangalore,Short,Packaged Foods,19.8,348.8,18918,2025-03-27,Om Sai Transport
SHP07270,Chennai,Bangalore,Short,Textiles,19.5,346.9,18659,2025-03-27,VRL Logistics
SHP07271,Ahmedabad,Mumbai,Medium,Steel Coils,15.9,530.8,21602,2025-03-27,TCI Freight
SHP07272,Ahmedabad,Mumbai,Medium,Automobile Parts,15.1,528.6,19893,2025-03-27,SafeExpress
SHP07273,Ahmedabad,Mumbai,Medium,Steel Coils,16.6,528.2,21770,2025-03-27,Om Sai Transport
SHP07274,Kolkata,Bhubaneswar,Medium,Packaged Foods,15.5,439.6,17317,2025-03-27,TCI Freight
SHP07275,Kolkata,Bhubaneswar,Medium,Chemicals,18.2,436.7,19929,2025-03-27,SafeExpress
SHP07276,Kolkata,Bhubaneswar,Medium,Chemicals,17.4,438.7,19375,2025-03-27,Om Sai Transport
SHP07277,Bangalore,Hyderabad,Medium,Packaged Foods,10.6,572.5,14397,2025-03-27,VRL Logistics
SHP07278,Mumbai,Delhi,Long,Automobile Parts,21.1,1418.3,61524,2025-03-27,VRL Logistics
SHP07279,Mumbai,Delhi,Long,Chemicals,14.3,1420.4,41565,2025-03-27,Shivam Freight Co
SHP07280,Delhi,Kolkata,Long,FMCG,12.8,1508.4,38640,2025-03-27,Western Carriers
SHP07281,Delhi,Kolkata,Long,Steel Coils,17.0,1511.9,52618,2025-03-27,TCI Freight
SHP07282,Mumbai,Pune,Short,Steel Coils,21.4,152.2,9552,2025-03-28,VRL Logistics
SHP07283,Delhi,Jaipur,Short,Textiles,15.5,283.0,13469,2025-03-28,TCI Freight
SHP07284,Chennai,Bangalore,Short,Steel Coils,25.0,350.6,24016,2025-03-28,Western Carriers
SHP07285,Ahmedabad,Mumbai,Medium,Automobile Parts,10.0,529.2,13119,2025-03-28,Western Carriers
SHP07286,Ahmedabad,Mumbai,Medium,Chemicals,17.1,528.6,22553,2025-03-28,Om Sai Transport
SHP07287,Ahmedabad,Mumbai,Medium,Automobile Parts,21.8,532.2,29330,2025-03-28,SafeExpress
SHP07288,Kolkata,Bhubaneswar,Medium,FMCG,16.8,443.5,18404,2025-03-28,TCI Freight
SHP07289,Kolkata,Bhubaneswar,Medium,Automobile Parts,23.0,441.8,25365,2025-03-28,Shivam Freight Co
SHP07290,Kolkata,Bhubaneswar,Medium,Chemicals,19.9,440.6,22016,2025-03-28,VRL Logistics
SHP07291,Bangalore,Hyderabad,Medium,Textiles,21.3,572.3,30234,2025-03-28,VRL Logistics
SHP07292,Mumbai,Delhi,Long,Steel Coils,20.6,1416.4,61842,2025-03-28,TCI Freight
SHP07293,Mumbai,Delhi,Long,Electronics,20.9,1423.2,63974,2025-03-28,Shivam Freight Co
SHP07294,Mumbai,Delhi,Long,Steel Coils,10.3,1421.5,30836,2025-03-28,Western Carriers
SHP07295,Delhi,Kolkata,Long,Textiles,12.2,1509.2,36146,2025-03-28,VRL Logistics
SHP07296,Mumbai,Pune,Short,Textiles,14.6,148.7,6359,2025-03-29,SafeExpress
SHP07297,Delhi,Jaipur,Short,FMCG,14.8,279.7,12253,2025-03-29,Western Carriers
SHP07298,Chennai,Bangalore,Short,Packaged Foods,22.0,347.3,21414,2025-03-29,Western Carriers
SHP07299,Chennai,Bangalore,Short,Automobile Parts,21.8,353.0,22030,2025-03-29,Western Carriers
SHP07300,Ahmedabad,Mumbai,Medium,Electronics,14.6,531.4,18473,2025-03-29,VRL Logistics
SHP07301,Ahmedabad,Mumbai,Medium,Textiles,20.4,532.1,26168,2025-03-29,Om Sai Transport
SHP07302,Ahmedabad,Mumbai,Medium,Steel Coils,15.1,531.9,19225,2025-03-29,SafeExpress
SHP07303,Kolkata,Bhubaneswar,Medium,Electronics,10.5,443.6,11638,2025-03-29,Shivam Freight Co
SHP07304,Kolkata,Bhubaneswar,Medium,Automobile Parts,22.0,438.8,24506,2025-03-29,TCI Freight
SHP07305,Kolkata,Bhubaneswar,Medium,Chemicals,12.7,439.3,14122,2025-03-29,Shivam Freight Co
SHP07306,Bangalore,Hyderabad,Medium,Steel Coils,16.7,567.9,22087,2025-03-29,SafeExpress
SHP07307,Bangalore,Hyderabad,Medium,Automobile Parts,17.8,572.9,24045,2025-03-29,TCI Freight
SHP07308,Bangalore,Hyderabad,Medium,Textiles,18.4,573.0,24682,2025-03-29,Western Carriers
SHP07309,Mumbai,Delhi,Long,Packaged Foods,17.1,1416.7,49840,2025-03-29,SafeExpress
SHP07310,Mumbai,Delhi,Long,Chemicals,18.5,1421.5,54860,2025-03-29,VRL Logistics
SHP07311,Delhi,Kolkata,Long,Steel Coils,13.9,1509.3,42744,2025-03-29,SafeExpress
SHP07312,Mumbai,Pune,Short,Chemicals,16.4,153.4,7570,2025-03-30,SafeExpress
SHP07313,Mumbai,Pune,Short,Automobile Parts,20.0,149.4,8948,2025-03-30,SafeExpress
SHP07314,Mumbai,Pune,Short,Textiles,24.9,149.8,11309,2025-03-30,SafeExpress
SHP07315,Delhi,Jaipur,Short,FMCG,21.9,283.3,18459,2025-03-30,Shivam Freight Co
SHP07316,Delhi,Jaipur,Short,Automobile Parts,21.2,278.5,17813,2025-03-30,SafeExpress
SHP07317,Delhi,Jaipur,Short,Textiles,12.0,283.2,10391,2025-03-30,Shivam Freight Co
SHP07318,Chennai,Bangalore,Short,Electronics,21.2,352.6,20282,2025-03-30,TCI Freight
SHP07319,Chennai,Bangalore,Short,Textiles,10.4,350.4,9844,2025-03-30,VRL Logistics
SHP07320,Chennai,Bangalore,Short,Chemicals,12.3,350.2,11544,2025-03-30,VRL Logistics
SHP07321,Ahmedabad,Mumbai,Medium,Textiles,10.7,531.0,13863,2025-03-30,Shivam Freight Co
SHP07322,Ahmedabad,Mumbai,Medium,FMCG,14.3,526.1,18618,2025-03-30,SafeExpress
SHP07323,Kolkata,Bhubaneswar,Medium,Chemicals,11.8,440.6,13117,2025-03-30,Western Carriers
SHP07324,Kolkata,Bhubaneswar,Medium,Packaged Foods,21.5,437.0,24127,2025-03-30,VRL Logistics
SHP07325,Bangalore,Hyderabad,Medium,Textiles,16.6,569.1,22611,2025-03-30,Shivam Freight Co
SHP07326,Bangalore,Hyderabad,Medium,Packaged Foods,16.6,571.6,23099,2025-03-30,Shivam Freight Co
SHP07327,Bangalore,Hyderabad,Medium,Textiles,22.4,566.3,30490,2025-03-30,Shivam Freight Co
SHP07328,Mumbai,Delhi,Long,Automobile Parts,12.0,1420.7,35858,2025-03-30,TCI Freight
SHP07329,Mumbai,Delhi,Long,Textiles,10.6,1421.0,31901,2025-03-30,TCI Freight
SHP07330,Mumbai,Delhi,Long,Electronics,19.4,1422.3,57698,2025-03-30,VRL Logistics
SHP07331,Delhi,Kolkata,Long,Steel Coils,24.2,1512.6,75509,2025-03-30,Western Carriers
SHP07332,Delhi,Kolkata,Long,Automobile Parts,18.4,1509.1,56114,2025-03-30,Om Sai Transport
SHP07333,Delhi,Kolkata,Long,Chemicals,14.6,1513.0,44500,2025-03-30,Western Carriers
SHP07334,Mumbai,Pune,Short,FMCG,13.3,150.2,5813,2025-03-31,VRL Logistics
SHP07335,Delhi,Jaipur,Short,FMCG,14.1,277.5,11864,2025-03-31,TCI Freight
SHP07336,Delhi,Jaipur,Short,Steel Coils,20.7,281.0,17472,2025-03-31,Western Carriers
SHP07337,Delhi,Jaipur,Short,Textiles,21.6,280.9,18466,2025-03-31,VRL Logistics
SHP07338,Chennai,Bangalore,Short,Electronics,14.1,350.4,13604,2025-03-31,TCI Freight
SHP07339,Chennai,Bangalore,Short,Automobile Parts,18.2,352.9,17521,2025-03-31,Western Carriers
SHP07340,Chennai,Bangalore,Short,Electronics,14.7,347.3,13687,2025-03-31,TCI Freight
SHP07341,Ahmedabad,Mumbai,Medium,Automobile Parts,18.5,529.5,23824,2025-03-31,Om Sai Transport
SHP07342,Ahmedabad,Mumbai,Medium,Chemicals,22.4,526.6,29205,2025-03-31,Shivam Freight Co
SHP07343,Ahmedabad,Mumbai,Medium,Chemicals,24.5,533.1,32346,2025-03-31,Shivam Freight Co
SHP07344,Kolkata,Bhubaneswar,Medium,Chemicals,19.4,437.8,20708,2025-03-31,Shivam Freight Co
SHP07345,Bangalore,Hyderabad,Medium,Textiles,10.8,566.8,14779,2025-03-31,VRL Logistics
SHP07346,Bangalore,Hyderabad,Medium,Automobile Parts,15.8,573.4,21673,2025-03-31,Om Sai Transport
SHP07347,Bangalore,Hyderabad,Medium,Packaged Foods,23.0,566.9,31274,2025-03-31,Om Sai Transport
SHP07348,Mumbai,Delhi,Long,Steel Coils,15.9,1420.0,46621,2025-03-31,TCI Freight
SHP07349,Mumbai,Delhi,Long,Chemicals,17.5,1418.8,51219,2025-03-31,VRL Logistics
SHP07350,Mumbai,Delhi,Long,Electronics,15.5,1419.9,45058,2025-03-31,TCI Freight
SHP07351,Delhi,Kolkata,Long,Electronics,11.8,1512.3,36588,2025-03-31,Om Sai Transport
SHP07352,Delhi,Kolkata,Long,Automobile Parts,15.1,1506.7,45898,2025-03-31,Shivam Freight Co
SHP07353,Delhi,Kolkata,Long,FMCG,12.6,1513.2,39144,2025-03-31,Shivam Freight Co
SHP07354,Mumbai,Pune,Short,FMCG,23.4,149.6,10285,2025-04-01,VRL Logistics
SHP07355,Mumbai,Pune,Short,Textiles,11.6,148.1,5017,2025-04-01,VRL Logistics
SHP07356,Delhi,Jaipur,Short,FMCG,21.1,281.3,17745,2025-04-01,SafeExpress
SHP07357,Delhi,Jaipur,Short,Textiles,14.3,281.9,12464,2025-04-01,Shivam Freight Co
SHP07358,Delhi,Jaipur,Short,Packaged Foods,22.6,281.3,19511,2025-04-01,Om Sai Transport
SHP07359,Chennai,Bangalore,Short,FMCG,13.8,350.5,13650,2025-04-01,SafeExpress
SHP07360,Chennai,Bangalore,Short,FMCG,19.0,347.1,18837,2025-04-01,Om Sai Transport
SHP07361,Ahmedabad,Mumbai,Medium,Steel Coils,14.9,529.1,18992,2025-04-01,SafeExpress
SHP07362,Ahmedabad,Mumbai,Medium,Textiles,10.0,531.4,13132,2025-04-01,Western Carriers
SHP07363,Ahmedabad,Mumbai,Medium,FMCG,14.7,531.4,18892,2025-04-01,VRL Logistics
SHP07364,Kolkata,Bhubaneswar,Medium,Textiles,11.9,439.5,12611,2025-04-01,Om Sai Transport
SHP07365,Bangalore,Hyderabad,Medium,Automobile Parts,18.4,569.1,24514,2025-04-01,Western Carriers
SHP07366,Bangalore,Hyderabad,Medium,Packaged Foods,11.3,567.2,15242,2025-04-01,Western Carriers
SHP07367,Mumbai,Delhi,Long,Steel Coils,18.6,1422.7,53473,2025-04-01,Western Carriers
SHP07368,Delhi,Kolkata,Long,Chemicals,15.1,1512.9,45072,2025-04-01,TCI Freight
SHP07369,Mumbai,Pune,Short,Steel Coils,19.7,153.2,9139,2025-04-02,Western Carriers
SHP07370,Mumbai,Pune,Short,Automobile Parts,12.3,146.1,5343,2025-04-02,Om Sai Transport
SHP07371,Mumbai,Pune,Short,Electronics,10.5,147.6,4719,2025-04-02,TCI Freight
SHP07372,Delhi,Jaipur,Short,Automobile Parts,21.0,283.5,17085,2025-04-02,SafeExpress
SHP07373,Delhi,Jaipur,Short,Automobile Parts,13.7,277.3,10861,2025-04-02,Om Sai Transport
SHP07374,Delhi,Jaipur,Short,Textiles,23.7,279.6,19156,2025-04-02,SafeExpress
SHP07375,Chennai,Bangalore,Short,Chemicals,21.9,353.3,22079,2025-04-02,Western Carriers
SHP07376,Chennai,Bangalore,Short,Automobile Parts,21.4,352.8,21270,2025-04-02,Western Carriers
SHP07377,Ahmedabad,Mumbai,Medium,Textiles,12.3,530.7,16239,2025-04-02,TCI Freight
SHP07378,Ahmedabad,Mumbai,Medium,Automobile Parts,21.8,530.9,28363,2025-04-02,VRL Logistics
SHP07379,Kolkata,Bhubaneswar,Medium,Automobile Parts,23.0,437.3,25583,2025-04-02,SafeExpress
SHP07380,Kolkata,Bhubaneswar,Medium,Packaged Foods,20.6,440.0,22941,2025-04-02,Western Carriers
SHP07381,Bangalore,Hyderabad,Medium,Steel Coils,23.5,571.2,32074,2025-04-02,Om Sai Transport
SHP07382,Bangalore,Hyderabad,Medium,Electronics,11.1,566.3,14708,2025-04-02,Western Carriers
SHP07383,Mumbai,Delhi,Long,Textiles,19.0,1419.9,55868,2025-04-02,Shivam Freight Co
SHP07384,Delhi,Kolkata,Long,Electronics,13.3,1511.4,40710,2025-04-02,VRL Logistics
SHP07385,Delhi,Kolkata,Long,Packaged Foods,20.0,1512.4,62963,2025-04-02,TCI Freight
SHP07386,Delhi,Kolkata,Long,FMCG,16.0,1506.1,48960,2025-04-02,Shivam Freight Co
SHP07387,Mumbai,Pune,Short,Chemicals,10.9,147.1,4640,2025-04-03,Om Sai Transport
SHP07388,Mumbai,Pune,Short,Chemicals,22.5,150.0,10011,2025-04-03,Western Carriers
SHP07389,Delhi,Jaipur,Short,Electronics,15.3,276.6,12904,2025-04-03,Om Sai Transport
SHP07390,Chennai,Bangalore,Short,FMCG,15.4,353.3,14867,2025-04-03,Shivam Freight Co
SHP07391,Chennai,Bangalore,Short,Electronics,18.7,352.9,17914,2025-04-03,SafeExpress
SHP07392,Chennai,Bangalore,Short,Steel Coils,10.2,352.2,9885,2025-04-03,Om Sai Transport
SHP07393,Ahmedabad,Mumbai,Medium,Automobile Parts,16.0,526.5,21283,2025-04-03,Western Carriers
SHP07394,Ahmedabad,Mumbai,Medium,Automobile Parts,12.2,527.4,16200,2025-04-03,TCI Freight
SHP07395,Kolkata,Bhubaneswar,Medium,Electronics,23.9,437.2,26169,2025-04-03,TCI Freight
SHP07396,Bangalore,Hyderabad,Medium,Packaged Foods,23.4,573.0,33744,2025-04-03,Om Sai Transport
SHP07397,Mumbai,Delhi,Long,Packaged Foods,10.9,1417.0,31089,2025-04-03,VRL Logistics
SHP07398,Mumbai,Delhi,Long,Automobile Parts,22.7,1422.9,66591,2025-04-03,Western Carriers
SHP07399,Delhi,Kolkata,Long,Chemicals,23.3,1511.7,67214,2025-04-03,TCI Freight
SHP07400,Mumbai,Pune,Short,Automobile Parts,24.3,147.5,10752,2025-04-04,VRL Logistics
SHP07401,Mumbai,Pune,Short,Packaged Foods,18.0,146.4,7869,2025-04-04,SafeExpress
SHP07402,Delhi,Jaipur,Short,Steel Coils,11.7,283.5,9639,2025-04-04,SafeExpress
SHP07403,Delhi,Jaipur,Short,Automobile Parts,10.8,283.9,9144,2025-04-04,Shivam Freight Co
SHP07404,Delhi,Jaipur,Short,Steel Coils,21.3,283.4,17925,2025-04-04,TCI Freight
SHP07405,Chennai,Bangalore,Short,Electronics,10.8,346.2,10118,2025-04-04,Western Carriers
SHP07406,Ahmedabad,Mumbai,Medium,Electronics,17.2,532.4,22407,2025-04-04,VRL Logistics
SHP07407,Ahmedabad,Mumbai,Medium,Electronics,17.7,529.9,22670,2025-04-04,SafeExpress
SHP07408,Kolkata,Bhubaneswar,Medium,Steel Coils,17.9,440.3,19589,2025-04-04,Om Sai Transport
SHP07409,Kolkata,Bhubaneswar,Medium,Steel Coils,18.0,439.7,20244,2025-04-04,Om Sai Transport
SHP07410,Kolkata,Bhubaneswar,Medium,Chemicals,22.4,440.8,24543,2025-04-04,SafeExpress
SHP07411,Bangalore,Hyderabad,Medium,Textiles,14.9,573.7,20342,2025-04-04,TCI Freight
SHP07412,Mumbai,Delhi,Long,Textiles,20.3,1418.0,60439,2025-04-04,SafeExpress
SHP07413,Mumbai,Delhi,Long,Packaged Foods,15.5,1422.2,45169,2025-04-04,TCI Freight
SHP07414,Mumbai,Delhi,Long,Textiles,21.8,1420.3,63767,2025-04-04,SafeExpress
SHP07415,Delhi,Kolkata,Long,Steel Coils,19.4,1509.8,59518,2025-04-04,Western Carriers
SHP07416,Mumbai,Pune,Short,Chemicals,16.2,147.7,7415,2025-04-05,Om Sai Transport
SHP07417,Mumbai,Pune,Short,Electronics,15.3,149.8,7210,2025-04-05,VRL Logistics
SHP07418,Delhi,Jaipur,Short,Automobile Parts,15.0,282.7,12492,2025-04-05,VRL Logistics
SHP07419,Delhi,Jaipur,Short,Automobile Parts,23.1,276.3,18996,2025-04-05,Shivam Freight Co
SHP07420,Chennai,Bangalore,Short,Packaged Foods,11.7,351.9,11534,2025-04-05,Western Carriers
SHP07421,Ahmedabad,Mumbai,Medium,Packaged Foods,24.9,532.1,33473,2025-04-05,VRL Logistics
SHP07422,Kolkata,Bhubaneswar,Medium,Chemicals,21.4,436.9,23103,2025-04-05,SafeExpress
SHP07423,Bangalore,Hyderabad,Medium,Chemicals,14.7,566.4,19331,2025-04-05,Western Carriers
SHP07424,Mumbai,Delhi,Long,Steel Coils,10.1,1418.6,29346,2025-04-05,Om Sai Transport
SHP07425,Delhi,Kolkata,Long,Automobile Parts,18.5,1506.4,55812,2025-04-05,Western Carriers
SHP07426,Delhi,Kolkata,Long,Steel Coils,21.4,1508.2,65483,2025-04-05,Om Sai Transport
SHP07427,Mumbai,Pune,Short,Steel Coils,23.6,148.3,10444,2025-04-06,Shivam Freight Co
SHP07428,Delhi,Jaipur,Short,Chemicals,16.7,276.7,13283,2025-04-06,VRL Logistics
SHP07429,Delhi,Jaipur,Short,Textiles,23.8,278.5,18786,2025-04-06,Shivam Freight Co
SHP07430,Chennai,Bangalore,Short,Electronics,10.4,350.6,9917,2025-04-06,Shivam Freight Co
SHP07431,Chennai,Bangalore,Short,Automobile Parts,22.5,346.0,21812,2025-04-06,SafeExpress
SHP07432,Chennai,Bangalore,Short,FMCG,13.5,352.4,13090,2025-04-06,SafeExpress
SHP07433,Ahmedabad,Mumbai,Medium,Steel Coils,11.3,530.8,15316,2025-04-06,VRL Logistics
SHP07434,Ahmedabad,Mumbai,Medium,Packaged Foods,11.6,527.5,15533,2025-04-06,Om Sai Transport
SHP07435,Kolkata,Bhubaneswar,Medium,Packaged Foods,15.6,442.3,17807,2025-04-06,SafeExpress
SHP07436,Kolkata,Bhubaneswar,Medium,Textiles,21.1,439.3,23009,2025-04-06,TCI Freight
SHP07437,Kolkata,Bhubaneswar,Medium,Automobile Parts,12.9,437.3,14495,2025-04-06,SafeExpress
SHP07438,Bangalore,Hyderabad,Medium,Automobile Parts,10.7,568.4,14394,2025-04-06,VRL Logistics
SHP07439,Bangalore,Hyderabad,Medium,Electronics,11.9,567.5,15999,2025-04-06,TCI Freight
SHP07440,Bangalore,Hyderabad,Medium,FMCG,22.7,573.4,30832,2025-04-06,Western Carriers
SHP07441,Mumbai,Delhi,Long,Chemicals,11.8,1419.2,34921,2025-04-06,TCI Freight
SHP07442,Delhi,Kolkata,Long,Electronics,20.7,1510.8,63059,2025-04-06,TCI Freight
SHP07443,Delhi,Kolkata,Long,Textiles,11.5,1512.9,35884,2025-04-06,Shivam Freight Co
SHP07444,Delhi,Kolkata,Long,Packaged Foods,13.9,1506.7,42776,2025-04-06,Om Sai Transport
SHP07445,Mumbai,Pune,Short,Automobile Parts,15.5,148.5,6766,2025-04-07,SafeExpress
SHP07446,Mumbai,Pune,Short,Automobile Parts,23.7,147.7,10551,2025-04-07,Shivam Freight Co
SHP07447,Mumbai,Pune,Short,Electronics,17.0,153.4,7832,2025-04-07,VRL Logistics
SHP07448,Delhi,Jaipur,Short,Textiles,16.0,281.5,12869,2025-04-07,Western Carriers
SHP07449,Chennai,Bangalore,Short,Packaged Foods,22.2,349.8,20527,2025-04-07,Shivam Freight Co
SHP07450,Chennai,Bangalore,Short,Automobile Parts,21.9,351.2,20941,2025-04-07,Shivam Freight Co
SHP07451,Ahmedabad,Mumbai,Medium,Packaged Foods,19.8,526.8,25024,2025-04-07,Western Carriers
SHP07452,Ahmedabad,Mumbai,Medium,Packaged Foods,13.2,527.0,16815,2025-04-07,Western Carriers
SHP07453,Kolkata,Bhubaneswar,Medium,Steel Coils,11.3,442.6,12669,2025-04-07,VRL Logistics
SHP07454,Kolkata,Bhubaneswar,Medium,Automobile Parts,15.7,439.8,18053,2025-04-07,VRL Logistics
SHP07455,Kolkata,Bhubaneswar,Medium,FMCG,11.0,436.1,12103,2025-04-07,Western Carriers
SHP07456,Bangalore,Hyderabad,Medium,Packaged Foods,11.9,568.3,16582,2025-04-07,Western Carriers
SHP07457,Bangalore,Hyderabad,Medium,Steel Coils,16.6,573.2,23725,2025-04-07,VRL Logistics
SHP07458,Mumbai,Delhi,Long,Steel Coils,13.1,1423.0,37631,2025-04-07,VRL Logistics
SHP07459,Mumbai,Delhi,Long,FMCG,20.6,1423.7,59393,2025-04-07,Shivam Freight Co
SHP07460,Delhi,Kolkata,Long,Automobile Parts,14.4,1508.5,42624,2025-04-07,Om Sai Transport
SHP07461,Delhi,Kolkata,Long,Steel Coils,21.3,1508.2,62402,2025-04-07,Shivam Freight Co
SHP07462,Mumbai,Pune,Short,Chemicals,11.1,147.0,4854,2025-04-08,VRL Logistics
SHP07463,Mumbai,Pune,Short,Chemicals,13.4,149.2,6124,2025-04-08,VRL Logistics
SHP07464,Delhi,Jaipur,Short,Electronics,12.2,278.7,9702,2025-04-08,SafeExpress
SHP07465,Delhi,Jaipur,Short,Automobile Parts,12.2,279.1,9938,2025-04-08,VRL Logistics
SHP07466,Delhi,Jaipur,Short,Steel Coils,14.9,279.4,12110,2025-04-08,Shivam Freight Co
SHP07467,Chennai,Bangalore,Short,FMCG,14.7,350.6,14512,2025-04-08,VRL Logistics
SHP07468,Chennai,Bangalore,Short,Steel Coils,14.3,351.2,13952,2025-04-08,SafeExpress
SHP07469,Ahmedabad,Mumbai,Medium,Electronics,13.4,526.8,17917,2025-04-08,SafeExpress
SHP07470,Ahmedabad,Mumbai,Medium,FMCG,21.8,531.9,29383,2025-04-08,Western Carriers
SHP07471,Ahmedabad,Mumbai,Medium,Electronics,17.4,526.1,23165,2025-04-08,Shivam Freight Co
SHP07472,Kolkata,Bhubaneswar,Medium,Automobile Parts,22.5,439.4,25171,2025-04-08,Western Carriers
SHP07473,Kolkata,Bhubaneswar,Medium,Chemicals,11.7,439.0,13104,2025-04-08,Om Sai Transport
SHP07474,Kolkata,Bhubaneswar,Medium,Textiles,14.1,443.9,15901,2025-04-08,Western Carriers
SHP07475,Bangalore,Hyderabad,Medium,Steel Coils,17.3,571.1,24550,2025-04-08,Om Sai Transport
SHP07476,Bangalore,Hyderabad,Medium,FMCG,13.3,568.1,18884,2025-04-08,Western Carriers
SHP07477,Mumbai,Delhi,Long,Packaged Foods,21.4,1418.0,63482,2025-04-08,Western Carriers
SHP07478,Mumbai,Delhi,Long,Textiles,21.6,1419.4,63313,2025-04-08,Om Sai Transport
SHP07479,Delhi,Kolkata,Long,Packaged Foods,22.9,1509.9,66180,2025-04-08,TCI Freight
SHP07480,Delhi,Kolkata,Long,Packaged Foods,10.3,1507.7,30768,2025-04-08,TCI Freight
SHP07481,Delhi,Kolkata,Long,Automobile Parts,16.0,1508.6,47185,2025-04-08,VRL Logistics
SHP07482,Mumbai,Pune,Short,Electronics,12.5,151.0,5602,2025-04-09,Western Carriers
SHP07483,Mumbai,Pune,Short,Chemicals,10.5,153.5,4848,2025-04-09,Om Sai Transport
SHP07484,Mumbai,Pune,Short,Steel Coils,18.0,150.0,8153,2025-04-09,SafeExpress
SHP07485,Delhi,Jaipur,Short,Chemicals,13.1,279.2,10886,2025-04-09,Western Carriers
SHP07486,Chennai,Bangalore,Short,Chemicals,24.1,346.6,23130,2025-04-09,VRL Logistics
SHP07487,Chennai,Bangalore,Short,Electronics,10.5,352.9,10509,2025-04-09,Western Carriers
SHP07488,Ahmedabad,Mumbai,Medium,Chemicals,17.3,527.4,22929,2025-04-09,Shivam Freight Co
SHP07489,Ahmedabad,Mumbai,Medium,Electronics,18.0,530.1,24064,2025-04-09,Shivam Freight Co
SHP07490,Kolkata,Bhubaneswar,Medium,FMCG,11.8,436.7,13036,2025-04-09,Shivam Freight Co
SHP07491,Bangalore,Hyderabad,Medium,FMCG,12.1,568.7,16512,2025-04-09,Om Sai Transport
SHP07492,Bangalore,Hyderabad,Medium,Automobile Parts,24.3,567.7,32614,2025-04-09,SafeExpress
SHP07493,Bangalore,Hyderabad,Medium,Electronics,15.2,570.0,21013,2025-04-09,Om Sai Transport
SHP07494,Mumbai,Delhi,Long,Steel Coils,23.4,1423.5,67333,2025-04-09,Western Carriers
SHP07495,Mumbai,Delhi,Long,Packaged Foods,11.7,1419.7,34725,2025-04-09,Om Sai Transport
SHP07496,Delhi,Kolkata,Long,Steel Coils,20.6,1510.0,60623,2025-04-09,VRL Logistics
SHP07497,Mumbai,Pune,Short,FMCG,22.9,151.6,10374,2025-04-10,Shivam Freight Co
SHP07498,Delhi,Jaipur,Short,Packaged Foods,10.2,281.8,8484,2025-04-10,SafeExpress
SHP07499,Delhi,Jaipur,Short,Textiles,23.4,280.8,19401,2025-04-10,Western Carriers
SHP07500,Chennai,Bangalore,Short,Packaged Foods,19.2,350.9,18272,2025-04-10,Western Carriers
SHP07501,Ahmedabad,Mumbai,Medium,Steel Coils,24.4,527.1,31554,2025-04-10,Western Carriers
SHP07502,Ahmedabad,Mumbai,Medium,Textiles,10.0,532.5,13050,2025-04-10,VRL Logistics
SHP07503,Ahmedabad,Mumbai,Medium,Automobile Parts,21.1,531.5,27246,2025-04-10,TCI Freight
SHP07504,Kolkata,Bhubaneswar,Medium,Steel Coils,15.9,440.9,17964,2025-04-10,SafeExpress
SHP07505,Kolkata,Bhubaneswar,Medium,Steel Coils,18.8,437.7,20904,2025-04-10,TCI Freight
SHP07506,Kolkata,Bhubaneswar,Medium,FMCG,11.5,441.8,13169,2025-04-10,Shivam Freight Co
SHP07507,Bangalore,Hyderabad,Medium,Electronics,14.8,566.7,19366,2025-04-10,Shivam Freight Co
SHP07508,Mumbai,Delhi,Long,Textiles,10.4,1416.4,29521,2025-04-10,Western Carriers
SHP07509,Delhi,Kolkata,Long,FMCG,18.7,1509.2,55899,2025-04-10,VRL Logistics
SHP07510,Delhi,Kolkata,Long,Steel Coils,23.2,1511.7,67326,2025-04-10,Western Carriers
SHP07511,Mumbai,Pune,Short,FMCG,23.6,152.8,10600,2025-04-11,Om Sai Transport
SHP07512,Delhi,Jaipur,Short,FMCG,22.9,283.1,19133,2025-04-11,Western Carriers
SHP07513,Delhi,Jaipur,Short,Packaged Foods,13.1,280.6,11003,2025-04-11,Om Sai Transport
SHP07514,Chennai,Bangalore,Short,Chemicals,18.4,353.8,17838,2025-04-11,Om Sai Transport
SHP07515,Chennai,Bangalore,Short,Packaged Foods,12.5,349.8,11878,2025-04-11,SafeExpress
SHP07516,Chennai,Bangalore,Short,Automobile Parts,21.1,352.5,20173,2025-04-11,Western Carriers
SHP07517,Ahmedabad,Mumbai,Medium,Packaged Foods,22.1,530.9,27651,2025-04-11,VRL Logistics
SHP07518,Kolkata,Bhubaneswar,Medium,Textiles,16.7,436.6,17829,2025-04-11,Western Carriers
SHP07519,Bangalore,Hyderabad,Medium,Steel Coils,22.1,572.3,30584,2025-04-11,SafeExpress
SHP07520,Bangalore,Hyderabad,Medium,Electronics,24.8,571.1,34108,2025-04-11,Om Sai Transport
SHP07521,Bangalore,Hyderabad,Medium,Automobile Parts,11.4,570.3,15880,2025-04-11,Shivam Freight Co
SHP07522,Mumbai,Delhi,Long,Textiles,12.5,1418.1,37215,2025-04-11,VRL Logistics
SHP07523,Mumbai,Delhi,Long,Packaged Foods,22.8,1416.2,67896,2025-04-11,Shivam Freight Co
SHP07524,Mumbai,Delhi,Long,Electronics,13.5,1418.6,39435,2025-04-11,TCI Freight
SHP07525,Delhi,Kolkata,Long,Packaged Foods,18.3,1513.3,54564,2025-04-11,TCI Freight
SHP07526,Mumbai,Pune,Short,Chemicals,18.5,152.5,8305,2025-04-12,VRL Logistics
SHP07527,Mumbai,Pune,Short,Chemicals,24.0,146.5,10343,2025-04-12,VRL Logistics
SHP07528,Mumbai,Pune,Short,Steel Coils,18.9,149.9,8276,2025-04-12,VRL Logistics
SHP07529,Delhi,Jaipur,Short,Automobile Parts,17.0,278.8,14270,2025-04-12,VRL Logistics
SHP07530,Delhi,Jaipur,Short,Steel Coils,23.3,276.8,19277,2025-04-12,Om Sai Transport
SHP07531,Delhi,Jaipur,Short,Automobile Parts,16.7,281.9,13632,2025-04-12,SafeExpress
SHP07532,Chennai,Bangalore,Short,Steel Coils,23.4,346.5,22718,2025-04-12,Om Sai Transport
SHP07533,Chennai,Bangalore,Short,Electronics,18.6,346.7,18276,2025-04-12,SafeExpress
SHP07534,Ahmedabad,Mumbai,Medium,Steel Coils,18.9,533.9,24851,2025-04-12,Shivam Freight Co
SHP07535,Kolkata,Bhubaneswar,Medium,Electronics,11.7,437.6,12713,2025-04-12,Shivam Freight Co
SHP07536,Kolkata,Bhubaneswar,Medium,Automobile Parts,17.4,437.8,18829,2025-04-12,Shivam Freight Co
SHP07537,Bangalore,Hyderabad,Medium,Automobile Parts,19.5,569.9,26797,2025-04-12,Shivam Freight Co
SHP07538,Mumbai,Delhi,Long,Textiles,10.8,1417.1,31339,2025-04-12,TCI Freight
SHP07539,Mumbai,Delhi,Long,Automobile Parts,17.2,1417.0,51519,2025-04-12,Om Sai Transport
SHP07540,Mumbai,Delhi,Long,Steel Coils,16.7,1422.6,49993,2025-04-12,VRL Logistics
SHP07541,Delhi,Kolkata,Long,FMCG,13.7,1513.5,41069,2025-04-12,VRL Logistics
SHP07542,Delhi,Kolkata,Long,Steel Coils,16.4,1506.5,48873,2025-04-12,TCI Freight
SHP07543,Mumbai,Pune,Short,Automobile Parts,23.4,148.7,10491,2025-04-13,TCI Freight
SHP07544,Delhi,Jaipur,Short,Electronics,16.8,276.2,13612,2025-04-13,Western Carriers
SHP07545,Chennai,Bangalore,Short,Packaged Foods,22.2,349.8,21148,2025-04-13,Om Sai Transport
SHP07546,Chennai,Bangalore,Short,Chemicals,24.6,348.5,22753,2025-04-13,Shivam Freight Co
SHP07547,Ahmedabad,Mumbai,Medium,Textiles,22.0,530.3,29199,2025-04-13,VRL Logistics
SHP07548,Ahmedabad,Mumbai,Medium,Electronics,14.9,528.6,19534,2025-04-13,Western Carriers
SHP07549,Kolkata,Bhubaneswar,Medium,Steel Coils,16.7,442.6,18568,2025-04-13,Shivam Freight Co
SHP07550,Bangalore,Hyderabad,Medium,Packaged Foods,24.4,566.4,33914,2025-04-13,VRL Logistics
SHP07551,Bangalore,Hyderabad,Medium,FMCG,20.0,573.4,28208,2025-04-13,VRL Logistics
SHP07552,Mumbai,Delhi,Long,FMCG,20.9,1416.4,59244,2025-04-13,VRL Logistics
SHP07553,Delhi,Kolkata,Long,Packaged Foods,10.5,1511.4,32547,2025-04-13,Om Sai Transport
SHP07554,Delhi,Kolkata,Long,FMCG,23.0,1513.1,68845,2025-04-13,Shivam Freight Co
SHP07555,Delhi,Kolkata,Long,Electronics,19.4,1508.8,57843,2025-04-13,SafeExpress
SHP07556,Mumbai,Pune,Short,Automobile Parts,21.8,152.7,9610,2025-04-14,VRL Logistics
SHP07557,Delhi,Jaipur,Short,Textiles,10.7,276.0,8454,2025-04-14,Shivam Freight Co
SHP07558,Delhi,Jaipur,Short,Textiles,20.7,276.2,16510,2025-04-14,VRL Logistics
SHP07559,Chennai,Bangalore,Short,Chemicals,13.2,350.2,12925,2025-04-14,SafeExpress
SHP07560,Chennai,Bangalore,Short,Chemicals,15.4,348.8,14595,2025-04-14,TCI Freight
SHP07561,Ahmedabad,Mumbai,Medium,Packaged Foods,12.0,529.2,15621,2025-04-14,Shivam Freight Co
SHP07562,Ahmedabad,Mumbai,Medium,Chemicals,18.0,533.7,23871,2025-04-14,VRL Logistics
SHP07563,Kolkata,Bhubaneswar,Medium,Packaged Foods,11.7,443.9,13258,2025-04-14,SafeExpress
SHP07564,Bangalore,Hyderabad,Medium,Textiles,10.9,571.3,14917,2025-04-14,TCI Freight
SHP07565,Bangalore,Hyderabad,Medium,Textiles,10.3,568.6,13787,2025-04-14,Shivam Freight Co
SHP07566,Bangalore,Hyderabad,Medium,FMCG,22.6,569.5,31046,2025-04-14,SafeExpress
SHP07567,Mumbai,Delhi,Long,Automobile Parts,14.1,1419.5,41159,2025-04-14,Western Carriers
SHP07568,Mumbai,Delhi,Long,FMCG,23.2,1421.3,67459,2025-04-14,Shivam Freight Co
SHP07569,Mumbai,Delhi,Long,FMCG,20.4,1421.0,59479,2025-04-14,Om Sai Transport
SHP07570,Delhi,Kolkata,Long,Textiles,16.0,1510.7,48059,2025-04-14,VRL Logistics
SHP07571,Mumbai,Pune,Short,Automobile Parts,13.8,149.3,6300,2025-04-15,TCI Freight
SHP07572,Delhi,Jaipur,Short,FMCG,19.7,282.1,16385,2025-04-15,Om Sai Transport
SHP07573,Delhi,Jaipur,Short,Chemicals,14.6,278.0,12126,2025-04-15,Om Sai Transport
SHP07574,Chennai,Bangalore,Short,FMCG,22.8,352.9,21965,2025-04-15,SafeExpress
SHP07575,Ahmedabad,Mumbai,Medium,Automobile Parts,20.2,533.5,26378,2025-04-15,Western Carriers
SHP07576,Ahmedabad,Mumbai,Medium,Automobile Parts,20.7,530.8,27439,2025-04-15,Western Carriers
SHP07577,Kolkata,Bhubaneswar,Medium,Textiles,22.9,436.7,25748,2025-04-15,TCI Freight
SHP07578,Kolkata,Bhubaneswar,Medium,Packaged Foods,18.6,443.3,20720,2025-04-15,TCI Freight
SHP07579,Kolkata,Bhubaneswar,Medium,FMCG,15.8,441.3,17906,2025-04-15,TCI Freight
SHP07580,Bangalore,Hyderabad,Medium,Electronics,24.6,567.9,33142,2025-04-15,Western Carriers
SHP07581,Bangalore,Hyderabad,Medium,Automobile Parts,21.1,568.3,28697,2025-04-15,TCI Freight
SHP07582,Mumbai,Delhi,Long,Electronics,17.2,1422.0,49014,2025-04-15,SafeExpress
SHP07583,Mumbai,Delhi,Long,Steel Coils,13.8,1419.3,39104,2025-04-15,SafeExpress
SHP07584,Delhi,Kolkata,Long,Chemicals,22.8,1508.0,68482,2025-04-15,Shivam Freight Co
SHP07585,Delhi,Kolkata,Long,FMCG,16.8,1512.8,50769,2025-04-15,TCI Freight
SHP07586,Mumbai,Pune,Short,Electronics,22.1,149.5,9928,2025-04-16,SafeExpress
SHP07587,Mumbai,Pune,Short,Packaged Foods,20.4,152.0,9186,2025-04-16,TCI Freight
SHP07588,Delhi,Jaipur,Short,Chemicals,22.6,277.3,17872,2025-04-16,Western Carriers
SHP07589,Delhi,Jaipur,Short,FMCG,13.2,281.2,10724,2025-04-16,TCI Freight
SHP07590,Chennai,Bangalore,Short,Automobile Parts,15.3,350.2,14880,2025-04-16,VRL Logistics
SHP07591,Ahmedabad,Mumbai,Medium,FMCG,22.7,531.0,29589,2025-04-16,Om Sai Transport
SHP07592,Kolkata,Bhubaneswar,Medium,Automobile Parts,20.1,440.7,22972,2025-04-16,Shivam Freight Co
SHP07593,Kolkata,Bhubaneswar,Medium,Automobile Parts,22.8,441.3,25894,2025-04-16,SafeExpress
SHP07594,Kolkata,Bhubaneswar,Medium,Textiles,24.9,443.3,27830,2025-04-16,SafeExpress
SHP07595,Bangalore,Hyderabad,Medium,Electronics,10.8,573.6,15461,2025-04-16,Shivam Freight Co
SHP07596,Bangalore,Hyderabad,Medium,Textiles,15.4,571.6,21964,2025-04-16,TCI Freight
SHP07597,Mumbai,Delhi,Long,Chemicals,19.3,1422.6,55823,2025-04-16,VRL Logistics
SHP07598,Mumbai,Delhi,Long,Electronics,14.9,1419.7,42576,2025-04-16,Om Sai Transport
SHP07599,Mumbai,Delhi,Long,Electronics,24.2,1419.9,68873,2025-04-16,TCI Freight
SHP07600,Delhi,Kolkata,Long,Automobile Parts,20.6,1511.9,61807,2025-04-16,Western Carriers
SHP07601,Delhi,Kolkata,Long,Textiles,13.6,1509.3,40222,2025-04-16,Om Sai Transport
SHP07602,Mumbai,Pune,Short,Steel Coils,18.5,146.2,7822,2025-04-17,Shivam Freight Co
SHP07603,Mumbai,Pune,Short,Automobile Parts,12.4,151.5,5562,2025-04-17,Om Sai Transport
SHP07604,Delhi,Jaipur,Short,Textiles,12.1,281.6,10024,2025-04-17,Western Carriers
SHP07605,Delhi,Jaipur,Short,Electronics,18.3,280.1,14880,2025-04-17,TCI Freight
SHP07606,Delhi,Jaipur,Short,Steel Coils,14.1,280.6,11896,2025-04-17,Western Carriers
SHP07607,Chennai,Bangalore,Short,Automobile Parts,10.3,352.5,10176,2025-04-17,TCI Freight
SHP07608,Chennai,Bangalore,Short,Automobile Parts,21.8,350.3,21212,2025-04-17,SafeExpress
SHP07609,Ahmedabad,Mumbai,Medium,Chemicals,12.6,528.1,16746,2025-04-17,VRL Logistics
SHP07610,Ahmedabad,Mumbai,Medium,Automobile Parts,15.4,527.6,19766,2025-04-17,TCI Freight
SHP07611,Kolkata,Bhubaneswar,Medium,FMCG,13.4,439.5,15013,2025-04-17,SafeExpress
SHP07612,Bangalore,Hyderabad,Medium,Textiles,17.4,567.1,23862,2025-04-17,TCI Freight
SHP07613,Bangalore,Hyderabad,Medium,Electronics,18.8,574.0,26064,2025-04-17,SafeExpress
SHP07614,Mumbai,Delhi,Long,Textiles,20.3,1422.8,60222,2025-04-17,TCI Freight
SHP07615,Delhi,Kolkata,Long,Chemicals,19.1,1506.8,56099,2025-04-17,SafeExpress
SHP07616,Mumbai,Pune,Short,Electronics,12.1,151.0,5393,2025-04-18,Shivam Freight Co
SHP07617,Mumbai,Pune,Short,FMCG,10.9,146.2,4735,2025-04-18,Western Carriers
SHP07618,Delhi,Jaipur,Short,Automobile Parts,12.1,280.6,10078,2025-04-18,VRL Logistics
SHP07619,Delhi,Jaipur,Short,FMCG,22.5,277.9,18184,2025-04-18,Western Carriers
SHP07620,Delhi,Jaipur,Short,Packaged Foods,21.7,277.4,17640,2025-04-18,TCI Freight
SHP07621,Chennai,Bangalore,Short,Chemicals,18.7,349.0,17310,2025-04-18,TCI Freight
SHP07622,Chennai,Bangalore,Short,FMCG,19.7,346.9,17996,2025-04-18,VRL Logistics
SHP07623,Chennai,Bangalore,Short,Packaged Foods,13.9,349.4,12827,2025-04-18,TCI Freight
SHP07624,Ahmedabad,Mumbai,Medium,Textiles,23.6,533.9,29946,2025-04-18,TCI Freight
SHP07625,Ahmedabad,Mumbai,Medium,Packaged Foods,24.7,528.8,31532,2025-04-18,Om Sai Transport
SHP07626,Kolkata,Bhubaneswar,Medium,Textiles,21.2,442.5,23491,2025-04-18,TCI Freight
SHP07627,Kolkata,Bhubaneswar,Medium,Electronics,24.8,443.6,28244,2025-04-18,TCI Freight
SHP07628,Kolkata,Bhubaneswar,Medium,Textiles,13.3,438.0,15114,2025-04-18,Om Sai Transport
SHP07629,Bangalore,Hyderabad,Medium,Electronics,15.4,571.8,21514,2025-04-18,VRL Logistics
SHP07630,Mumbai,Delhi,Long,Automobile Parts,15.8,1420.0,47012,2025-04-18,Om Sai Transport
SHP07631,Mumbai,Delhi,Long,Packaged Foods,18.2,1418.5,54754,2025-04-18,Western Carriers
SHP07632,Mumbai,Delhi,Long,FMCG,22.2,1417.9,66636,2025-04-18,SafeExpress
SHP07633,Delhi,Kolkata,Long,Steel Coils,11.2,1511.5,33744,2025-04-18,Shivam Freight Co
SHP07634,Mumbai,Pune,Short,Steel Coils,22.6,146.4,9809,2025-04-19,SafeExpress
SHP07635,Mumbai,Pune,Short,FMCG,19.1,149.5,8440,2025-04-19,Western Carriers
SHP07636,Delhi,Jaipur,Short,Steel Coils,17.7,282.2,14967,2025-04-19,SafeExpress
SHP07637,Delhi,Jaipur,Short,Automobile Parts,20.8,283.6,17725,2025-04-19,TCI Freight
SHP07638,Delhi,Jaipur,Short,Chemicals,21.0,283.1,17947,2025-04-19,TCI Freight
SHP07639,Chennai,Bangalore,Short,Automobile Parts,12.6,346.6,12262,2025-04-19,SafeExpress
SHP07640,Chennai,Bangalore,Short,FMCG,17.3,347.3,16688,2025-04-19,TCI Freight
SHP07641,Chennai,Bangalore,Short,Packaged Foods,19.2,349.1,18463,2025-04-19,SafeExpress
SHP07642,Ahmedabad,Mumbai,Medium,Automobile Parts,23.0,530.8,30237,2025-04-19,VRL Logistics
SHP07643,Kolkata,Bhubaneswar,Medium,Packaged Foods,21.2,438.3,22775,2025-04-19,Western Carriers
SHP07644,Kolkata,Bhubaneswar,Medium,Textiles,12.1,440.1,12948,2025-04-19,Shivam Freight Co
SHP07645,Kolkata,Bhubaneswar,Medium,Chemicals,10.1,441.6,11072,2025-04-19,Shivam Freight Co
SHP07646,Bangalore,Hyderabad,Medium,Steel Coils,20.3,568.0,27019,2025-04-19,SafeExpress
SHP07647,Bangalore,Hyderabad,Medium,Chemicals,17.9,568.9,23521,2025-04-19,SafeExpress
SHP07648,Mumbai,Delhi,Long,Steel Coils,11.2,1418.5,31653,2025-04-19,Shivam Freight Co
SHP07649,Mumbai,Delhi,Long,Textiles,10.5,1421.3,29618,2025-04-19,TCI Freight
SHP07650,Delhi,Kolkata,Long,FMCG,13.4,1509.5,40574,2025-04-19,Om Sai Transport
SHP07651,Delhi,Kolkata,Long,Electronics,20.4,1509.8,61414,2025-04-19,Shivam Freight Co
SHP07652,Mumbai,Pune,Short,Automobile Parts,18.5,149.7,8412,2025-04-20,VRL Logistics
SHP07653,Mumbai,Pune,Short,Steel Coils,10.4,149.3,4794,2025-04-20,Shivam Freight Co
SHP07654,Mumbai,Pune,Short,FMCG,11.6,147.5,5375,2025-04-20,SafeExpress
SHP07655,Delhi,Jaipur,Short,Electronics,18.9,277.9,15417,2025-04-20,Shivam Freight Co
SHP07656,Chennai,Bangalore,Short,Steel Coils,23.2,346.8,21391,2025-04-20,SafeExpress
SHP07657,Ahmedabad,Mumbai,Medium,Electronics,12.4,530.9,16027,2025-04-20,Western Carriers
SHP07658,Ahmedabad,Mumbai,Medium,Packaged Foods,10.2,533.2,12789,2025-04-20,Om Sai Transport
SHP07659,Ahmedabad,Mumbai,Medium,Chemicals,15.0,530.2,19348,2025-04-20,SafeExpress
SHP07660,Kolkata,Bhubaneswar,Medium,Textiles,19.8,437.4,22521,2025-04-20,Om Sai Transport
SHP07661,Bangalore,Hyderabad,Medium,Packaged Foods,14.2,566.3,19094,2025-04-20,TCI Freight
SHP07662,Bangalore,Hyderabad,Medium,Textiles,10.5,571.7,14433,2025-04-20,VRL Logistics
SHP07663,Bangalore,Hyderabad,Medium,Packaged Foods,23.4,566.4,31817,2025-04-20,Western Carriers
SHP07664,Mumbai,Delhi,Long,FMCG,23.7,1420.9,68676,2025-04-20,Western Carriers
SHP07665,Mumbai,Delhi,Long,Automobile Parts,22.5,1419.3,63051,2025-04-20,TCI Freight
SHP07666,Delhi,Kolkata,Long,Automobile Parts,22.0,1512.9,68991,2025-04-20,SafeExpress
SHP07667,Delhi,Kolkata,Long,Textiles,16.3,1510.9,50780,2025-04-20,TCI Freight
SHP07668,Delhi,Kolkata,Long,Automobile Parts,15.0,1512.7,45498,2025-04-20,VRL Logistics
SHP07669,Mumbai,Pune,Short,FMCG,14.6,147.4,6357,2025-04-21,Shivam Freight Co
SHP07670,Mumbai,Pune,Short,Electronics,23.2,149.1,10137,2025-04-21,TCI Freight
SHP07671,Delhi,Jaipur,Short,Textiles,21.4,282.2,17609,2025-04-21,Shivam Freight Co
SHP07672,Chennai,Bangalore,Short,Textiles,17.5,350.0,17285,2025-04-21,TCI Freight
SHP07673,Ahmedabad,Mumbai,Medium,Packaged Foods,15.5,529.1,20208,2025-04-21,TCI Freight
SHP07674,Kolkata,Bhubaneswar,Medium,Automobile Parts,17.4,438.8,19130,2025-04-21,SafeExpress
SHP07675,Kolkata,Bhubaneswar,Medium,Packaged Foods,15.7,441.9,17661,2025-04-21,VRL Logistics
SHP07676,Bangalore,Hyderabad,Medium,Electronics,14.5,566.7,19826,2025-04-21,Om Sai Transport
SHP07677,Bangalore,Hyderabad,Medium,Electronics,23.9,571.0,32646,2025-04-21,SafeExpress
SHP07678,Mumbai,Delhi,Long,FMCG,18.1,1416.2,52948,2025-04-21,Shivam Freight Co
SHP07679,Mumbai,Delhi,Long,Electronics,22.3,1416.5,64025,2025-04-21,TCI Freight
SHP07680,Mumbai,Delhi,Long,Automobile Parts,24.7,1421.3,73039,2025-04-21,TCI Freight
SHP07681,Delhi,Kolkata,Long,Textiles,16.7,1513.6,49390,2025-04-21,Shivam Freight Co
SHP07682,Delhi,Kolkata,Long,Textiles,18.5,1509.3,55024,2025-04-21,Om Sai Transport
SHP07683,Delhi,Kolkata,Long,Automobile Parts,23.9,1513.0,71090,2025-04-21,Western Carriers
SHP07684,Mumbai,Pune,Short,Textiles,10.7,151.2,4872,2025-04-22,Om Sai Transport
SHP07685,Mumbai,Pune,Short,Steel Coils,18.7,149.4,8285,2025-04-22,TCI Freight
SHP07686,Delhi,Jaipur,Short,Textiles,21.1,279.1,17761,2025-04-22,VRL Logistics
SHP07687,Delhi,Jaipur,Short,Packaged Foods,16.9,277.0,13782,2025-04-22,Shivam Freight Co
SHP07688,Chennai,Bangalore,Short,Textiles,20.3,346.1,19956,2025-04-22,Shivam Freight Co
SHP07689,Chennai,Bangalore,Short,Automobile Parts,18.1,351.7,17465,2025-04-22,SafeExpress
SHP07690,Ahmedabad,Mumbai,Medium,Automobile Parts,24.6,530.1,31876,2025-04-22,Shivam Freight Co
SHP07691,Kolkata,Bhubaneswar,Medium,Automobile Parts,17.2,443.4,18753,2025-04-22,SafeExpress
SHP07692,Kolkata,Bhubaneswar,Medium,FMCG,11.4,437.0,12589,2025-04-22,Om Sai Transport
SHP07693,Bangalore,Hyderabad,Medium,Packaged Foods,23.0,568.4,31172,2025-04-22,Western Carriers
SHP07694,Mumbai,Delhi,Long,Electronics,12.4,1416.9,36871,2025-04-22,VRL Logistics
SHP07695,Delhi,Kolkata,Long,Textiles,16.3,1507.8,50166,2025-04-22,Western Carriers
SHP07696,Delhi,Kolkata,Long,Steel Coils,17.9,1506.4,54490,2025-04-22,Western Carriers
SHP07697,Delhi,Kolkata,Long,Textiles,15.2,1512.2,46463,2025-04-22,VRL Logistics
SHP07698,Mumbai,Pune,Short,Chemicals,15.9,153.0,7450,2025-04-23,TCI Freight
SHP07699,Mumbai,Pune,Short,Textiles,12.6,146.2,5650,2025-04-23,SafeExpress
SHP07700,Mumbai,Pune,Short,Packaged Foods,10.9,152.4,4983,2025-04-23,Western Carriers
SHP07701,Delhi,Jaipur,Short,Electronics,12.2,280.3,9791,2025-04-23,Shivam Freight Co
SHP07702,Delhi,Jaipur,Short,Steel Coils,22.7,282.3,18629,2025-04-23,Western Carriers
SHP07703,Delhi,Jaipur,Short,Automobile Parts,19.8,276.4,15811,2025-04-23,Shivam Freight Co
SHP07704,Chennai,Bangalore,Short,Chemicals,19.3,353.4,18733,2025-04-23,Shivam Freight Co
SHP07705,Chennai,Bangalore,Short,FMCG,15.9,348.5,15227,2025-04-23,Shivam Freight Co
SHP07706,Ahmedabad,Mumbai,Medium,Textiles,18.6,527.2,24292,2025-04-23,TCI Freight
SHP07707,Ahmedabad,Mumbai,Medium,Automobile Parts,23.9,532.9,31389,2025-04-23,Shivam Freight Co
SHP07708,Kolkata,Bhubaneswar,Medium,Steel Coils,22.9,437.9,24531,2025-04-23,Om Sai Transport
SHP07709,Kolkata,Bhubaneswar,Medium,FMCG,19.3,442.5,20611,2025-04-23,VRL Logistics
SHP07710,Bangalore,Hyderabad,Medium,Textiles,23.7,574.0,32228,2025-04-23,Shivam Freight Co
SHP07711,Bangalore,Hyderabad,Medium,FMCG,18.4,570.9,25430,2025-04-23,Om Sai Transport
SHP07712,Bangalore,Hyderabad,Medium,Automobile Parts,23.6,572.6,32625,2025-04-23,Shivam Freight Co
SHP07713,Mumbai,Delhi,Long,Packaged Foods,19.5,1423.3,57487,2025-04-23,Shivam Freight Co
SHP07714,Mumbai,Delhi,Long,Textiles,19.6,1423.9,58154,2025-04-23,TCI Freight
SHP07715,Mumbai,Delhi,Long,Steel Coils,14.3,1418.3,43149,2025-04-23,Western Carriers
SHP07716,Delhi,Kolkata,Long,Automobile Parts,10.4,1507.9,31215,2025-04-23,Shivam Freight Co
SHP07717,Delhi,Kolkata,Long,Electronics,22.2,1507.8,68887,2025-04-23,SafeExpress
SHP07718,Delhi,Kolkata,Long,Electronics,18.0,1506.0,55479,2025-04-23,SafeExpress
SHP07719,Mumbai,Pune,Short,Automobile Parts,22.9,148.2,10494,2025-04-24,VRL Logistics
SHP07720,Mumbai,Pune,Short,Chemicals,10.1,151.0,4641,2025-04-24,Shivam Freight Co
SHP07721,Delhi,Jaipur,Short,Automobile Parts,22.3,282.0,18371,2025-04-24,Shivam Freight Co
SHP07722,Delhi,Jaipur,Short,Steel Coils,19.8,277.0,16361,2025-04-24,SafeExpress
SHP07723,Chennai,Bangalore,Short,FMCG,12.8,346.9,12247,2025-04-24,Shivam Freight Co
SHP07724,Chennai,Bangalore,Short,FMCG,19.5,348.6,18275,2025-04-24,Shivam Freight Co
SHP07725,Ahmedabad,Mumbai,Medium,Textiles,14.9,533.4,19926,2025-04-24,SafeExpress
SHP07726,Ahmedabad,Mumbai,Medium,Chemicals,18.1,527.7,24219,2025-04-24,VRL Logistics
SHP07727,Ahmedabad,Mumbai,Medium,Chemicals,14.6,527.4,19222,2025-04-24,Om Sai Transport
SHP07728,Kolkata,Bhubaneswar,Medium,Packaged Foods,15.2,439.6,16522,2025-04-24,VRL Logistics
SHP07729,Bangalore,Hyderabad,Medium,Packaged Foods,14.8,568.9,20335,2025-04-24,Shivam Freight Co
SHP07730,Bangalore,Hyderabad,Medium,Packaged Foods,12.4,567.5,17063,2025-04-24,SafeExpress
SHP07731,Bangalore,Hyderabad,Medium,FMCG,17.1,570.4,23928,2025-04-24,VRL Logistics
SHP07732,Mumbai,Delhi,Long,Electronics,24.8,1417.0,70280,2025-04-24,Shivam Freight Co
SHP07733,Mumbai,Delhi,Long,Packaged Foods,19.5,1423.0,54313,2025-04-24,VRL Logistics
SHP07734,Delhi,Kolkata,Long,FMCG,10.3,1506.8,31772,2025-04-24,Shivam Freight Co
SHP07735,Delhi,Kolkata,Long,Textiles,19.5,1509.9,58669,2025-04-24,Western Carriers
SHP07736,Mumbai,Pune,Short,Steel Coils,18.7,148.6,8717,2025-04-25,Om Sai Transport
SHP07737,Delhi,Jaipur,Short,FMCG,20.5,279.8,16983,2025-04-25,SafeExpress
SHP07738,Chennai,Bangalore,Short,Chemicals,13.4,348.1,12857,2025-04-25,Om Sai Transport
SHP07739,Chennai,Bangalore,Short,Steel Coils,24.0,346.3,23101,2025-04-25,Om Sai Transport
SHP07740,Chennai,Bangalore,Short,Automobile Parts,15.6,350.8,14834,2025-04-25,Om Sai Transport
SHP07741,Ahmedabad,Mumbai,Medium,FMCG,12.2,529.5,15950,2025-04-25,Shivam Freight Co
SHP07742,Kolkata,Bhubaneswar,Medium,Electronics,14.5,440.9,15439,2025-04-25,VRL Logistics
SHP07743,Bangalore,Hyderabad,Medium,Textiles,23.4,570.5,31965,2025-04-25,Om Sai Transport
SHP07744,Mumbai,Delhi,Long,Packaged Foods,15.2,1423.7,44520,2025-04-25,Western Carriers
SHP07745,Delhi,Kolkata,Long,FMCG,20.4,1513.7,61276,2025-04-25,VRL Logistics
SHP07746,Delhi,Kolkata,Long,Textiles,16.3,1509.0,49128,2025-04-25,Shivam Freight Co
SHP07747,Delhi,Kolkata,Long,Textiles,18.8,1512.0,57297,2025-04-25,SafeExpress
SHP07748,Mumbai,Pune,Short,Chemicals,11.6,153.4,5391,2025-04-26,TCI Freight
SHP07749,Mumbai,Pune,Short,Electronics,16.2,149.8,7288,2025-04-26,Shivam Freight Co
SHP07750,Mumbai,Pune,Short,FMCG,10.1,147.0,4446,2025-04-26,Om Sai Transport
SHP07751,Delhi,Jaipur,Short,Packaged Foods,17.9,281.5,14785,2025-04-26,Western Carriers
SHP07752,Chennai,Bangalore,Short,Electronics,14.9,352.1,14552,2025-04-26,Western Carriers
SHP07753,Ahmedabad,Mumbai,Medium,FMCG,10.4,528.1,13076,2025-04-26,TCI Freight
SHP07754,Kolkata,Bhubaneswar,Medium,Automobile Parts,14.5,439.4,16026,2025-04-26,Western Carriers
SHP07755,Kolkata,Bhubaneswar,Medium,Textiles,10.6,437.2,11714,2025-04-26,SafeExpress
SHP07756,Bangalore,Hyderabad,Medium,Packaged Foods,16.4,569.3,22643,2025-04-26,VRL Logistics
SHP07757,Bangalore,Hyderabad,Medium,Packaged Foods,24.9,567.6,33974,2025-04-26,TCI Freight
SHP07758,Bangalore,Hyderabad,Medium,Steel Coils,24.6,572.2,33773,2025-04-26,Shivam Freight Co
SHP07759,Mumbai,Delhi,Long,Steel Coils,22.0,1416.7,64347,2025-04-26,VRL Logistics
SHP07760,Delhi,Kolkata,Long,Electronics,17.0,1511.0,50442,2025-04-26,SafeExpress
SHP07761,Mumbai,Pune,Short,Electronics,19.9,150.5,8922,2025-04-27,SafeExpress
SHP07762,Delhi,Jaipur,Short,Chemicals,24.0,279.7,20356,2025-04-27,Western Carriers
SHP07763,Delhi,Jaipur,Short,Chemicals,23.2,281.2,19672,2025-04-27,SafeExpress
SHP07764,Chennai,Bangalore,Short,Chemicals,23.5,352.2,22406,2025-04-27,Western Carriers
SHP07765,Chennai,Bangalore,Short,Automobile Parts,10.9,353.3,10447,2025-04-27,TCI Freight
SHP07766,Ahmedabad,Mumbai,Medium,Textiles,15.5,532.9,19722,2025-04-27,SafeExpress
SHP07767,Ahmedabad,Mumbai,Medium,FMCG,23.9,528.6,30017,2025-04-27,Shivam Freight Co
SHP07768,Ahmedabad,Mumbai,Medium,Textiles,19.0,531.4,23734,2025-04-27,Shivam Freight Co
SHP07769,Kolkata,Bhubaneswar,Medium,Steel Coils,24.9,442.3,27744,2025-04-27,Shivam Freight Co
SHP07770,Kolkata,Bhubaneswar,Medium,Chemicals,10.9,436.3,11869,2025-04-27,Western Carriers
SHP07771,Kolkata,Bhubaneswar,Medium,Electronics,18.2,436.0,20316,2025-04-27,VRL Logistics
SHP07772,Bangalore,Hyderabad,Medium,FMCG,18.3,573.9,24386,2025-04-27,VRL Logistics
SHP07773,Bangalore,Hyderabad,Medium,Automobile Parts,18.0,573.2,24102,2025-04-27,VRL Logistics
SHP07774,Bangalore,Hyderabad,Medium,Electronics,23.8,570.3,32047,2025-04-27,Western Carriers
SHP07775,Mumbai,Delhi,Long,Chemicals,13.2,1417.5,37774,2025-04-27,Western Carriers
SHP07776,Delhi,Kolkata,Long,Textiles,20.9,1509.4,60816,2025-04-27,Western Carriers
SHP07777,Delhi,Kolkata,Long,Textiles,18.7,1510.8,55206,2025-04-27,Om Sai Transport
SHP07778,Delhi,Kolkata,Long,Packaged Foods,18.0,1511.1,53339,2025-04-27,Western Carriers
SHP07779,Mumbai,Pune,Short,Electronics,24.6,147.4,10808,2025-04-28,Om Sai Transport
SHP07780,Mumbai,Pune,Short,FMCG,11.9,149.5,5294,2025-04-28,TCI Freight
SHP07781,Mumbai,Pune,Short,Packaged Foods,10.3,150.2,4651,2025-04-28,VRL Logistics
SHP07782,Delhi,Jaipur,Short,Electronics,24.3,279.9,20082,2025-04-28,Western Carriers
SHP07783,Delhi,Jaipur,Short,Steel Coils,20.7,279.5,17211,2025-04-28,Shivam Freight Co
SHP07784,Chennai,Bangalore,Short,Chemicals,24.7,348.7,23947,2025-04-28,TCI Freight
SHP07785,Chennai,Bangalore,Short,FMCG,20.8,348.2,20118,2025-04-28,Shivam Freight Co
SHP07786,Chennai,Bangalore,Short,Electronics,18.2,350.0,17840,2025-04-28,Shivam Freight Co
SHP07787,Ahmedabad,Mumbai,Medium,Textiles,16.5,529.8,20829,2025-04-28,Shivam Freight Co
SHP07788,Ahmedabad,Mumbai,Medium,Automobile Parts,16.6,533.4,21306,2025-04-28,VRL Logistics
SHP07789,Ahmedabad,Mumbai,Medium,Automobile Parts,21.5,533.2,27650,2025-04-28,VRL Logistics
SHP07790,Kolkata,Bhubaneswar,Medium,Chemicals,19.0,437.1,20809,2025-04-28,Western Carriers
SHP07791,Kolkata,Bhubaneswar,Medium,Textiles,16.4,438.5,17971,2025-04-28,VRL Logistics
SHP07792,Bangalore,Hyderabad,Medium,Automobile Parts,15.0,567.2,20858,2025-04-28,SafeExpress
SHP07793,Bangalore,Hyderabad,Medium,Automobile Parts,12.7,567.4,17539,2025-04-28,Om Sai Transport
SHP07794,Mumbai,Delhi,Long,Electronics,19.2,1419.4,53648,2025-04-28,Shivam Freight Co
SHP07795,Mumbai,Delhi,Long,Steel Coils,24.8,1416.8,69777,2025-04-28,TCI Freight
SHP07796,Mumbai,Delhi,Long,Chemicals,20.8,1417.3,60123,2025-04-28,SafeExpress
SHP07797,Delhi,Kolkata,Long,Steel Coils,13.5,1507.7,40525,2025-04-28,TCI Freight
SHP07798,Delhi,Kolkata,Long,Steel Coils,19.1,1511.3,58068,2025-04-28,VRL Logistics
SHP07799,Delhi,Kolkata,Long,Electronics,13.8,1511.2,42388,2025-04-28,SafeExpress
SHP07800,Mumbai,Pune,Short,Textiles,24.7,153.1,10936,2025-04-29,SafeExpress
SHP07801,Mumbai,Pune,Short,Chemicals,14.0,149.0,6154,2025-04-29,VRL Logistics
SHP07802,Delhi,Jaipur,Short,Chemicals,20.6,283.4,17138,2025-04-29,Om Sai Transport
SHP07803,Delhi,Jaipur,Short,Packaged Foods,17.2,279.3,13988,2025-04-29,Western Carriers
SHP07804,Delhi,Jaipur,Short,FMCG,10.8,279.2,8588,2025-04-29,SafeExpress
SHP07805,Chennai,Bangalore,Short,FMCG,19.6,352.8,18565,2025-04-29,SafeExpress
SHP07806,Chennai,Bangalore,Short,FMCG,19.1,346.6,17774,2025-04-29,Shivam Freight Co
SHP07807,Ahmedabad,Mumbai,Medium,Chemicals,15.9,526.9,20184,2025-04-29,VRL Logistics
SHP07808,Ahmedabad,Mumbai,Medium,Steel Coils,24.1,528.5,30809,2025-04-29,Shivam Freight Co
SHP07809,Ahmedabad,Mumbai,Medium,Textiles,17.1,526.4,21417,2025-04-29,SafeExpress
SHP07810,Kolkata,Bhubaneswar,Medium,Electronics,20.9,443.0,22961,2025-04-29,Western Carriers
SHP07811,Kolkata,Bhubaneswar,Medium,Textiles,22.3,437.3,24231,2025-04-29,Om Sai Transport
SHP07812,Kolkata,Bhubaneswar,Medium,Chemicals,12.0,442.6,13069,2025-04-29,TCI Freight
SHP07813,Bangalore,Hyderabad,Medium,FMCG,22.4,571.5,30190,2025-04-29,Om Sai Transport
SHP07814,Bangalore,Hyderabad,Medium,FMCG,16.2,567.3,21974,2025-04-29,SafeExpress
SHP07815,Mumbai,Delhi,Long,Electronics,16.7,1416.4,48941,2025-04-29,Western Carriers
SHP07816,Delhi,Kolkata,Long,Electronics,22.2,1512.9,65699,2025-04-29,VRL Logistics
SHP07817,Mumbai,Pune,Short,Steel Coils,24.3,148.9,10491,2025-04-30,Om Sai Transport
SHP07818,Delhi,Jaipur,Short,Chemicals,13.9,283.3,11860,2025-04-30,Western Carriers
SHP07819,Delhi,Jaipur,Short,Automobile Parts,20.1,278.5,16878,2025-04-30,Western Carriers
SHP07820,Chennai,Bangalore,Short,Automobile Parts,14.8,346.5,14084,2025-04-30,SafeExpress
SHP07821,Chennai,Bangalore,Short,Automobile Parts,14.0,351.4,13451,2025-04-30,Shivam Freight Co
SHP07822,Ahmedabad,Mumbai,Medium,FMCG,23.2,531.6,29230,2025-04-30,TCI Freight
SHP07823,Ahmedabad,Mumbai,Medium,Electronics,17.5,530.3,22143,2025-04-30,TCI Freight
SHP07824,Kolkata,Bhubaneswar,Medium,Electronics,21.1,440.5,22818,2025-04-30,Shivam Freight Co
SHP07825,Kolkata,Bhubaneswar,Medium,FMCG,23.2,441.4,25247,2025-04-30,TCI Freight
SHP07826,Bangalore,Hyderabad,Medium,Automobile Parts,10.7,572.1,15117,2025-04-30,VRL Logistics
SHP07827,Mumbai,Delhi,Long,Steel Coils,13.7,1423.3,41277,2025-04-30,TCI Freight
SHP07828,Delhi,Kolkata,Long,Steel Coils,14.4,1511.6,45226,2025-04-30,Om Sai Transport
SHP07829,Delhi,Kolkata,Long,Textiles,24.6,1512.2,76737,2025-04-30,VRL Logistics
SHP07830,Mumbai,Pune,Short,Electronics,23.8,149.4,10781,2025-05-01,Western Carriers
SHP07831,Mumbai,Pune,Short,FMCG,20.6,148.3,9187,2025-05-01,SafeExpress
SHP07832,Mumbai,Pune,Short,FMCG,11.9,153.5,5569,2025-05-01,SafeExpress
SHP07833,Delhi,Jaipur,Short,FMCG,21.8,279.8,18442,2025-05-01,TCI Freight
SHP07834,Delhi,Jaipur,Short,FMCG,21.6,277.7,17643,2025-05-01,Shivam Freight Co
SHP07835,Delhi,Jaipur,Short,FMCG,19.4,279.3,16384,2025-05-01,Shivam Freight Co
SHP07836,Chennai,Bangalore,Short,Steel Coils,18.4,350.6,17088,2025-05-01,TCI Freight
SHP07837,Chennai,Bangalore,Short,Automobile Parts,18.7,350.1,17311,2025-05-01,Western Carriers
SHP07838,Chennai,Bangalore,Short,Automobile Parts,11.8,348.1,10973,2025-05-01,VRL Logistics
SHP07839,Ahmedabad,Mumbai,Medium,FMCG,21.6,529.8,28571,2025-05-01,Om Sai Transport
SHP07840,Ahmedabad,Mumbai,Medium,Electronics,18.9,528.3,23984,2025-05-01,VRL Logistics
SHP07841,Ahmedabad,Mumbai,Medium,FMCG,18.6,529.8,23754,2025-05-01,TCI Freight
SHP07842,Kolkata,Bhubaneswar,Medium,Textiles,24.8,438.1,27991,2025-05-01,Shivam Freight Co
SHP07843,Bangalore,Hyderabad,Medium,Electronics,23.8,568.3,32460,2025-05-01,SafeExpress
SHP07844,Mumbai,Delhi,Long,Packaged Foods,16.2,1422.2,48066,2025-05-01,Western Carriers
SHP07845,Mumbai,Delhi,Long,Steel Coils,14.9,1417.9,44068,2025-05-01,VRL Logistics
SHP07846,Mumbai,Delhi,Long,Textiles,18.1,1423.5,54032,2025-05-01,VRL Logistics
SHP07847,Delhi,Kolkata,Long,Packaged Foods,25.0,1509.8,76725,2025-05-01,Om Sai Transport
SHP07848,Delhi,Kolkata,Long,Packaged Foods,11.1,1510.2,33227,2025-05-01,Om Sai Transport
SHP07849,Delhi,Kolkata,Long,Electronics,19.6,1509.1,58614,2025-05-01,TCI Freight
SHP07850,Mumbai,Pune,Short,Chemicals,17.4,148.1,7552,2025-05-02,Om Sai Transport
SHP07851,Mumbai,Pune,Short,Automobile Parts,19.5,152.1,8658,2025-05-02,Shivam Freight Co
SHP07852,Delhi,Jaipur,Short,Electronics,19.3,279.6,16077,2025-05-02,Shivam Freight Co
SHP07853,Chennai,Bangalore,Short,Steel Coils,13.3,349.1,12845,2025-05-02,VRL Logistics
SHP07854,Ahmedabad,Mumbai,Medium,FMCG,15.0,527.0,19343,2025-05-02,SafeExpress
SHP07855,Kolkata,Bhubaneswar,Medium,Chemicals,17.4,438.0,19160,2025-05-02,Western Carriers
SHP07856,Bangalore,Hyderabad,Medium,Electronics,23.9,569.5,33346,2025-05-02,VRL Logistics
SHP07857,Mumbai,Delhi,Long,FMCG,18.8,1417.5,53386,2025-05-02,Om Sai Transport
SHP07858,Mumbai,Delhi,Long,Textiles,22.1,1419.1,63776,2025-05-02,VRL Logistics
SHP07859,Mumbai,Delhi,Long,Chemicals,11.6,1418.2,33279,2025-05-02,TCI Freight
SHP07860,Delhi,Kolkata,Long,Chemicals,16.8,1513.3,51825,2025-05-02,Om Sai Transport
SHP07861,Delhi,Kolkata,Long,Chemicals,16.0,1510.2,48140,2025-05-02,Shivam Freight Co
SHP07862,Delhi,Kolkata,Long,Textiles,22.0,1506.8,66593,2025-05-02,TCI Freight
SHP07863,Mumbai,Pune,Short,FMCG,23.9,147.3,10680,2025-05-03,TCI Freight
SHP07864,Mumbai,Pune,Short,Textiles,24.9,152.6,11764,2025-05-03,Western Carriers
SHP07865,Delhi,Jaipur,Short,Automobile Parts,13.1,277.5,10818,2025-05-03,TCI Freight
SHP07866,Chennai,Bangalore,Short,FMCG,20.0,346.6,19678,2025-05-03,SafeExpress
SHP07867,Ahmedabad,Mumbai,Medium,Packaged Foods,19.2,533.0,24739,2025-05-03,SafeExpress
SHP07868,Ahmedabad,Mumbai,Medium,FMCG,19.5,529.0,24657,2025-05-03,Shivam Freight Co
SHP07869,Kolkata,Bhubaneswar,Medium,Chemicals,17.9,437.4,19775,2025-05-03,TCI Freight
SHP07870,Bangalore,Hyderabad,Medium,Packaged Foods,21.3,571.4,29397,2025-05-03,Shivam Freight Co
SHP07871,Bangalore,Hyderabad,Medium,Steel Coils,19.5,568.8,26858,2025-05-03,TCI Freight
SHP07872,Bangalore,Hyderabad,Medium,Automobile Parts,10.8,573.2,14818,2025-05-03,Om Sai Transport
SHP07873,Mumbai,Delhi,Long,FMCG,23.5,1416.0,67591,2025-05-03,SafeExpress
SHP07874,Mumbai,Delhi,Long,Automobile Parts,13.1,1423.9,37654,2025-05-03,Western Carriers
SHP07875,Mumbai,Delhi,Long,FMCG,22.4,1420.6,62805,2025-05-03,SafeExpress
SHP07876,Delhi,Kolkata,Long,Electronics,12.7,1512.2,38542,2025-05-03,TCI Freight
SHP07877,Delhi,Kolkata,Long,Textiles,12.9,1509.8,37804,2025-05-03,Om Sai Transport
SHP07878,Mumbai,Pune,Short,Automobile Parts,12.0,150.3,5500,2025-05-04,VRL Logistics
SHP07879,Delhi,Jaipur,Short,Textiles,14.7,281.9,12259,2025-05-04,Western Carriers
SHP07880,Chennai,Bangalore,Short,Textiles,18.5,350.7,18073,2025-05-04,Western Carriers
SHP07881,Ahmedabad,Mumbai,Medium,Chemicals,19.5,529.1,25563,2025-05-04,VRL Logistics
SHP07882,Ahmedabad,Mumbai,Medium,FMCG,18.6,526.1,24498,2025-05-04,Om Sai Transport
SHP07883,Ahmedabad,Mumbai,Medium,FMCG,16.7,532.1,22013,2025-05-04,VRL Logistics
SHP07884,Kolkata,Bhubaneswar,Medium,Electronics,16.2,441.3,17699,2025-05-04,SafeExpress
SHP07885,Bangalore,Hyderabad,Medium,Electronics,18.1,566.9,23830,2025-05-04,Shivam Freight Co
SHP07886,Bangalore,Hyderabad,Medium,Chemicals,24.1,572.3,31697,2025-05-04,SafeExpress
SHP07887,Bangalore,Hyderabad,Medium,Chemicals,25.0,569.6,33240,2025-05-04,Shivam Freight Co
SHP07888,Mumbai,Delhi,Long,Chemicals,16.4,1419.0,47835,2025-05-04,SafeExpress
SHP07889,Mumbai,Delhi,Long,FMCG,20.9,1422.4,60564,2025-05-04,Shivam Freight Co
SHP07890,Mumbai,Delhi,Long,Textiles,20.8,1423.7,58816,2025-05-04,Om Sai Transport
SHP07891,Delhi,Kolkata,Long,Electronics,10.0,1512.1,29453,2025-05-04,VRL Logistics
SHP07892,Mumbai,Pune,Short,Electronics,16.9,151.6,8048,2025-05-05,SafeExpress
SHP07893,Mumbai,Pune,Short,Steel Coils,16.9,148.9,7833,2025-05-05,TCI Freight
SHP07894,Delhi,Jaipur,Short,Packaged Foods,11.3,283.8,9931,2025-05-05,SafeExpress
SHP07895,Delhi,Jaipur,Short,FMCG,19.2,280.2,17157,2025-05-05,Western Carriers
SHP07896,Chennai,Bangalore,Short,Automobile Parts,21.8,346.4,21917,2025-05-05,Western Carriers
SHP07897,Ahmedabad,Mumbai,Medium,FMCG,19.5,531.6,26827,2025-05-05,Shivam Freight Co
SHP07898,Ahmedabad,Mumbai,Medium,FMCG,24.3,532.7,32801,2025-05-05,SafeExpress
SHP07899,Kolkata,Bhubaneswar,Medium,Steel Coils,21.6,438.6,25077,2025-05-05,TCI Freight
SHP07900,Bangalore,Hyderabad,Medium,Automobile Parts,11.1,571.7,16486,2025-05-05,Om Sai Transport
SHP07901,Bangalore,Hyderabad,Medium,Electronics,10.9,570.6,15957,2025-05-05,SafeExpress
SHP07902,Mumbai,Delhi,Long,Automobile Parts,22.9,1419.8,67855,2025-05-05,Shivam Freight Co
SHP07903,Delhi,Kolkata,Long,Textiles,22.7,1507.8,72023,2025-05-05,TCI Freight
SHP07904,Mumbai,Pune,Short,FMCG,19.9,147.0,9097,2025-05-06,Western Carriers
SHP07905,Delhi,Jaipur,Short,Textiles,13.0,279.4,11381,2025-05-06,SafeExpress
SHP07906,Delhi,Jaipur,Short,Electronics,18.5,279.5,16220,2025-05-06,Shivam Freight Co
SHP07907,Delhi,Jaipur,Short,Packaged Foods,14.1,280.4,12302,2025-05-06,Om Sai Transport
SHP07908,Chennai,Bangalore,Short,Chemicals,17.7,347.8,17766,2025-05-06,TCI Freight
SHP07909,Chennai,Bangalore,Short,Chemicals,17.0,348.5,17164,2025-05-06,TCI Freight
SHP07910,Chennai,Bangalore,Short,Automobile Parts,12.3,353.3,12554,2025-05-06,VRL Logistics
SHP07911,Ahmedabad,Mumbai,Medium,Steel Coils,18.1,531.9,25105,2025-05-06,SafeExpress
SHP07912,Ahmedabad,Mumbai,Medium,Electronics,23.8,533.9,32811,2025-05-06,Om Sai Transport
SHP07913,Ahmedabad,Mumbai,Medium,Electronics,21.7,526.1,29298,2025-05-06,SafeExpress
SHP07914,Kolkata,Bhubaneswar,Medium,Textiles,22.2,438.1,25229,2025-05-06,Shivam Freight Co
SHP07915,Kolkata,Bhubaneswar,Medium,FMCG,24.9,436.9,28515,2025-05-06,Om Sai Transport
SHP07916,Bangalore,Hyderabad,Medium,Automobile Parts,11.3,571.8,16549,2025-05-06,SafeExpress
SHP07917,Mumbai,Delhi,Long,Chemicals,14.2,1423.7,44652,2025-05-06,Om Sai Transport
SHP07918,Mumbai,Delhi,Long,Chemicals,21.3,1423.6,66626,2025-05-06,Western Carriers
SHP07919,Mumbai,Delhi,Long,Electronics,21.9,1422.6,69575,2025-05-06,Om Sai Transport
SHP07920,Delhi,Kolkata,Long,Electronics,10.8,1512.3,34221,2025-05-06,Om Sai Transport
SHP07921,Delhi,Kolkata,Long,Textiles,21.7,1511.3,69772,2025-05-06,TCI Freight
SHP07922,Mumbai,Pune,Short,Packaged Foods,18.1,149.8,8679,2025-05-07,Western Carriers
SHP07923,Delhi,Jaipur,Short,Steel Coils,17.7,278.9,15457,2025-05-07,SafeExpress
SHP07924,Chennai,Bangalore,Short,Textiles,23.5,346.2,24219,2025-05-07,SafeExpress
SHP07925,Ahmedabad,Mumbai,Medium,FMCG,10.9,530.8,15131,2025-05-07,TCI Freight
SHP07926,Ahmedabad,Mumbai,Medium,Chemicals,11.5,526.5,16098,2025-05-07,VRL Logistics
SHP07927,Kolkata,Bhubaneswar,Medium,Electronics,23.3,440.5,28383,2025-05-07,Western Carriers
SHP07928,Kolkata,Bhubaneswar,Medium,Automobile Parts,19.3,443.8,23395,2025-05-07,TCI Freight
SHP07929,Bangalore,Hyderabad,Medium,Electronics,22.7,571.0,33057,2025-05-07,Shivam Freight Co
SHP07930,Mumbai,Delhi,Long,FMCG,24.4,1416.6,75076,2025-05-07,Shivam Freight Co
SHP07931,Mumbai,Delhi,Long,Automobile Parts,19.6,1419.4,61839,2025-05-07,Shivam Freight Co
SHP07932,Mumbai,Delhi,Long,FMCG,21.4,1416.8,66899,2025-05-07,TCI Freight
SHP07933,Delhi,Kolkata,Long,Packaged Foods,23.0,1509.3,71362,2025-05-07,VRL Logistics
SHP07934,Mumbai,Pune,Short,Electronics,18.3,153.8,8992,2025-05-08,Shivam Freight Co
SHP07935,Mumbai,Pune,Short,Electronics,19.7,148.0,9392,2025-05-08,TCI Freight
SHP07936,Mumbai,Pune,Short,Textiles,14.8,153.8,7332,2025-05-08,Shivam Freight Co
SHP07937,Delhi,Jaipur,Short,Chemicals,15.5,277.6,13229,2025-05-08,SafeExpress
SHP07938,Chennai,Bangalore,Short,Steel Coils,19.1,350.7,18830,2025-05-08,Western Carriers
SHP07939,Chennai,Bangalore,Short,Automobile Parts,14.6,348.5,14739,2025-05-08,VRL Logistics
SHP07940,Ahmedabad,Mumbai,Medium,FMCG,18.8,530.9,26492,2025-05-08,TCI Freight
SHP07941,Kolkata,Bhubaneswar,Medium,Packaged Foods,11.1,444.0,13419,2025-05-08,Shivam Freight Co
SHP07942,Bangalore,Hyderabad,Medium,Steel Coils,13.9,567.9,19765,2025-05-08,Om Sai Transport
SHP07943,Bangalore,Hyderabad,Medium,Automobile Parts,21.3,569.5,30463,2025-05-08,Shivam Freight Co
SHP07944,Mumbai,Delhi,Long,Steel Coils,20.2,1418.4,62178,2025-05-08,Om Sai Transport
SHP07945,Mumbai,Delhi,Long,Textiles,21.2,1420.9,66207,2025-05-08,Om Sai Transport
SHP07946,Mumbai,Delhi,Long,Packaged Foods,13.8,1421.6,43198,2025-05-08,Om Sai Transport
SHP07947,Delhi,Kolkata,Long,Automobile Parts,14.7,1506.9,47694,2025-05-08,SafeExpress
SHP07948,Mumbai,Pune,Short,Steel Coils,15.6,151.4,7697,2025-05-09,TCI Freight
SHP07949,Delhi,Jaipur,Short,Steel Coils,22.1,283.9,19472,2025-05-09,SafeExpress
SHP07950,Delhi,Jaipur,Short,Automobile Parts,17.6,278.9,15214,2025-05-09,Om Sai Transport
SHP07951,Chennai,Bangalore,Short,Electronics,22.2,353.2,22048,2025-05-09,Om Sai Transport
SHP07952,Chennai,Bangalore,Short,Packaged Foods,13.5,347.2,13474,2025-05-09,Western Carriers
SHP07953,Ahmedabad,Mumbai,Medium,Automobile Parts,17.2,532.4,23455,2025-05-09,VRL Logistics
SHP07954,Ahmedabad,Mumbai,Medium,Steel Coils,12.5,533.5,16693,2025-05-09,Om Sai Transport
SHP07955,Kolkata,Bhubaneswar,Medium,FMCG,13.9,439.4,16192,2025-05-09,VRL Logistics
SHP07956,Bangalore,Hyderabad,Medium,Chemicals,14.6,574.0,21602,2025-05-09,VRL Logistics
SHP07957,Mumbai,Delhi,Long,Electronics,17.8,1420.3,52842,2025-05-09,VRL Logistics
SHP07958,Mumbai,Delhi,Long,FMCG,21.2,1420.2,63923,2025-05-09,Western Carriers
SHP07959,Mumbai,Delhi,Long,FMCG,10.3,1422.0,30912,2025-05-09,Om Sai Transport
SHP07960,Delhi,Kolkata,Long,Automobile Parts,24.3,1513.0,79221,2025-05-09,Shivam Freight Co
SHP07961,Delhi,Kolkata,Long,FMCG,15.5,1510.2,50067,2025-05-09,Western Carriers
SHP07962,Mumbai,Pune,Short,Automobile Parts,24.1,152.0,11484,2025-05-10,SafeExpress
SHP07963,Delhi,Jaipur,Short,Electronics,15.6,276.5,13579,2025-05-10,SafeExpress
SHP07964,Chennai,Bangalore,Short,FMCG,21.5,352.7,22709,2025-05-10,VRL Logistics
SHP07965,Ahmedabad,Mumbai,Medium,Electronics,15.1,529.8,21188,2025-05-10,TCI Freight
SHP07966,Ahmedabad,Mumbai,Medium,Automobile Parts,20.1,530.1,28029,2025-05-10,Shivam Freight Co
SHP07967,Kolkata,Bhubaneswar,Medium,Chemicals,18.8,443.9,21761,2025-05-10,Shivam Freight Co
SHP07968,Kolkata,Bhubaneswar,Medium,Steel Coils,20.4,442.9,23915,2025-05-10,TCI Freight
SHP07969,Bangalore,Hyderabad,Medium,Electronics,24.9,570.4,35910,2025-05-10,Om Sai Transport
SHP07970,Bangalore,Hyderabad,Medium,FMCG,21.6,571.2,31424,2025-05-10,TCI Freight
SHP07971,Bangalore,Hyderabad,Medium,Electronics,22.4,569.1,31791,2025-05-10,VRL Logistics
SHP07972,Mumbai,Delhi,Long,Textiles,21.4,1419.9,66698,2025-05-10,VRL Logistics
SHP07973,Mumbai,Delhi,Long,Steel Coils,19.4,1416.9,61937,2025-05-10,Om Sai Transport
SHP07974,Mumbai,Delhi,Long,Steel Coils,18.1,1417.2,57685,2025-05-10,VRL Logistics
SHP07975,Delhi,Kolkata,Long,Chemicals,22.0,1511.4,70520,2025-05-10,Western Carriers
SHP07976,Delhi,Kolkata,Long,Automobile Parts,11.8,1511.9,38431,2025-05-10,Shivam Freight Co
SHP07977,Mumbai,Pune,Short,FMCG,20.9,146.4,9790,2025-05-11,Western Carriers
SHP07978,Mumbai,Pune,Short,Packaged Foods,19.0,147.6,8890,2025-05-11,SafeExpress
SHP07979,Delhi,Jaipur,Short,Packaged Foods,20.8,277.6,18302,2025-05-11,SafeExpress
SHP07980,Delhi,Jaipur,Short,Automobile Parts,18.7,277.2,16681,2025-05-11,Shivam Freight Co
SHP07981,Delhi,Jaipur,Short,Electronics,12.8,278.4,11246,2025-05-11,SafeExpress
SHP07982,Chennai,Bangalore,Short,Electronics,13.7,352.0,14378,2025-05-11,Shivam Freight Co
SHP07983,Ahmedabad,Mumbai,Medium,Steel Coils,24.3,528.7,33439,2025-05-11,VRL Logistics
SHP07984,Ahmedabad,Mumbai,Medium,Textiles,20.3,531.0,27643,2025-05-11,Shivam Freight Co
SHP07985,Ahmedabad,Mumbai,Medium,Chemicals,14.8,527.1,20137,2025-05-11,TCI Freight
SHP07986,Kolkata,Bhubaneswar,Medium,FMCG,24.1,441.4,28763,2025-05-11,TCI Freight
SHP07987,Bangalore,Hyderabad,Medium,Automobile Parts,11.4,570.2,17213,2025-05-11,Shivam Freight Co
SHP07988,Mumbai,Delhi,Long,Packaged Foods,24.4,1417.4,74832,2025-05-11,Om Sai Transport
SHP07989,Mumbai,Delhi,Long,Electronics,16.2,1422.2,48517,2025-05-11,VRL Logistics
SHP07990,Mumbai,Delhi,Long,FMCG,19.9,1423.9,60295,2025-05-11,VRL Logistics
SHP07991,Delhi,Kolkata,Long,Automobile Parts,11.7,1507.1,36324,2025-05-11,Western Carriers
SHP07992,Delhi,Kolkata,Long,Steel Coils,24.9,1511.7,79597,2025-05-11,TCI Freight
SHP07993,Mumbai,Pune,Short,Electronics,11.1,152.2,5477,2025-05-12,TCI Freight
SHP07994,Delhi,Jaipur,Short,Packaged Foods,23.4,277.9,19979,2025-05-12,TCI Freight
SHP07995,Delhi,Jaipur,Short,FMCG,18.5,283.9,16002,2025-05-12,SafeExpress
SHP07996,Chennai,Bangalore,Short,Packaged Foods,18.3,347.4,18587,2025-05-12,Shivam Freight Co
SHP07997,Chennai,Bangalore,Short,Automobile Parts,22.7,352.5,23316,2025-05-12,Om Sai Transport
SHP07998,Ahmedabad,Mumbai,Medium,Steel Coils,23.4,533.6,32092,2025-05-12,SafeExpress
SHP07999,Ahmedabad,Mumbai,Medium,Packaged Foods,20.4,528.9,27961,2025-05-12,Om Sai Transport
SHP08000,Ahmedabad,Mumbai,Medium,Packaged Foods,20.3,526.5,27472,2025-05-12,SafeExpress
SHP08001,Kolkata,Bhubaneswar,Medium,Steel Coils,10.3,442.3,11936,2025-05-12,Om Sai Transport
SHP08002,Kolkata,Bhubaneswar,Medium,Packaged Foods,14.7,440.0,17198,2025-05-12,Shivam Freight Co
SHP08003,Bangalore,Hyderabad,Medium,FMCG,10.4,572.5,15005,2025-05-12,VRL Logistics
SHP08004,Bangalore,Hyderabad,Medium,Steel Coils,15.2,566.9,22283,2025-05-12,SafeExpress
SHP08005,Bangalore,Hyderabad,Medium,Chemicals,23.3,566.7,33120,2025-05-12,VRL Logistics
SHP08006,Mumbai,Delhi,Long,Chemicals,23.5,1416.1,69963,2025-05-12,Western Carriers
SHP08007,Delhi,Kolkata,Long,Steel Coils,16.0,1506.5,52367,2025-05-12,Om Sai Transport
SHP08008,Delhi,Kolkata,Long,Automobile Parts,10.3,1510.3,33229,2025-05-12,Shivam Freight Co
SHP08009,Mumbai,Pune,Short,FMCG,18.4,151.2,8806,2025-05-13,TCI Freight
SHP08010,Mumbai,Pune,Short,Textiles,11.1,148.5,5231,2025-05-13,SafeExpress
SHP08011,Mumbai,Pune,Short,FMCG,11.2,150.9,5319,2025-05-13,SafeExpress
SHP08012,Delhi,Jaipur,Short,Electronics,23.4,280.0,19676,2025-05-13,Western Carriers
SHP08013,Delhi,Jaipur,Short,Chemicals,10.7,278.3,9144,2025-05-13,Shivam Freight Co
SHP08014,Chennai,Bangalore,Short,Steel Coils,23.3,351.5,23642,2025-05-13,Om Sai Transport
SHP08015,Ahmedabad,Mumbai,Medium,Textiles,20.7,533.6,28372,2025-05-13,Shivam Freight Co
SHP08016,Kolkata,Bhubaneswar,Medium,Packaged Foods,24.1,438.2,27234,2025-05-13,VRL Logistics
SHP08017,Kolkata,Bhubaneswar,Medium,Packaged Foods,22.2,441.3,25732,2025-05-13,Om Sai Transport
SHP08018,Kolkata,Bhubaneswar,Medium,Automobile Parts,11.9,437.8,13492,2025-05-13,Om Sai Transport
SHP08019,Bangalore,Hyderabad,Medium,Packaged Foods,22.4,572.7,31368,2025-05-13,SafeExpress
SHP08020,Bangalore,Hyderabad,Medium,Chemicals,19.6,568.5,27303,2025-05-13,Western Carriers
SHP08021,Bangalore,Hyderabad,Medium,Chemicals,16.2,571.4,22716,2025-05-13,Shivam Freight Co
SHP08022,Mumbai,Delhi,Long,Textiles,24.7,1417.8,76268,2025-05-13,SafeExpress
SHP08023,Mumbai,Delhi,Long,Textiles,13.3,1418.2,39699,2025-05-13,TCI Freight
SHP08024,Delhi,Kolkata,Long,Steel Coils,18.3,1506.2,55940,2025-05-13,Western Carriers
SHP08025,Mumbai,Pune,Short,Steel Coils,20.7,146.4,9543,2025-05-14,Western Carriers
SHP08026,Mumbai,Pune,Short,FMCG,15.9,147.0,7235,2025-05-14,Shivam Freight Co
SHP08027,Delhi,Jaipur,Short,FMCG,23.6,282.1,20388,2025-05-14,VRL Logistics
SHP08028,Delhi,Jaipur,Short,Textiles,20.1,280.1,17483,2025-05-14,SafeExpress
SHP08029,Chennai,Bangalore,Short,FMCG,10.9,351.1,11384,2025-05-14,Western Carriers
SHP08030,Chennai,Bangalore,Short,Packaged Foods,10.3,353.3,10700,2025-05-14,Shivam Freight Co
SHP08031,Ahmedabad,Mumbai,Medium,Packaged Foods,17.8,526.8,24597,2025-05-14,SafeExpress
SHP08032,Ahmedabad,Mumbai,Medium,Automobile Parts,22.6,532.0,30523,2025-05-14,VRL Logistics
SHP08033,Kolkata,Bhubaneswar,Medium,Steel Coils,24.7,437.0,27934,2025-05-14,SafeExpress
SHP08034,Kolkata,Bhubaneswar,Medium,FMCG,16.9,442.5,19396,2025-05-14,Shivam Freight Co
SHP08035,Bangalore,Hyderabad,Medium,Electronics,19.7,573.1,28549,2025-05-14,Western Carriers
SHP08036,Mumbai,Delhi,Long,Electronics,24.9,1423.6,79540,2025-05-14,SafeExpress
SHP08037,Mumbai,Delhi,Long,Electronics,18.1,1418.8,57646,2025-05-14,TCI Freight
SHP08038,Mumbai,Delhi,Long,Steel Coils,19.6,1422.7,62697,2025-05-14,Shivam Freight Co
SHP08039,Delhi,Kolkata,Long,Automobile Parts,24.5,1508.1,76915,2025-05-14,Shivam Freight Co
SHP08040,Mumbai,Pune,Short,Automobile Parts,20.1,149.1,9634,2025-05-15,SafeExpress
SHP08041,Delhi,Jaipur,Short,Electronics,21.8,278.0,19392,2025-05-15,Western Carriers
SHP08042,Chennai,Bangalore,Short,Textiles,24.0,353.3,25105,2025-05-15,Om Sai Transport
SHP08043,Chennai,Bangalore,Short,Textiles,14.4,346.5,14566,2025-05-15,Shivam Freight Co
SHP08044,Chennai,Bangalore,Short,Electronics,24.4,353.7,24661,2025-05-15,TCI Freight
SHP08045,Ahmedabad,Mumbai,Medium,Textiles,15.3,531.8,21581,2025-05-15,SafeExpress
SHP08046,Ahmedabad,Mumbai,Medium,Electronics,13.8,533.3,19786,2025-05-15,Om Sai Transport
SHP08047,Kolkata,Bhubaneswar,Medium,Chemicals,11.4,439.3,13584,2025-05-15,Shivam Freight Co
SHP08048,Bangalore,Hyderabad,Medium,Textiles,10.9,568.1,15825,2025-05-15,Western Carriers
SHP08049,Mumbai,Delhi,Long,Packaged Foods,12.3,1419.5,37335,2025-05-15,SafeExpress
SHP08050,Mumbai,Delhi,Long,Packaged Foods,17.4,1418.4,54027,2025-05-15,Om Sai Transport
SHP08051,Delhi,Kolkata,Long,Electronics,23.6,1508.7,73205,2025-05-15,Shivam Freight Co
SHP08052,Mumbai,Pune,Short,Chemicals,16.3,146.7,7617,2025-05-16,Shivam Freight Co
SHP08053,Mumbai,Pune,Short,Automobile Parts,15.2,153.3,7403,2025-05-16,VRL Logistics
SHP08054,Mumbai,Pune,Short,Automobile Parts,10.5,148.1,4836,2025-05-16,TCI Freight
SHP08055,Delhi,Jaipur,Short,Steel Coils,12.5,278.1,10421,2025-05-16,TCI Freight
SHP08056,Delhi,Jaipur,Short,Automobile Parts,21.3,277.6,18084,2025-05-16,TCI Freight
SHP08057,Delhi,Jaipur,Short,FMCG,11.5,281.0,9942,2025-05-16,TCI Freight
SHP08058,Chennai,Bangalore,Short,Packaged Foods,19.9,349.4,19766,2025-05-16,Om Sai Transport
SHP08059,Chennai,Bangalore,Short,Textiles,21.7,352.5,22260,2025-05-16,SafeExpress
SHP08060,Chennai,Bangalore,Short,Automobile Parts,16.1,348.2,16314,2025-05-16,SafeExpress
SHP08061,Ahmedabad,Mumbai,Medium,Packaged Foods,15.7,532.5,21271,2025-05-16,TCI Freight
SHP08062,Ahmedabad,Mumbai,Medium,Packaged Foods,15.3,528.1,20901,2025-05-16,Western Carriers
SHP08063,Ahmedabad,Mumbai,Medium,FMCG,23.3,532.9,31560,2025-05-16,TCI Freight
SHP08064,Kolkata,Bhubaneswar,Medium,Chemicals,23.2,438.8,27513,2025-05-16,Om Sai Transport
SHP08065,Bangalore,Hyderabad,Medium,FMCG,17.8,566.1,25788,2025-05-16,Shivam Freight Co
SHP08066,Mumbai,Delhi,Long,Steel Coils,12.3,1421.4,37730,2025-05-16,Shivam Freight Co
SHP08067,Mumbai,Delhi,Long,Electronics,24.1,1418.0,73718,2025-05-16,TCI Freight
SHP08068,Mumbai,Delhi,Long,Chemicals,15.1,1422.1,46123,2025-05-16,Shivam Freight Co
SHP08069,Delhi,Kolkata,Long,Steel Coils,17.9,1512.3,59215,2025-05-16,TCI Freight
SHP08070,Delhi,Kolkata,Long,Packaged Foods,22.1,1512.8,73112,2025-05-16,VRL Logistics
SHP08071,Delhi,Kolkata,Long,Packaged Foods,24.6,1507.6,80196,2025-05-16,Western Carriers
SHP08072,Mumbai,Pune,Short,Textiles,13.4,152.5,6666,2025-05-17,Shivam Freight Co
SHP08073,Delhi,Jaipur,Short,Steel Coils,17.0,281.1,14551,2025-05-17,Western Carriers
SHP08074,Delhi,Jaipur,Short,Packaged Foods,11.0,281.5,9604,2025-05-17,Western Carriers
SHP08075,Chennai,Bangalore,Short,Packaged Foods,23.2,352.8,23280,2025-05-17,TCI Freight
SHP08076,Ahmedabad,Mumbai,Medium,Electronics,23.7,528.3,31998,2025-05-17,VRL Logistics
SHP08077,Ahmedabad,Mumbai,Medium,Packaged Foods,16.5,526.2,22758,2025-05-17,VRL Logistics
SHP08078,Kolkata,Bhubaneswar,Medium,Textiles,17.1,442.4,19802,2025-05-17,Om Sai Transport
SHP08079,Kolkata,Bhubaneswar,Medium,Electronics,20.4,436.9,23405,2025-05-17,VRL Logistics
SHP08080,Bangalore,Hyderabad,Medium,Steel Coils,19.0,570.9,27417,2025-05-17,TCI Freight
SHP08081,Bangalore,Hyderabad,Medium,Electronics,21.1,569.0,30060,2025-05-17,SafeExpress
SHP08082,Mumbai,Delhi,Long,Electronics,17.3,1423.6,51701,2025-05-17,Western Carriers
SHP08083,Mumbai,Delhi,Long,Textiles,18.6,1420.9,57618,2025-05-17,SafeExpress
SHP08084,Delhi,Kolkata,Long,Textiles,24.6,1511.5,79736,2025-05-17,Shivam Freight Co
SHP08085,Delhi,Kolkata,Long,Automobile Parts,14.6,1511.5,45642,2025-05-17,SafeExpress
SHP08086,Mumbai,Pune,Short,Automobile Parts,18.7,147.2,8765,2025-05-18,Western Carriers
SHP08087,Delhi,Jaipur,Short,FMCG,16.5,281.1,14794,2025-05-18,Western Carriers
SHP08088,Delhi,Jaipur,Short,Packaged Foods,18.7,281.0,16456,2025-05-18,Om Sai Transport
SHP08089,Delhi,Jaipur,Short,Electronics,12.8,281.4,11175,2025-05-18,Om Sai Transport
SHP08090,Chennai,Bangalore,Short,Packaged Foods,16.9,351.3,17272,2025-05-18,Om Sai Transport
SHP08091,Chennai,Bangalore,Short,Textiles,17.9,353.8,18225,2025-05-18,Shivam Freight Co
SHP08092,Chennai,Bangalore,Short,Packaged Foods,22.9,347.5,23103,2025-05-18,SafeExpress
SHP08093,Ahmedabad,Mumbai,Medium,Textiles,11.0,529.3,15482,2025-05-18,SafeExpress
SHP08094,Kolkata,Bhubaneswar,Medium,Automobile Parts,13.1,436.2,15018,2025-05-18,Om Sai Transport
SHP08095,Bangalore,Hyderabad,Medium,Textiles,22.4,567.0,32506,2025-05-18,SafeExpress
SHP08096,Bangalore,Hyderabad,Medium,Steel Coils,16.8,573.0,25246,2025-05-18,Shivam Freight Co
SHP08097,Mumbai,Delhi,Long,Automobile Parts,14.9,1420.1,45774,2025-05-18,Om Sai Transport
SHP08098,Mumbai,Delhi,Long,FMCG,20.9,1419.8,63771,2025-05-18,Western Carriers
SHP08099,Delhi,Kolkata,Long,Textiles,18.2,1508.1,57204,2025-05-18,TCI Freight
SHP08100,Delhi,Kolkata,Long,Packaged Foods,17.1,1511.3,55375,2025-05-18,SafeExpress
SHP08101,Delhi,Kolkata,Long,Packaged Foods,16.5,1509.0,52893,2025-05-18,Western Carriers
SHP08102,Mumbai,Pune,Short,FMCG,17.6,153.2,8758,2025-05-19,Western Carriers
SHP08103,Mumbai,Pune,Short,Electronics,14.3,147.0,6769,2025-05-19,Om Sai Transport
SHP08104,Delhi,Jaipur,Short,Automobile Parts,17.0,279.5,14763,2025-05-19,Shivam Freight Co
SHP08105,Chennai,Bangalore,Short,Steel Coils,21.5,349.7,22388,2025-05-19,Shivam Freight Co
SHP08106,Chennai,Bangalore,Short,Packaged Foods,12.9,348.1,13189,2025-05-19,Om Sai Transport
SHP08107,Chennai,Bangalore,Short,Electronics,12.0,349.6,12350,2025-05-19,Om Sai Transport
SHP08108,Ahmedabad,Mumbai,Medium,FMCG,10.1,528.4,13725,2025-05-19,Western Carriers
SHP08109,Kolkata,Bhubaneswar,Medium,Automobile Parts,18.5,437.8,21626,2025-05-19,VRL Logistics
SHP08110,Kolkata,Bhubaneswar,Medium,Automobile Parts,13.8,439.9,15907,2025-05-19,Om Sai Transport
SHP08111,Kolkata,Bhubaneswar,Medium,Packaged Foods,24.6,440.5,28820,2025-05-19,Om Sai Transport
SHP08112,Bangalore,Hyderabad,Medium,Electronics,12.0,569.8,17908,2025-05-19,SafeExpress
SHP08113,Bangalore,Hyderabad,Medium,Packaged Foods,21.7,572.5,31768,2025-05-19,VRL Logistics
SHP08114,Bangalore,Hyderabad,Medium,Textiles,13.1,568.8,19423,2025-05-19,Western Carriers
SHP08115,Mumbai,Delhi,Long,Automobile Parts,12.6,1416.3,38321,2025-05-19,Shivam Freight Co
SHP08116,Delhi,Kolkata,Long,Electronics,17.6,1507.9,55013,2025-05-19,SafeExpress
SHP08117,Delhi,Kolkata,Long,Chemicals,16.8,1512.1,52532,2025-05-19,SafeExpress
SHP08118,Delhi,Kolkata,Long,Automobile Parts,24.9,1508.5,79128,2025-05-19,Western Carriers
SHP08119,Mumbai,Pune,Short,Steel Coils,10.1,150.1,4910,2025-05-20,TCI Freight
SHP08120,Mumbai,Pune,Short,Chemicals,17.2,146.7,7970,2025-05-20,TCI Freight
SHP08121,Mumbai,Pune,Short,Chemicals,16.7,151.4,8168,2025-05-20,Western Carriers
SHP08122,Delhi,Jaipur,Short,FMCG,24.1,280.5,21607,2025-05-20,TCI Freight
SHP08123,Delhi,Jaipur,Short,FMCG,24.5,283.1,21992,2025-05-20,SafeExpress
SHP08124,Delhi,Jaipur,Short,Chemicals,17.8,281.2,15545,2025-05-20,VRL Logistics
SHP08125,Chennai,Bangalore,Short,Electronics,21.6,348.0,21679,2025-05-20,Om Sai Transport
SHP08126,Chennai,Bangalore,Short,Automobile Parts,24.5,347.9,24175,2025-05-20,Om Sai Transport
SHP08127,Ahmedabad,Mumbai,Medium,Automobile Parts,22.9,529.3,31188,2025-05-20,Western Carriers
SHP08128,Ahmedabad,Mumbai,Medium,Packaged Foods,21.7,532.7,29833,2025-05-20,Western Carriers
SHP08129,Ahmedabad,Mumbai,Medium,Chemicals,18.3,529.1,24893,2025-05-20,VRL Logistics
SHP08130,Kolkata,Bhubaneswar,Medium,FMCG,14.2,444.0,16921,2025-05-20,Om Sai Transport
SHP08131,Bangalore,Hyderabad,Medium,FMCG,16.6,568.0,24544,2025-05-20,Om Sai Transport
SHP08132,Mumbai,Delhi,Long,Automobile Parts,16.3,1417.6,48475,2025-05-20,VRL Logistics
SHP08133,Mumbai,Delhi,Long,Automobile Parts,16.0,1420.0,47527,2025-05-20,TCI Freight
SHP08134,Mumbai,Delhi,Long,Automobile Parts,18.3,1421.2,55481,2025-05-20,Om Sai Transport
SHP08135,Delhi,Kolkata,Long,Electronics,16.9,1512.4,54911,2025-05-20,SafeExpress
SHP08136,Mumbai,Pune,Short,Packaged Foods,19.8,150.9,9691,2025-05-21,Western Carriers
SHP08137,Delhi,Jaipur,Short,FMCG,18.7,280.6,16119,2025-05-21,SafeExpress
SHP08138,Delhi,Jaipur,Short,Textiles,20.5,278.3,17643,2025-05-21,Western Carriers
SHP08139,Delhi,Jaipur,Short,Electronics,23.3,277.8,19867,2025-05-21,Om Sai Transport
SHP08140,Chennai,Bangalore,Short,Packaged Foods,22.5,351.9,23232,2025-05-21,TCI Freight
SHP08141,Chennai,Bangalore,Short,Automobile Parts,13.3,348.2,13624,2025-05-21,Western Carriers
SHP08142,Ahmedabad,Mumbai,Medium,Textiles,12.1,528.9,16689,2025-05-21,TCI Freight
SHP08143,Ahmedabad,Mumbai,Medium,FMCG,11.1,527.9,15502,2025-05-21,TCI Freight
SHP08144,Ahmedabad,Mumbai,Medium,Chemicals,12.9,533.3,17713,2025-05-21,TCI Freight
SHP08145,Kolkata,Bhubaneswar,Medium,Textiles,23.3,442.1,27785,2025-05-21,Om Sai Transport
SHP08146,Bangalore,Hyderabad,Medium,Automobile Parts,15.3,566.0,22044,2025-05-21,Western Carriers
SHP08147,Bangalore,Hyderabad,Medium,Chemicals,11.8,566.5,16769,2025-05-21,Om Sai Transport
SHP08148,Mumbai,Delhi,Long,FMCG,23.7,1420.4,74856,2025-05-21,Shivam Freight Co
SHP08149,Mumbai,Delhi,Long,Automobile Parts,24.4,1421.8,75701,2025-05-21,Om Sai Transport
SHP08150,Mumbai,Delhi,Long,FMCG,18.8,1422.1,57320,2025-05-21,TCI Freight
SHP08151,Delhi,Kolkata,Long,Packaged Foods,14.6,1513.7,48141,2025-05-21,Western Carriers
SHP08152,Delhi,Kolkata,Long,Packaged Foods,19.2,1507.3,63877,2025-05-21,TCI Freight
SHP08153,Delhi,Kolkata,Long,Packaged Foods,14.8,1511.8,49457,2025-05-21,TCI Freight
SHP08154,Mumbai,Pune,Short,Packaged Foods,18.9,150.9,9176,2025-05-22,SafeExpress
SHP08155,Delhi,Jaipur,Short,Packaged Foods,19.4,280.0,17117,2025-05-22,Om Sai Transport
SHP08156,Delhi,Jaipur,Short,Automobile Parts,14.6,277.0,12723,2025-05-22,VRL Logistics
SHP08157,Delhi,Jaipur,Short,Packaged Foods,12.7,280.7,11550,2025-05-22,SafeExpress
SHP08158,Chennai,Bangalore,Short,Steel Coils,17.1,348.9,17282,2025-05-22,Western Carriers
SHP08159,Chennai,Bangalore,Short,Electronics,11.1,347.2,10935,2025-05-22,SafeExpress
SHP08160,Ahmedabad,Mumbai,Medium,Textiles,15.9,532.3,22521,2025-05-22,VRL Logistics
SHP08161,Kolkata,Bhubaneswar,Medium,Packaged Foods,21.4,441.7,25357,2025-05-22,Shivam Freight Co
SHP08162,Kolkata,Bhubaneswar,Medium,Automobile Parts,10.1,440.6,11556,2025-05-22,SafeExpress
SHP08163,Kolkata,Bhubaneswar,Medium,Electronics,16.1,442.6,19218,2025-05-22,Shivam Freight Co
SHP08164,Bangalore,Hyderabad,Medium,FMCG,16.6,573.9,24363,2025-05-22,Western Carriers
SHP08165,Mumbai,Delhi,Long,Chemicals,15.6,1421.5,47202,2025-05-22,Shivam Freight Co
SHP08166,Mumbai,Delhi,Long,Electronics,14.4,1420.1,43122,2025-05-22,SafeExpress
SHP08167,Delhi,Kolkata,Long,Textiles,15.0,1508.6,49542,2025-05-22,SafeExpress
SHP08168,Delhi,Kolkata,Long,FMCG,15.8,1512.3,51068,2025-05-22,Om Sai Transport
SHP08169,Mumbai,Pune,Short,FMCG,23.1,147.6,10812,2025-05-23,Western Carriers
SHP08170,Mumbai,Pune,Short,Chemicals,20.6,148.5,9858,2025-05-23,SafeExpress
SHP08171,Delhi,Jaipur,Short,FMCG,21.7,280.4,19225,2025-05-23,Western Carriers
SHP08172,Chennai,Bangalore,Short,Packaged Foods,17.8,352.1,17540,2025-05-23,VRL Logistics
SHP08173,Chennai,Bangalore,Short,Textiles,12.9,351.1,13164,2025-05-23,TCI Freight
SHP08174,Ahmedabad,Mumbai,Medium,Chemicals,22.0,526.8,29873,2025-05-23,Om Sai Transport
SHP08175,Ahmedabad,Mumbai,Medium,Steel Coils,19.2,532.9,26877,2025-05-23,Western Carriers
SHP08176,Kolkata,Bhubaneswar,Medium,Textiles,10.3,437.7,12182,2025-05-23,VRL Logistics
SHP08177,Kolkata,Bhubaneswar,Medium,Packaged Foods,24.1,437.7,28549,2025-05-23,Om Sai Transport
SHP08178,Kolkata,Bhubaneswar,Medium,FMCG,22.7,438.2,26533,2025-05-23,SafeExpress
SHP08179,Bangalore,Hyderabad,Medium,Automobile Parts,10.6,566.2,15167,2025-05-23,SafeExpress
SHP08180,Bangalore,Hyderabad,Medium,Steel Coils,22.8,572.3,33472,2025-05-23,Om Sai Transport
SHP08181,Bangalore,Hyderabad,Medium,Textiles,19.6,566.5,28919,2025-05-23,SafeExpress
SHP08182,Mumbai,Delhi,Long,Packaged Foods,11.1,1419.5,35196,2025-05-23,Shivam Freight Co
SHP08183,Delhi,Kolkata,Long,Automobile Parts,16.8,1509.2,54062,2025-05-23,TCI Freight
SHP08184,Mumbai,Pune,Short,Electronics,19.7,151.3,9495,2025-05-24,Om Sai Transport
SHP08185,Mumbai,Pune,Short,Automobile Parts,19.0,148.2,8877,2025-05-24,Shivam Freight Co
SHP08186,Mumbai,Pune,Short,Automobile Parts,17.1,150.7,8075,2025-05-24,TCI Freight
SHP08187,Delhi,Jaipur,Short,Electronics,19.1,276.2,16834,2025-05-24,Shivam Freight Co
SHP08188,Chennai,Bangalore,Short,Textiles,23.3,351.6,24234,2025-05-24,Om Sai Transport
SHP08189,Chennai,Bangalore,Short,FMCG,21.1,350.5,21754,2025-05-24,TCI Freight
SHP08190,Chennai,Bangalore,Short,Steel Coils,18.6,349.6,19762,2025-05-24,Western Carriers
SHP08191,Ahmedabad,Mumbai,Medium,Chemicals,18.2,528.2,24735,2025-05-24,TCI Freight
SHP08192,Ahmedabad,Mumbai,Medium,Chemicals,15.9,533.9,22233,2025-05-24,SafeExpress
SHP08193,Kolkata,Bhubaneswar,Medium,Packaged Foods,11.2,440.5,13325,2025-05-24,TCI Freight
SHP08194,Bangalore,Hyderabad,Medium,Textiles,21.2,570.7,31612,2025-05-24,TCI Freight
SHP08195,Bangalore,Hyderabad,Medium,Automobile Parts,14.2,566.4,20511,2025-05-24,VRL Logistics
SHP08196,Mumbai,Delhi,Long,Electronics,15.4,1419.6,46238,2025-05-24,Om Sai Transport
SHP08197,Delhi,Kolkata,Long,FMCG,19.0,1506.5,60015,2025-05-24,Western Carriers
SHP08198,Delhi,Kolkata,Long,Automobile Parts,17.1,1507.3,55466,2025-05-24,VRL Logistics
SHP08199,Mumbai,Pune,Short,FMCG,11.9,148.0,5696,2025-05-25,Shivam Freight Co
SHP08200,Mumbai,Pune,Short,Packaged Foods,18.2,147.9,8962,2025-05-25,Om Sai Transport
SHP08201,Mumbai,Pune,Short,Electronics,17.8,148.5,8668,2025-05-25,Shivam Freight Co
SHP08202,Delhi,Jaipur,Short,Automobile Parts,19.7,280.5,17476,2025-05-25,SafeExpress
SHP08203,Chennai,Bangalore,Short,Electronics,10.4,349.8,10177,2025-05-25,Western Carriers
SHP08204,Chennai,Bangalore,Short,Steel Coils,22.6,351.0,22560,2025-05-25,VRL Logistics
SHP08205,Chennai,Bangalore,Short,Automobile Parts,24.2,349.1,24253,2025-05-25,Western Carriers
SHP08206,Ahmedabad,Mumbai,Medium,Automobile Parts,22.2,532.5,30664,2025-05-25,SafeExpress
SHP08207,Ahmedabad,Mumbai,Medium,Electronics,16.0,526.5,22130,2025-05-25,SafeExpress
SHP08208,Ahmedabad,Mumbai,Medium,Automobile Parts,22.8,531.9,31865,2025-05-25,Om Sai Transport
SHP08209,Kolkata,Bhubaneswar,Medium,Packaged Foods,21.9,439.1,25515,2025-05-25,Om Sai Transport
SHP08210,Kolkata,Bhubaneswar,Medium,Electronics,22.0,437.1,25526,2025-05-25,TCI Freight
SHP08211,Kolkata,Bhubaneswar,Medium,Automobile Parts,14.5,440.1,17269,2025-05-25,SafeExpress
SHP08212,Bangalore,Hyderabad,Medium,Steel Coils,16.8,570.5,24467,2025-05-25,SafeExpress
SHP08213,Bangalore,Hyderabad,Medium,FMCG,24.5,568.4,35585,2025-05-25,VRL Logistics
SHP08214,Mumbai,Delhi,Long,Automobile Parts,11.5,1418.7,35818,2025-05-25,SafeExpress
SHP08215,Mumbai,Delhi,Long,FMCG,23.6,1417.4,75059,2025-05-25,Shivam Freight Co
SHP08216,Mumbai,Delhi,Long,Textiles,23.0,1421.6,73261,2025-05-25,TCI Freight
SHP08217,Delhi,Kolkata,Long,FMCG,21.8,1513.3,68851,2025-05-25,Shivam Freight Co
SHP08218,Mumbai,Pune,Short,Chemicals,14.3,148.6,6663,2025-05-26,SafeExpress
SHP08219,Mumbai,Pune,Short,Packaged Foods,19.0,151.0,8882,2025-05-26,TCI Freight
SHP08220,Delhi,Jaipur,Short,FMCG,21.8,277.5,18426,2025-05-26,VRL Logistics
SHP08221,Chennai,Bangalore,Short,Automobile Parts,11.8,353.1,11724,2025-05-26,VRL Logistics
SHP08222,Chennai,Bangalore,Short,Automobile Parts,14.0,350.1,14063,2025-05-26,SafeExpress
SHP08223,Ahmedabad,Mumbai,Medium,Electronics,12.6,531.2,17364,2025-05-26,TCI Freight
SHP08224,Kolkata,Bhubaneswar,Medium,Automobile Parts,13.4,442.4,16135,2025-05-26,TCI Freight
SHP08225,Bangalore,Hyderabad,Medium,Textiles,18.3,566.2,25823,2025-05-26,SafeExpress
SHP08226,Mumbai,Delhi,Long,Steel Coils,23.0,1416.7,70991,2025-05-26,TCI Freight
SHP08227,Mumbai,Delhi,Long,Packaged Foods,23.7,1422.7,73619,2025-05-26,Western Carriers
SHP08228,Delhi,Kolkata,Long,Electronics,11.2,1506.1,35313,2025-05-26,Western Carriers
SHP08229,Mumbai,Pune,Short,Textiles,20.0,153.1,10034,2025-05-27,Om Sai Transport
SHP08230,Mumbai,Pune,Short,Electronics,19.5,147.7,9359,2025-05-27,VRL Logistics
SHP08231,Delhi,Jaipur,Short,Steel Coils,22.3,276.5,19271,2025-05-27,TCI Freight
SHP08232,Delhi,Jaipur,Short,Steel Coils,24.7,278.2,21183,2025-05-27,SafeExpress
SHP08233,Delhi,Jaipur,Short,Chemicals,20.1,278.1,16970,2025-05-27,TCI Freight
SHP08234,Chennai,Bangalore,Short,Textiles,23.5,353.9,24028,2025-05-27,Western Carriers
SHP08235,Chennai,Bangalore,Short,FMCG,15.0,347.7,15128,2025-05-27,Western Carriers
SHP08236,Chennai,Bangalore,Short,FMCG,12.7,348.1,13040,2025-05-27,SafeExpress
SHP08237,Ahmedabad,Mumbai,Medium,Packaged Foods,16.3,531.3,22232,2025-05-27,SafeExpress
SHP08238,Ahmedabad,Mumbai,Medium,Steel Coils,17.7,531.5,24234,2025-05-27,TCI Freight
SHP08239,Ahmedabad,Mumbai,Medium,FMCG,20.7,528.3,28126,2025-05-27,Shivam Freight Co
SHP08240,Kolkata,Bhubaneswar,Medium,Packaged Foods,16.9,442.2,19341,2025-05-27,TCI Freight
SHP08241,Kolkata,Bhubaneswar,Medium,Chemicals,14.8,443.0,17037,2025-05-27,Om Sai Transport
SHP08242,Bangalore,Hyderabad,Medium,Textiles,20.1,572.1,29317,2025-05-27,SafeExpress
SHP08243,Mumbai,Delhi,Long,Electronics,16.0,1417.0,48907,2025-05-27,Western Carriers
SHP08244,Delhi,Kolkata,Long,Chemicals,21.7,1511.0,68821,2025-05-27,SafeExpress
SHP08245,Mumbai,Pune,Short,Packaged Foods,13.6,147.2,6140,2025-05-28,VRL Logistics
SHP08246,Mumbai,Pune,Short,FMCG,15.7,150.3,7304,2025-05-28,TCI Freight
SHP08247,Delhi,Jaipur,Short,Electronics,21.4,283.1,19284,2025-05-28,VRL Logistics
SHP08248,Delhi,Jaipur,Short,Steel Coils,10.3,278.0,9128,2025-05-28,Western Carriers
SHP08249,Chennai,Bangalore,Short,Automobile Parts,24.0,350.6,24431,2025-05-28,TCI Freight
SHP08250,Ahmedabad,Mumbai,Medium,Packaged Foods,15.1,533.0,20637,2025-05-28,Shivam Freight Co
SHP08251,Kolkata,Bhubaneswar,Medium,Steel Coils,21.5,441.1,24474,2025-05-28,Western Carriers
SHP08252,Kolkata,Bhubaneswar,Medium,Textiles,23.2,441.0,26331,2025-05-28,Western Carriers
SHP08253,Bangalore,Hyderabad,Medium,Automobile Parts,15.2,568.9,22204,2025-05-28,Om Sai Transport
SHP08254,Bangalore,Hyderabad,Medium,Automobile Parts,14.5,573.1,20976,2025-05-28,VRL Logistics
SHP08255,Bangalore,Hyderabad,Medium,FMCG,16.6,571.9,24150,2025-05-28,Om Sai Transport
SHP08256,Mumbai,Delhi,Long,Chemicals,14.3,1420.6,43619,2025-05-28,Western Carriers
SHP08257,Mumbai,Delhi,Long,Textiles,24.6,1418.8,76262,2025-05-28,SafeExpress
SHP08258,Mumbai,Delhi,Long,Chemicals,18.0,1420.4,55154,2025-05-28,Shivam Freight Co
SHP08259,Delhi,Kolkata,Long,Chemicals,12.7,1508.7,41637,2025-05-28,Om Sai Transport
SHP08260,Delhi,Kolkata,Long,FMCG,17.8,1510.8,56465,2025-05-28,Shivam Freight Co
SHP08261,Delhi,Kolkata,Long,Electronics,18.4,1510.5,60265,2025-05-28,Western Carriers
SHP08262,Mumbai,Pune,Short,Electronics,16.1,150.2,7819,2025-05-29,Western Carriers
SHP08263,Mumbai,Pune,Short,FMCG,16.8,146.1,7779,2025-05-29,SafeExpress
SHP08264,Mumbai,Pune,Short,Electronics,14.8,147.3,7036,2025-05-29,SafeExpress
SHP08265,Delhi,Jaipur,Short,FMCG,16.7,283.3,14631,2025-05-29,Western Carriers
SHP08266,Chennai,Bangalore,Short,Chemicals,22.3,350.2,22368,2025-05-29,TCI Freight
SHP08267,Chennai,Bangalore,Short,Textiles,20.0,353.0,20205,2025-05-29,Western Carriers
SHP08268,Ahmedabad,Mumbai,Medium,Packaged Foods,21.9,528.0,30825,2025-05-29,SafeExpress
SHP08269,Kolkata,Bhubaneswar,Medium,Chemicals,19.5,440.6,23693,2025-05-29,VRL Logistics
SHP08270,Bangalore,Hyderabad,Medium,Electronics,12.5,567.5,17773,2025-05-29,VRL Logistics
SHP08271,Bangalore,Hyderabad,Medium,Automobile Parts,21.7,572.6,30959,2025-05-29,Om Sai Transport
SHP08272,Mumbai,Delhi,Long,Electronics,23.6,1419.9,73823,2025-05-29,Western Carriers
SHP08273,Mumbai,Delhi,Long,Steel Coils,11.0,1416.0,33503,2025-05-29,SafeExpress
SHP08274,Mumbai,Delhi,Long,Electronics,12.7,1419.9,39772,2025-05-29,Shivam Freight Co
SHP08275,Delhi,Kolkata,Long,Automobile Parts,13.8,1512.4,44163,2025-05-29,Shivam Freight Co
SHP08276,Delhi,Kolkata,Long,Electronics,21.6,1513.8,69939,2025-05-29,SafeExpress
SHP08277,Delhi,Kolkata,Long,Electronics,11.0,1508.2,34968,2025-05-29,TCI Freight
SHP08278,Mumbai,Pune,Short,Electronics,16.3,149.5,7515,2025-05-30,Western Carriers
SHP08279,Delhi,Jaipur,Short,FMCG,20.3,276.9,17375,2025-05-30,Om Sai Transport
SHP08280,Chennai,Bangalore,Short,Chemicals,15.8,346.6,15606,2025-05-30,Om Sai Transport
SHP08281,Ahmedabad,Mumbai,Medium,FMCG,18.5,527.3,24422,2025-05-30,SafeExpress
SHP08282,Ahmedabad,Mumbai,Medium,Automobile Parts,22.1,528.4,29636,2025-05-30,Western Carriers
SHP08283,Kolkata,Bhubaneswar,Medium,Textiles,18.2,443.6,21220,2025-05-30,Om Sai Transport
SHP08284,Bangalore,Hyderabad,Medium,Steel Coils,16.0,567.9,22856,2025-05-30,VRL Logistics
SHP08285,Bangalore,Hyderabad,Medium,Automobile Parts,21.1,569.1,31241,2025-05-30,Shivam Freight Co
SHP08286,Bangalore,Hyderabad,Medium,Automobile Parts,10.7,566.3,15398,2025-05-30,SafeExpress
SHP08287,Mumbai,Delhi,Long,Chemicals,16.8,1419.9,53251,2025-05-30,Om Sai Transport
SHP08288,Delhi,Kolkata,Long,FMCG,10.6,1510.3,33064,2025-05-30,TCI Freight
SHP08289,Mumbai,Pune,Short,Chemicals,19.3,148.1,9002,2025-05-31,Western Carriers
SHP08290,Mumbai,Pune,Short,Packaged Foods,11.6,146.4,5170,2025-05-31,Western Carriers
SHP08291,Mumbai,Pune,Short,FMCG,15.9,148.8,7311,2025-05-31,Western Carriers
SHP08292,Delhi,Jaipur,Short,Automobile Parts,15.6,280.3,13758,2025-05-31,TCI Freight
SHP08293,Delhi,Jaipur,Short,Automobile Parts,13.4,276.2,11633,2025-05-31,Western Carriers
SHP08294,Chennai,Bangalore,Short,Textiles,18.8,348.6,19236,2025-05-31,SafeExpress
SHP08295,Chennai,Bangalore,Short,Packaged Foods,24.7,353.5,25735,2025-05-31,TCI Freight
SHP08296,Chennai,Bangalore,Short,Electronics,20.7,352.1,21270,2025-05-31,Om Sai Transport
SHP08297,Ahmedabad,Mumbai,Medium,Textiles,18.1,530.2,25621,2025-05-31,Om Sai Transport
SHP08298,Ahmedabad,Mumbai,Medium,Textiles,10.6,527.7,14434,2025-05-31,Om Sai Transport
SHP08299,Kolkata,Bhubaneswar,Medium,Packaged Foods,19.2,436.2,21848,2025-05-31,SafeExpress
SHP08300,Bangalore,Hyderabad,Medium,Textiles,15.9,566.2,23606,2025-05-31,VRL Logistics
SHP08301,Mumbai,Delhi,Long,FMCG,20.6,1417.6,62893,2025-05-31,VRL Logistics
SHP08302,Mumbai,Delhi,Long,Chemicals,11.3,1422.3,34350,2025-05-31,Om Sai Transport
SHP08303,Delhi,Kolkata,Long,Electronics,22.3,1509.8,71643,2025-05-31,Om Sai Transport
SHP08304,Mumbai,Pune,Short,Steel Coils,11.3,150.1,5321,2025-06-01,SafeExpress
SHP08305,Mumbai,Pune,Short,Chemicals,20.3,153.7,9812,2025-06-01,Shivam Freight Co
SHP08306,Delhi,Jaipur,Short,FMCG,18.3,283.3,16783,2025-06-01,Western Carriers
SHP08307,Delhi,Jaipur,Short,Chemicals,10.2,283.9,9343,2025-06-01,Western Carriers
SHP08308,Delhi,Jaipur,Short,FMCG,20.4,279.4,17824,2025-06-01,VRL Logistics
SHP08309,Chennai,Bangalore,Short,Textiles,23.2,348.4,23150,2025-06-01,Western Carriers
SHP08310,Chennai,Bangalore,Short,Packaged Foods,17.0,352.6,17464,2025-06-01,Shivam Freight Co
SHP08311,Ahmedabad,Mumbai,Medium,Chemicals,17.7,531.6,23451,2025-06-01,Shivam Freight Co
SHP08312,Kolkata,Bhubaneswar,Medium,Steel Coils,25.0,443.0,30603,2025-06-01,VRL Logistics
SHP08313,Kolkata,Bhubaneswar,Medium,Automobile Parts,15.0,437.0,18136,2025-06-01,Om Sai Transport
SHP08314,Kolkata,Bhubaneswar,Medium,Automobile Parts,16.8,442.6,19877,2025-06-01,Shivam Freight Co
SHP08315,Bangalore,Hyderabad,Medium,Electronics,19.7,569.3,28971,2025-06-01,VRL Logistics
SHP08316,Bangalore,Hyderabad,Medium,FMCG,17.1,566.8,24998,2025-06-01,TCI Freight
SHP08317,Bangalore,Hyderabad,Medium,Steel Coils,16.4,572.7,24551,2025-06-01,Western Carriers
SHP08318,Mumbai,Delhi,Long,Automobile Parts,14.8,1418.7,45438,2025-06-01,TCI Freight
SHP08319,Delhi,Kolkata,Long,FMCG,17.4,1511.1,55964,2025-06-01,Om Sai Transport
SHP08320,Delhi,Kolkata,Long,Electronics,18.6,1511.4,58892,2025-06-01,SafeExpress
SHP08321,Delhi,Kolkata,Long,Electronics,20.9,1506.3,68326,2025-06-01,Om Sai Transport
SHP08322,Mumbai,Pune,Short,Packaged Foods,11.5,152.6,5670,2025-06-02,TCI Freight
SHP08323,Mumbai,Pune,Short,Automobile Parts,19.7,148.8,9239,2025-06-02,Western Carriers
SHP08324,Mumbai,Pune,Short,Packaged Foods,15.3,152.5,7634,2025-06-02,TCI Freight
SHP08325,Delhi,Jaipur,Short,Steel Coils,19.5,281.8,17098,2025-06-02,Shivam Freight Co
SHP08326,Delhi,Jaipur,Short,Textiles,17.3,281.2,15301,2025-06-02,Western Carriers
SHP08327,Chennai,Bangalore,Short,Chemicals,15.4,351.6,16160,2025-06-02,Western Carriers
SHP08328,Ahmedabad,Mumbai,Medium,Chemicals,13.4,531.0,18539,2025-06-02,VRL Logistics
SHP08329,Ahmedabad,Mumbai,Medium,Electronics,11.9,526.7,16300,2025-06-02,TCI Freight
SHP08330,Ahmedabad,Mumbai,Medium,Automobile Parts,23.6,531.5,32643,2025-06-02,Om Sai Transport
SHP08331,Kolkata,Bhubaneswar,Medium,Automobile Parts,20.8,436.7,24357,2025-06-02,Shivam Freight Co
SHP08332,Kolkata,Bhubaneswar,Medium,Chemicals,21.9,441.3,25364,2025-06-02,TCI Freight
SHP08333,Kolkata,Bhubaneswar,Medium,Steel Coils,24.1,436.5,28107,2025-06-02,VRL Logistics
SHP08334,Bangalore,Hyderabad,Medium,Automobile Parts,13.1,572.5,19349,2025-06-02,TCI Freight
SHP08335,Bangalore,Hyderabad,Medium,Automobile Parts,24.9,566.5,36794,2025-06-02,TCI Freight
SHP08336,Mumbai,Delhi,Long,Textiles,12.2,1418.3,38484,2025-06-02,Shivam Freight Co
SHP08337,Delhi,Kolkata,Long,Electronics,11.4,1509.1,36947,2025-06-02,VRL Logistics
SHP08338,Delhi,Kolkata,Long,Textiles,19.3,1507.9,61875,2025-06-02,Om Sai Transport
SHP08339,Mumbai,Pune,Short,Chemicals,17.9,147.1,8499,2025-06-03,SafeExpress
SHP08340,Delhi,Jaipur,Short,Packaged Foods,12.6,283.6,11025,2025-06-03,SafeExpress
SHP08341,Delhi,Jaipur,Short,Chemicals,18.4,281.4,15811,2025-06-03,VRL Logistics
SHP08342,Delhi,Jaipur,Short,Steel Coils,17.9,278.8,14975,2025-06-03,SafeExpress
SHP08343,Chennai,Bangalore,Short,Chemicals,22.9,347.8,22896,2025-06-03,Shivam Freight Co
SHP08344,Ahmedabad,Mumbai,Medium,Textiles,15.9,533.3,21477,2025-06-03,Shivam Freight Co
SHP08345,Ahmedabad,Mumbai,Medium,FMCG,11.6,528.0,15538,2025-06-03,Western Carriers
SHP08346,Ahmedabad,Mumbai,Medium,Textiles,23.8,528.0,31911,2025-06-03,Western Carriers
SHP08347,Kolkata,Bhubaneswar,Medium,FMCG,22.7,438.4,25795,2025-06-03,VRL Logistics
SHP08348,Bangalore,Hyderabad,Medium,Packaged Foods,12.7,569.3,18834,2025-06-03,SafeExpress
SHP08349,Mumbai,Delhi,Long,Textiles,12.2,1421.5,36919,2025-06-03,VRL Logistics
SHP08350,Mumbai,Delhi,Long,Textiles,10.4,1421.1,31555,2025-06-03,Shivam Freight Co
SHP08351,Delhi,Kolkata,Long,Electronics,16.6,1512.4,53995,2025-06-03,TCI Freight
SHP08352,Delhi,Kolkata,Long,Chemicals,17.3,1513.6,55728,2025-06-03,SafeExpress
SHP08353,Mumbai,Pune,Short,Automobile Parts,20.0,147.8,9266,2025-06-04,SafeExpress
SHP08354,Delhi,Jaipur,Short,Chemicals,12.9,282.2,11139,2025-06-04,Om Sai Transport
SHP08355,Delhi,Jaipur,Short,Textiles,23.1,281.1,19489,2025-06-04,VRL Logistics
SHP08356,Delhi,Jaipur,Short,Chemicals,22.4,277.0,19134,2025-06-04,TCI Freight
SHP08357,Chennai,Bangalore,Short,Textiles,23.2,351.3,23530,2025-06-04,Shivam Freight Co
SHP08358,Ahmedabad,Mumbai,Medium,Textiles,14.7,532.6,19998,2025-06-04,Shivam Freight Co
SHP08359,Ahmedabad,Mumbai,Medium,Packaged Foods,21.5,526.8,29576,2025-06-04,Western Carriers
SHP08360,Ahmedabad,Mumbai,Medium,Steel Coils,20.1,526.8,27438,2025-06-04,TCI Freight
SHP08361,Kolkata,Bhubaneswar,Medium,Chemicals,19.4,443.1,23263,2025-06-04,Western Carriers
SHP08362,Kolkata,Bhubaneswar,Medium,Textiles,22.1,437.9,25871,2025-06-04,TCI Freight
SHP08363,Kolkata,Bhubaneswar,Medium,Steel Coils,20.7,443.9,24715,2025-06-04,SafeExpress
SHP08364,Bangalore,Hyderabad,Medium,Textiles,24.7,573.1,36244,2025-06-04,SafeExpress
SHP08365,Mumbai,Delhi,Long,Chemicals,22.5,1417.6,68502,2025-06-04,Shivam Freight Co
SHP08366,Mumbai,Delhi,Long,Textiles,14.2,1421.4,44203,2025-06-04,Shivam Freight Co
SHP08367,Delhi,Kolkata,Long,FMCG,10.4,1511.3,34511,2025-06-04,TCI Freight
SHP08368,Mumbai,Pune,Short,Textiles,19.5,147.3,9316,2025-06-05,Shivam Freight Co
SHP08369,Delhi,Jaipur,Short,Electronics,21.2,278.6,18232,2025-06-05,TCI Freight
SHP08370,Delhi,Jaipur,Short,FMCG,16.3,278.0,14152,2025-06-05,SafeExpress
SHP08371,Chennai,Bangalore,Short,Steel Coils,11.9,349.6,11986,2025-06-05,Om Sai Transport
SHP08372,Chennai,Bangalore,Short,Automobile Parts,15.8,350.4,16214,2025-06-05,Shivam Freight Co
SHP08373,Chennai,Bangalore,Short,Chemicals,18.3,353.9,18925,2025-06-05,Shivam Freight Co
SHP08374,Ahmedabad,Mumbai,Medium,Packaged Foods,21.5,532.9,30053,2025-06-05,Western Carriers
SHP08375,Kolkata,Bhubaneswar,Medium,Chemicals,12.9,438.7,14805,2025-06-05,SafeExpress
SHP08376,Bangalore,Hyderabad,Medium,FMCG,12.4,569.8,18511,2025-06-05,Western Carriers
SHP08377,Bangalore,Hyderabad,Medium,Packaged Foods,23.6,567.2,35451,2025-06-05,SafeExpress
SHP08378,Bangalore,Hyderabad,Medium,FMCG,24.8,566.6,36548,2025-06-05,SafeExpress
SHP08379,Mumbai,Delhi,Long,Automobile Parts,13.1,1423.5,41023,2025-06-05,SafeExpress
SHP08380,Delhi,Kolkata,Long,FMCG,15.5,1507.3,49902,2025-06-05,Western Carriers
SHP08381,Delhi,Kolkata,Long,Automobile Parts,18.7,1506.5,61377,2025-06-05,Shivam Freight Co
SHP08382,Mumbai,Pune,Short,Electronics,16.8,153.2,8219,2025-06-06,Om Sai Transport
SHP08383,Mumbai,Pune,Short,FMCG,20.4,152.7,10018,2025-06-06,Om Sai Transport
SHP08384,Mumbai,Pune,Short,FMCG,16.1,151.3,7842,2025-06-06,Om Sai Transport
SHP08385,Delhi,Jaipur,Short,FMCG,15.9,281.6,13880,2025-06-06,Western Carriers
SHP08386,Chennai,Bangalore,Short,Chemicals,14.0,351.2,14489,2025-06-06,Shivam Freight Co
SHP08387,Chennai,Bangalore,Short,Steel Coils,12.1,346.4,12576,2025-06-06,Om Sai Transport
SHP08388,Ahmedabad,Mumbai,Medium,Chemicals,16.8,530.0,23368,2025-06-06,Western Carriers
SHP08389,Ahmedabad,Mumbai,Medium,Chemicals,16.0,527.8,21509,2025-06-06,TCI Freight
SHP08390,Ahmedabad,Mumbai,Medium,Packaged Foods,16.5,526.8,22540,2025-06-06,VRL Logistics
SHP08391,Kolkata,Bhubaneswar,Medium,Steel Coils,13.1,439.9,15236,2025-06-06,TCI Freight
SHP08392,Kolkata,Bhubaneswar,Medium,Electronics,14.1,439.3,16304,2025-06-06,Shivam Freight Co
SHP08393,Kolkata,Bhubaneswar,Medium,Chemicals,23.1,443.8,27278,2025-06-06,VRL Logistics
SHP08394,Bangalore,Hyderabad,Medium,Packaged Foods,19.4,570.5,27085,2025-06-06,Om Sai Transport
SHP08395,Bangalore,Hyderabad,Medium,Electronics,21.7,569.7,30685,2025-06-06,Western Carriers
SHP08396,Mumbai,Delhi,Long,FMCG,13.9,1418.6,43380,2025-06-06,Shivam Freight Co
SHP08397,Mumbai,Delhi,Long,Electronics,19.2,1420.5,58994,2025-06-06,Om Sai Transport
SHP08398,Delhi,Kolkata,Long,Textiles,14.5,1512.3,46967,2025-06-06,TCI Freight
SHP08399,Delhi,Kolkata,Long,Steel Coils,22.6,1508.1,72531,2025-06-06,SafeExpress
SHP08400,Mumbai,Pune,Short,Packaged Foods,15.2,153.8,7313,2025-06-07,SafeExpress
SHP08401,Mumbai,Pune,Short,Chemicals,24.8,151.3,11872,2025-06-07,Western Carriers
SHP08402,Mumbai,Pune,Short,Packaged Foods,15.3,151.3,7317,2025-06-07,TCI Freight
SHP08403,Delhi,Jaipur,Short,Textiles,24.5,282.9,22308,2025-06-07,SafeExpress
SHP08404,Delhi,Jaipur,Short,Steel Coils,12.2,278.6,11048,2025-06-07,VRL Logistics
SHP08405,Chennai,Bangalore,Short,Packaged Foods,23.1,352.1,23426,2025-06-07,Western Carriers
SHP08406,Chennai,Bangalore,Short,Electronics,14.0,351.5,14399,2025-06-07,Shivam Freight Co
SHP08407,Chennai,Bangalore,Short,Packaged Foods,15.1,346.0,15188,2025-06-07,Om Sai Transport
SHP08408,Ahmedabad,Mumbai,Medium,Chemicals,14.1,532.9,19575,2025-06-07,Western Carriers
SHP08409,Ahmedabad,Mumbai,Medium,Packaged Foods,14.3,533.8,20125,2025-06-07,Shivam Freight Co
SHP08410,Kolkata,Bhubaneswar,Medium,Electronics,20.4,436.9,23033,2025-06-07,SafeExpress
SHP08411,Kolkata,Bhubaneswar,Medium,Automobile Parts,14.6,443.2,16639,2025-06-07,Shivam Freight Co
SHP08412,Bangalore,Hyderabad,Medium,Steel Coils,17.1,572.5,25061,2025-06-07,VRL Logistics
SHP08413,Bangalore,Hyderabad,Medium,Steel Coils,17.3,570.3,25230,2025-06-07,Shivam Freight Co
SHP08414,Mumbai,Delhi,Long,Chemicals,16.6,1417.7,52779,2025-06-07,Shivam Freight Co
SHP08415,Mumbai,Delhi,Long,Packaged Foods,11.4,1423.6,36563,2025-06-07,Shivam Freight Co
SHP08416,Mumbai,Delhi,Long,Electronics,22.4,1421.7,70231,2025-06-07,SafeExpress
SHP08417,Delhi,Kolkata,Long,FMCG,10.2,1506.6,31920,2025-06-07,Om Sai Transport
SHP08418,Delhi,Kolkata,Long,Textiles,12.3,1506.4,38378,2025-06-07,TCI Freight
SHP08419,Delhi,Kolkata,Long,FMCG,15.2,1509.8,47639,2025-06-07,SafeExpress
SHP08420,Mumbai,Pune,Short,Automobile Parts,24.0,152.0,12091,2025-06-08,VRL Logistics
SHP08421,Mumbai,Pune,Short,Steel Coils,15.4,153.7,7693,2025-06-08,VRL Logistics
SHP08422,Mumbai,Pune,Short,Chemicals,18.4,150.1,9187,2025-06-08,VRL Logistics
SHP08423,Delhi,Jaipur,Short,Automobile Parts,14.0,282.1,12242,2025-06-08,TCI Freight
SHP08424,Delhi,Jaipur,Short,Chemicals,16.0,277.3,13703,2025-06-08,SafeExpress
SHP08425,Chennai,Bangalore,Short,Automobile Parts,12.6,346.4,12370,2025-06-08,Western Carriers
SHP08426,Ahmedabad,Mumbai,Medium,Steel Coils,16.7,527.9,22599,2025-06-08,TCI Freight
SHP08427,Kolkata,Bhubaneswar,Medium,Textiles,14.3,443.8,16565,2025-06-08,Shivam Freight Co
SHP08428,Kolkata,Bhubaneswar,Medium,Electronics,14.7,441.5,16655,2025-06-08,Western Carriers
SHP08429,Kolkata,Bhubaneswar,Medium,Automobile Parts,21.5,439.1,24668,2025-06-08,TCI Freight
SHP08430,Bangalore,Hyderabad,Medium,Automobile Parts,11.0,566.8,15972,2025-06-08,Western Carriers
SHP08431,Bangalore,Hyderabad,Medium,FMCG,18.0,567.0,26503,2025-06-08,VRL Logistics
SHP08432,Bangalore,Hyderabad,Medium,Steel Coils,15.2,571.2,22657,2025-06-08,Om Sai Transport
SHP08433,Mumbai,Delhi,Long,Steel Coils,13.7,1421.3,43224,2025-06-08,VRL Logistics
SHP08434,Delhi,Kolkata,Long,Electronics,22.7,1510.9,72076,2025-06-08,Shivam Freight Co
SHP08435,Delhi,Kolkata,Long,Electronics,10.1,1506.6,30992,2025-06-08,SafeExpress
SHP08436,Delhi,Kolkata,Long,FMCG,21.8,1509.5,67531,2025-06-08,Om Sai Transport
SHP08437,Mumbai,Pune,Short,Chemicals,24.6,150.4,11856,2025-06-09,VRL Logistics
SHP08438,Mumbai,Pune,Short,Steel Coils,16.6,150.8,8062,2025-06-09,Western Carriers
SHP08439,Delhi,Jaipur,Short,Electronics,25.0,279.8,21512,2025-06-09,VRL Logistics
SHP08440,Delhi,Jaipur,Short,Chemicals,15.9,282.2,14214,2025-06-09,TCI Freight
SHP08441,Chennai,Bangalore,Short,Electronics,15.9,349.3,16077,2025-06-09,TCI Freight
SHP08442,Chennai,Bangalore,Short,Electronics,22.1,351.3,22159,2025-06-09,VRL Logistics
SHP08443,Chennai,Bangalore,Short,Packaged Foods,10.8,350.2,10756,2025-06-09,TCI Freight
SHP08444,Ahmedabad,Mumbai,Medium,FMCG,11.0,527.3,15107,2025-06-09,TCI Freight
SHP08445,Ahmedabad,Mumbai,Medium,Textiles,19.6,531.9,26434,2025-06-09,Om Sai Transport
SHP08446,Kolkata,Bhubaneswar,Medium,FMCG,10.3,443.9,12139,2025-06-09,SafeExpress
SHP08447,Bangalore,Hyderabad,Medium,Textiles,24.9,573.3,35949,2025-06-09,VRL Logistics
SHP08448,Mumbai,Delhi,Long,Textiles,24.1,1422.1,74756,2025-06-09,VRL Logistics
SHP08449,Mumbai,Delhi,Long,Automobile Parts,22.6,1420.5,70633,2025-06-09,TCI Freight
SHP08450,Mumbai,Delhi,Long,Automobile Parts,10.5,1416.7,32570,2025-06-09,Om Sai Transport
SHP08451,Delhi,Kolkata,Long,Textiles,13.6,1511.6,42757,2025-06-09,Shivam Freight Co
SHP08452,Delhi,Kolkata,Long,Textiles,13.5,1507.4,42598,2025-06-09,VRL Logistics
SHP08453,Delhi,Kolkata,Long,Textiles,12.6,1510.7,38950,2025-06-09,Western Carriers
SHP08454,Mumbai,Pune,Short,Packaged Foods,15.2,147.4,7227,2025-06-10,Shivam Freight Co
SHP08455,Mumbai,Pune,Short,Automobile Parts,24.9,152.1,12205,2025-06-10,VRL Logistics
SHP08456,Mumbai,Pune,Short,Textiles,15.0,152.2,7386,2025-06-10,TCI Freight
SHP08457,Delhi,Jaipur,Short,Steel Coils,17.4,277.6,14521,2025-06-10,Shivam Freight Co
SHP08458,Delhi,Jaipur,Short,Steel Coils,19.5,279.7,16999,2025-06-10,TCI Freight
SHP08459,Chennai,Bangalore,Short,Automobile Parts,10.0,353.7,10507,2025-06-10,SafeExpress
SHP08460,Ahmedabad,Mumbai,Medium,Packaged Foods,13.1,528.2,17825,2025-06-10,Om Sai Transport
SHP08461,Ahmedabad,Mumbai,Medium,Steel Coils,24.5,531.2,33616,2025-06-10,Om Sai Transport
SHP08462,Kolkata,Bhubaneswar,Medium,Chemicals,20.7,438.2,24478,2025-06-10,TCI Freight
SHP08463,Kolkata,Bhubaneswar,Medium,Textiles,17.4,441.3,20864,2025-06-10,Om Sai Transport
SHP08464,Bangalore,Hyderabad,Medium,Electronics,11.3,571.8,16175,2025-06-10,Om Sai Transport
SHP08465,Bangalore,Hyderabad,Medium,Steel Coils,22.8,573.6,31981,2025-06-10,Western Carriers
SHP08466,Bangalore,Hyderabad,Medium,Packaged Foods,15.7,567.6,22157,2025-06-10,VRL Logistics
SHP08467,Mumbai,Delhi,Long,Electronics,15.5,1418.5,48184,2025-06-10,Om Sai Transport
SHP08468,Mumbai,Delhi,Long,Electronics,24.9,1422.6,77458,2025-06-10,SafeExpress
SHP08469,Mumbai,Delhi,Long,Textiles,12.5,1417.2,38272,2025-06-10,Western Carriers
SHP08470,Delhi,Kolkata,Long,Packaged Foods,16.1,1506.4,51784,2025-06-10,Om Sai Transport
SHP08471,Mumbai,Pune,Short,Steel Coils,19.8,148.1,9539,2025-06-11,SafeExpress
SHP08472,Delhi,Jaipur,Short,Packaged Foods,14.0,277.3,12049,2025-06-11,VRL Logistics
SHP08473,Delhi,Jaipur,Short,Electronics,21.9,279.4,19351,2025-06-11,Om Sai Transport
SHP08474,Delhi,Jaipur,Short,Steel Coils,15.5,277.8,13285,2025-06-11,TCI Freight
SHP08475,Chennai,Bangalore,Short,Steel Coils,21.6,346.5,21706,2025-06-11,TCI Freight
SHP08476,Chennai,Bangalore,Short,Automobile Parts,16.6,350.5,16856,2025-06-11,TCI Freight
SHP08477,Chennai,Bangalore,Short,Textiles,10.7,350.5,10785,2025-06-11,SafeExpress
SHP08478,Ahmedabad,Mumbai,Medium,Packaged Foods,22.6,532.6,32149,2025-06-11,SafeExpress
SHP08479,Kolkata,Bhubaneswar,Medium,Chemicals,16.1,443.8,18982,2025-06-11,Western Carriers
SHP08480,Kolkata,Bhubaneswar,Medium,Textiles,14.6,438.3,17047,2025-06-11,Shivam Freight Co
SHP08481,Kolkata,Bhubaneswar,Medium,Automobile Parts,22.1,436.8,25261,2025-06-11,Western Carriers
SHP08482,Bangalore,Hyderabad,Medium,Electronics,17.7,572.3,26543,2025-06-11,Western Carriers
SHP08483,Bangalore,Hyderabad,Medium,Automobile Parts,16.0,566.3,23525,2025-06-11,TCI Freight
SHP08484,Mumbai,Delhi,Long,Textiles,12.0,1421.7,36624,2025-06-11,Om Sai Transport
SHP08485,Mumbai,Delhi,Long,Steel Coils,13.6,1416.3,41114,2025-06-11,Western Carriers
SHP08486,Mumbai,Delhi,Long,Automobile Parts,11.6,1416.5,35038,2025-06-11,TCI Freight
SHP08487,Delhi,Kolkata,Long,Textiles,13.7,1511.9,44289,2025-06-11,TCI Freight
SHP08488,Mumbai,Pune,Short,Electronics,11.4,152.4,5350,2025-06-12,Om Sai Transport
SHP08489,Mumbai,Pune,Short,Automobile Parts,24.6,152.7,11499,2025-06-12,Shivam Freight Co
SHP08490,Mumbai,Pune,Short,Automobile Parts,12.2,147.1,5494,2025-06-12,Western Carriers
SHP08491,Delhi,Jaipur,Short,Textiles,20.7,278.2,18100,2025-06-12,VRL Logistics
SHP08492,Chennai,Bangalore,Short,Steel Coils,18.9,348.1,18709,2025-06-12,Shivam Freight Co
SHP08493,Ahmedabad,Mumbai,Medium,Packaged Foods,20.5,527.1,26970,2025-06-12,Om Sai Transport
SHP08494,Ahmedabad,Mumbai,Medium,Chemicals,17.9,527.0,24111,2025-06-12,Western Carriers
SHP08495,Ahmedabad,Mumbai,Medium,Packaged Foods,14.0,531.4,18736,2025-06-12,Western Carriers
SHP08496,Kolkata,Bhubaneswar,Medium,Steel Coils,20.7,440.5,24022,2025-06-12,Om Sai Transport
SHP08497,Kolkata,Bhubaneswar,Medium,Automobile Parts,24.6,440.8,28433,2025-06-12,SafeExpress
SHP08498,Bangalore,Hyderabad,Medium,Electronics,20.4,573.2,28952,2025-06-12,SafeExpress
SHP08499,Bangalore,Hyderabad,Medium,Chemicals,14.3,572.4,20778,2025-06-12,TCI Freight
SHP08500,Mumbai,Delhi,Long,Textiles,15.4,1420.6,48289,2025-06-12,Shivam Freight Co
SHP08501,Mumbai,Delhi,Long,Chemicals,10.0,1420.4,31464,2025-06-12,Shivam Freight Co
SHP08502,Delhi,Kolkata,Long,Packaged Foods,11.9,1509.0,38515,2025-06-12,Western Carriers
SHP08503,Mumbai,Pune,Short,Automobile Parts,20.9,149.8,10189,2025-06-13,Western Carriers
SHP08504,Mumbai,Pune,Short,Chemicals,21.7,153.5,10843,2025-06-13,Om Sai Transport
SHP08505,Delhi,Jaipur,Short,FMCG,18.6,281.3,16302,2025-06-13,SafeExpress
SHP08506,Delhi,Jaipur,Short,Textiles,20.9,277.6,17700,2025-06-13,Om Sai Transport
SHP08507,Delhi,Jaipur,Short,Steel Coils,12.3,283.6,10684,2025-06-13,TCI Freight
SHP08508,Chennai,Bangalore,Short,Steel Coils,24.2,353.9,24832,2025-06-13,TCI Freight
SHP08509,Ahmedabad,Mumbai,Medium,Electronics,24.1,527.6,33200,2025-06-13,Om Sai Transport
SHP08510,Kolkata,Bhubaneswar,Medium,Packaged Foods,15.8,444.0,18282,2025-06-13,TCI Freight
SHP08511,Kolkata,Bhubaneswar,Medium,FMCG,14.4,442.9,16955,2025-06-13,Shivam Freight Co
SHP08512,Kolkata,Bhubaneswar,Medium,Textiles,20.3,443.0,23918,2025-06-13,Shivam Freight Co
SHP08513,Bangalore,Hyderabad,Medium,Textiles,12.8,573.4,18682,2025-06-13,VRL Logistics
SHP08514,Bangalore,Hyderabad,Medium,FMCG,20.1,569.1,28586,2025-06-13,Western Carriers
SHP08515,Mumbai,Delhi,Long,Textiles,23.6,1421.6,73759,2025-06-13,Shivam Freight Co
SHP08516,Mumbai,Delhi,Long,Chemicals,23.6,1418.2,73573,2025-06-13,Western Carriers
SHP08517,Mumbai,Delhi,Long,Packaged Foods,19.6,1417.5,60503,2025-06-13,VRL Logistics
SHP08518,Delhi,Kolkata,Long,FMCG,22.2,1510.4,73909,2025-06-13,Om Sai Transport
SHP08519,Delhi,Kolkata,Long,Chemicals,17.8,1507.7,58277,2025-06-13,VRL Logistics
SHP08520,Mumbai,Pune,Short,Textiles,22.1,151.9,10897,2025-06-14,Om Sai Transport
SHP08521,Delhi,Jaipur,Short,Textiles,14.0,281.1,12519,2025-06-14,TCI Freight
SHP08522,Delhi,Jaipur,Short,Textiles,17.6,278.8,15878,2025-06-14,SafeExpress
SHP08523,Delhi,Jaipur,Short,Steel Coils,12.7,277.0,11252,2025-06-14,Shivam Freight Co
SHP08524,Chennai,Bangalore,Short,Automobile Parts,23.1,350.5,22547,2025-06-14,TCI Freight
SHP08525,Ahmedabad,Mumbai,Medium,Automobile Parts,15.9,532.6,22343,2025-06-14,Western Carriers
SHP08526,Ahmedabad,Mumbai,Medium,Packaged Foods,15.3,531.0,21682,2025-06-14,VRL Logistics
SHP08527,Ahmedabad,Mumbai,Medium,Automobile Parts,21.1,530.4,30117,2025-06-14,VRL Logistics
SHP08528,Kolkata,Bhubaneswar,Medium,Steel Coils,18.6,442.2,21370,2025-06-14,SafeExpress
SHP08529,Kolkata,Bhubaneswar,Medium,Electronics,23.0,442.8,26457,2025-06-14,Om Sai Transport
SHP08530,Kolkata,Bhubaneswar,Medium,FMCG,12.0,438.7,13688,2025-06-14,Western Carriers
SHP08531,Bangalore,Hyderabad,Medium,Electronics,11.5,573.1,16662,2025-06-14,Shivam Freight Co
SHP08532,Bangalore,Hyderabad,Medium,Automobile Parts,23.1,573.1,33802,2025-06-14,Om Sai Transport
SHP08533,Mumbai,Delhi,Long,Electronics,19.9,1417.1,61677,2025-06-14,TCI Freight
SHP08534,Delhi,Kolkata,Long,Electronics,22.4,1513.5,71203,2025-06-14,VRL Logistics
SHP08535,Delhi,Kolkata,Long,Steel Coils,14.5,1510.5,44348,2025-06-14,SafeExpress
SHP08536,Delhi,Kolkata,Long,FMCG,12.6,1512.6,38989,2025-06-14,VRL Logistics
SHP08537,Mumbai,Pune,Short,Electronics,16.5,147.2,7765,2025-06-15,Western Carriers
SHP08538,Mumbai,Pune,Short,Textiles,24.7,147.8,11843,2025-06-15,Om Sai Transport
SHP08539,Mumbai,Pune,Short,FMCG,10.9,148.4,5254,2025-06-15,Om Sai Transport
SHP08540,Delhi,Jaipur,Short,FMCG,22.6,277.2,19383,2025-06-15,Shivam Freight Co
SHP08541,Delhi,Jaipur,Short,Automobile Parts,11.0,276.3,9559,2025-06-15,TCI Freight
SHP08542,Chennai,Bangalore,Short,Electronics,23.4,351.0,23473,2025-06-15,Shivam Freight Co
SHP08543,Ahmedabad,Mumbai,Medium,FMCG,15.5,527.3,21728,2025-06-15,SafeExpress
SHP08544,Kolkata,Bhubaneswar,Medium,Automobile Parts,18.2,438.3,20505,2025-06-15,Western Carriers
SHP08545,Kolkata,Bhubaneswar,Medium,Chemicals,15.7,441.0,17957,2025-06-15,SafeExpress
SHP08546,Bangalore,Hyderabad,Medium,Automobile Parts,24.7,566.3,36181,2025-06-15,TCI Freight
SHP08547,Mumbai,Delhi,Long,Textiles,21.0,1421.9,62350,2025-06-15,VRL Logistics
SHP08548,Delhi,Kolkata,Long,Steel Coils,19.1,1509.0,60688,2025-06-15,Shivam Freight Co
SHP08549,Mumbai,Pune,Short,Packaged Foods,20.7,149.9,9710,2025-06-16,VRL Logistics
SHP08550,Mumbai,Pune,Short,FMCG,11.0,148.0,4973,2025-06-16,Western Carriers
SHP08551,Mumbai,Pune,Short,Packaged Foods,12.5,146.5,5626,2025-06-16,Western Carriers
SHP08552,Delhi,Jaipur,Short,Chemicals,12.6,283.3,11163,2025-06-16,TCI Freight
SHP08553,Delhi,Jaipur,Short,Packaged Foods,20.7,277.7,18258,2025-06-16,VRL Logistics
SHP08554,Chennai,Bangalore,Short,Electronics,10.6,346.5,10601,2025-06-16,Om Sai Transport
SHP08555,Ahmedabad,Mumbai,Medium,Electronics,10.1,529.0,13319,2025-06-16,TCI Freight
SHP08556,Ahmedabad,Mumbai,Medium,Automobile Parts,18.2,530.1,24002,2025-06-16,Shivam Freight Co
SHP08557,Kolkata,Bhubaneswar,Medium,Packaged Foods,15.4,443.7,18102,2025-06-16,VRL Logistics
SHP08558,Kolkata,Bhubaneswar,Medium,Automobile Parts,15.2,440.2,17695,2025-06-16,Shivam Freight Co
SHP08559,Bangalore,Hyderabad,Medium,Packaged Foods,12.0,568.1,17379,2025-06-16,Western Carriers
SHP08560,Mumbai,Delhi,Long,Textiles,18.1,1422.2,54003,2025-06-16,Shivam Freight Co
SHP08561,Mumbai,Delhi,Long,FMCG,23.6,1416.9,71061,2025-06-16,Western Carriers
SHP08562,Delhi,Kolkata,Long,Textiles,21.3,1508.0,68299,2025-06-16,Shivam Freight Co
SHP08563,Mumbai,Pune,Short,Electronics,16.3,151.2,7578,2025-06-17,VRL Logistics
SHP08564,Delhi,Jaipur,Short,FMCG,14.8,277.5,13023,2025-06-17,Western Carriers
SHP08565,Delhi,Jaipur,Short,Steel Coils,13.0,276.3,11703,2025-06-17,Om Sai Transport
SHP08566,Chennai,Bangalore,Short,Textiles,10.5,348.6,10433,2025-06-17,VRL Logistics
SHP08567,Ahmedabad,Mumbai,Medium,Automobile Parts,23.9,527.4,33381,2025-06-17,Western Carriers
SHP08568,Ahmedabad,Mumbai,Medium,Chemicals,21.1,532.3,29601,2025-06-17,Om Sai Transport
SHP08569,Ahmedabad,Mumbai,Medium,Automobile Parts,24.2,528.5,34227,2025-06-17,Shivam Freight Co
SHP08570,Kolkata,Bhubaneswar,Medium,Chemicals,18.7,443.4,21607,2025-06-17,Om Sai Transport
SHP08571,Bangalore,Hyderabad,Medium,Textiles,24.2,573.9,36191,2025-06-17,Shivam Freight Co
SHP08572,Bangalore,Hyderabad,Medium,Packaged Foods,18.9,566.2,27861,2025-06-17,Om Sai Transport
SHP08573,Bangalore,Hyderabad,Medium,Electronics,22.9,572.7,33831,2025-06-17,Shivam Freight Co
SHP08574,Mumbai,Delhi,Long,Steel Coils,20.5,1417.1,65651,2025-06-17,TCI Freight
SHP08575,Mumbai,Delhi,Long,Packaged Foods,22.9,1420.2,72083,2025-06-17,VRL Logistics
SHP08576,Mumbai,Delhi,Long,Steel Coils,23.0,1421.7,72331,2025-06-17,VRL Logistics
SHP08577,Delhi,Kolkata,Long,Automobile Parts,15.0,1508.4,46465,2025-06-17,SafeExpress
SHP08578,Mumbai,Pune,Short,Electronics,18.0,149.8,8529,2025-06-18,TCI Freight
SHP08579,Delhi,Jaipur,Short,Packaged Foods,18.2,283.2,16690,2025-06-18,VRL Logistics
SHP08580,Delhi,Jaipur,Short,Electronics,21.5,276.6,19019,2025-06-18,Om Sai Transport
SHP08581,Chennai,Bangalore,Short,Automobile Parts,14.1,347.2,14154,2025-06-18,SafeExpress
SHP08582,Chennai,Bangalore,Short,Automobile Parts,19.3,349.8,19689,2025-06-18,SafeExpress
SHP08583,Ahmedabad,Mumbai,Medium,Steel Coils,10.0,526.1,13735,2025-06-18,VRL Logistics
SHP08584,Kolkata,Bhubaneswar,Medium,Electronics,13.3,440.9,15854,2025-06-18,Western Carriers
SHP08585,Kolkata,Bhubaneswar,Medium,Packaged Foods,13.3,442.9,16172,2025-06-18,VRL Logistics
SHP08586,Kolkata,Bhubaneswar,Medium,Electronics,12.7,439.6,15218,2025-06-18,Om Sai Transport
SHP08587,Bangalore,Hyderabad,Medium,Packaged Foods,20.7,566.7,30509,2025-06-18,Shivam Freight Co
SHP08588,Bangalore,Hyderabad,Medium,FMCG,24.6,569.6,35729,2025-06-18,VRL Logistics
SHP08589,Mumbai,Delhi,Long,Packaged Foods,19.7,1417.1,62384,2025-06-18,Western Carriers
SHP08590,Mumbai,Delhi,Long,Automobile Parts,23.0,1420.5,73231,2025-06-18,Shivam Freight Co
SHP08591,Mumbai,Delhi,Long,Textiles,22.8,1423.8,70101,2025-06-18,Shivam Freight Co
SHP08592,Delhi,Kolkata,Long,Electronics,18.5,1506.2,60031,2025-06-18,SafeExpress
SHP08593,Delhi,Kolkata,Long,Packaged Foods,17.3,1509.1,56466,2025-06-18,TCI Freight
SHP08594,Delhi,Kolkata,Long,FMCG,23.3,1509.3,74402,2025-06-18,TCI Freight
SHP08595,Mumbai,Pune,Short,Automobile Parts,15.9,146.4,7414,2025-06-19,SafeExpress
SHP08596,Mumbai,Pune,Short,Chemicals,20.7,146.1,9613,2025-06-19,Western Carriers
SHP08597,Delhi,Jaipur,Short,Packaged Foods,23.8,278.7,20330,2025-06-19,TCI Freight
SHP08598,Chennai,Bangalore,Short,Electronics,12.8,351.0,12655,2025-06-19,TCI Freight
SHP08599,Chennai,Bangalore,Short,Textiles,22.4,352.1,22489,2025-06-19,SafeExpress
SHP08600,Ahmedabad,Mumbai,Medium,FMCG,18.8,532.4,26889,2025-06-19,Shivam Freight Co
SHP08601,Ahmedabad,Mumbai,Medium,Automobile Parts,13.9,532.8,19634,2025-06-19,Shivam Freight Co
SHP08602,Kolkata,Bhubaneswar,Medium,Chemicals,19.5,437.4,22845,2025-06-19,Shivam Freight Co
SHP08603,Kolkata,Bhubaneswar,Medium,Electronics,11.4,439.5,12979,2025-06-19,TCI Freight
SHP08604,Kolkata,Bhubaneswar,Medium,Chemicals,23.5,436.9,26806,2025-06-19,Om Sai Transport
SHP08605,Bangalore,Hyderabad,Medium,Packaged Foods,10.2,568.1,14454,2025-06-19,SafeExpress
SHP08606,Bangalore,Hyderabad,Medium,Packaged Foods,18.5,569.5,27157,2025-06-19,Shivam Freight Co
SHP08607,Bangalore,Hyderabad,Medium,Packaged Foods,16.5,572.1,23737,2025-06-19,Western Carriers
SHP08608,Mumbai,Delhi,Long,FMCG,22.4,1418.2,70515,2025-06-19,Om Sai Transport
SHP08609,Delhi,Kolkata,Long,Electronics,16.7,1508.7,54446,2025-06-19,Om Sai Transport
SHP08610,Mumbai,Pune,Short,Chemicals,20.7,148.6,9899,2025-06-20,SafeExpress
SHP08611,Mumbai,Pune,Short,Steel Coils,13.0,146.3,6203,2025-06-20,SafeExpress
SHP08612,Mumbai,Pune,Short,Textiles,18.3,150.0,8903,2025-06-20,SafeExpress
SHP08613,Delhi,Jaipur,Short,Packaged Foods,21.6,282.8,18937,2025-06-20,VRL Logistics
SHP08614,Delhi,Jaipur,Short,Automobile Parts,19.9,278.0,17604,2025-06-20,VRL Logistics
SHP08615,Chennai,Bangalore,Short,Automobile Parts,17.8,350.0,17619,2025-06-20,TCI Freight
SHP08616,Ahmedabad,Mumbai,Medium,Packaged Foods,17.4,526.2,22784,2025-06-20,Shivam Freight Co
SHP08617,Ahmedabad,Mumbai,Medium,Packaged Foods,19.5,526.0,26265,2025-06-20,TCI Freight
SHP08618,Ahmedabad,Mumbai,Medium,FMCG,13.6,527.2,18436,2025-06-20,SafeExpress
SHP08619,Kolkata,Bhubaneswar,Medium,Electronics,18.7,440.9,21113,2025-06-20,TCI Freight
SHP08620,Kolkata,Bhubaneswar,Medium,Automobile Parts,22.0,440.3,24571,2025-06-20,SafeExpress
SHP08621,Kolkata,Bhubaneswar,Medium,Textiles,10.3,436.7,11765,2025-06-20,VRL Logistics
SHP08622,Bangalore,Hyderabad,Medium,Electronics,13.4,566.4,19121,2025-06-20,Western Carriers
SHP08623,Bangalore,Hyderabad,Medium,Automobile Parts,23.3,571.6,33724,2025-06-20,Western Carriers
SHP08624,Bangalore,Hyderabad,Medium,Electronics,20.3,567.1,29460,2025-06-20,SafeExpress
SHP08625,Mumbai,Delhi,Long,FMCG,14.0,1416.1,42434,2025-06-20,Shivam Freight Co
SHP08626,Delhi,Kolkata,Long,Textiles,22.7,1506.2,71194,2025-06-20,SafeExpress
SHP08627,Delhi,Kolkata,Long,Packaged Foods,15.0,1508.8,46408,2025-06-20,Western Carriers
SHP08628,Mumbai,Pune,Short,Textiles,17.6,149.1,8326,2025-06-21,TCI Freight
SHP08629,Mumbai,Pune,Short,Chemicals,13.3,150.6,6302,2025-06-21,SafeExpress
SHP08630,Delhi,Jaipur,Short,Packaged Foods,19.1,277.5,16726,2025-06-21,Om Sai Transport
SHP08631,Delhi,Jaipur,Short,Packaged Foods,14.4,277.9,12823,2025-06-21,Western Carriers
SHP08632,Chennai,Bangalore,Short,Electronics,20.7,347.8,20525,2025-06-21,SafeExpress
SHP08633,Chennai,Bangalore,Short,Packaged Foods,15.7,353.2,16077,2025-06-21,TCI Freight
SHP08634,Ahmedabad,Mumbai,Medium,Electronics,16.6,530.1,23199,2025-06-21,SafeExpress
SHP08635,Kolkata,Bhubaneswar,Medium,Steel Coils,13.2,439.1,15467,2025-06-21,Western Carriers
SHP08636,Kolkata,Bhubaneswar,Medium,Steel Coils,20.7,438.0,23699,2025-06-21,VRL Logistics
SHP08637,Bangalore,Hyderabad,Medium,Steel Coils,18.1,571.1,27260,2025-06-21,Om Sai Transport
SHP08638,Mumbai,Delhi,Long,Steel Coils,11.2,1423.6,33656,2025-06-21,Shivam Freight Co
SHP08639,Mumbai,Delhi,Long,Packaged Foods,16.4,1422.0,49895,2025-06-21,TCI Freight
SHP08640,Mumbai,Delhi,Long,Automobile Parts,16.1,1423.5,48415,2025-06-21,SafeExpress
SHP08641,Delhi,Kolkata,Long,Electronics,16.7,1513.1,55092,2025-06-21,VRL Logistics
SHP08642,Delhi,Kolkata,Long,Chemicals,15.5,1507.0,50409,2025-06-21,Om Sai Transport
SHP08643,Delhi,Kolkata,Long,Textiles,13.3,1512.0,44088,2025-06-21,Western Carriers
SHP08644,Mumbai,Pune,Short,Textiles,14.5,151.0,6960,2025-06-22,Shivam Freight Co
SHP08645,Delhi,Jaipur,Short,Steel Coils,12.9,280.4,11608,2025-06-22,Western Carriers
SHP08646,Delhi,Jaipur,Short,Chemicals,24.7,278.0,22128,2025-06-22,Shivam Freight Co
SHP08647,Delhi,Jaipur,Short,Chemicals,25.0,280.2,21957,2025-06-22,SafeExpress
SHP08648,Chennai,Bangalore,Short,Steel Coils,16.1,350.8,16812,2025-06-22,Om Sai Transport
SHP08649,Ahmedabad,Mumbai,Medium,Steel Coils,23.0,533.1,31980,2025-06-22,Shivam Freight Co
SHP08650,Ahmedabad,Mumbai,Medium,Packaged Foods,17.0,529.8,23734,2025-06-22,TCI Freight
SHP08651,Ahmedabad,Mumbai,Medium,Automobile Parts,14.4,526.3,19912,2025-06-22,TCI Freight
SHP08652,Kolkata,Bhubaneswar,Medium,Electronics,10.9,436.6,12663,2025-06-22,Om Sai Transport
SHP08653,Bangalore,Hyderabad,Medium,Steel Coils,14.2,573.4,21043,2025-06-22,TCI Freight
SHP08654,Mumbai,Delhi,Long,FMCG,21.2,1423.9,65297,2025-06-22,Shivam Freight Co
SHP08655,Mumbai,Delhi,Long,Chemicals,13.0,1420.1,40173,2025-06-22,Shivam Freight Co
SHP08656,Mumbai,Delhi,Long,Textiles,17.4,1418.4,54587,2025-06-22,Om Sai Transport
SHP08657,Delhi,Kolkata,Long,FMCG,23.7,1509.7,76640,2025-06-22,Om Sai Transport
SHP08658,Mumbai,Pune,Short,Electronics,22.4,150.8,10281,2025-06-23,Shivam Freight Co
SHP08659,Delhi,Jaipur,Short,Packaged Foods,23.0,279.6,19911,2025-06-23,VRL Logistics
SHP08660,Delhi,Jaipur,Short,FMCG,21.2,277.5,18325,2025-06-23,Western Carriers
SHP08661,Chennai,Bangalore,Short,Automobile Parts,19.8,351.7,20363,2025-06-23,Om Sai Transport
SHP08662,Chennai,Bangalore,Short,Textiles,15.8,347.7,15985,2025-06-23,SafeExpress
SHP08663,Ahmedabad,Mumbai,Medium,Steel Coils,11.4,532.1,15517,2025-06-23,Om Sai Transport
SHP08664,Ahmedabad,Mumbai,Medium,Electronics,16.6,530.9,22792,2025-06-23,VRL Logistics
SHP08665,Kolkata,Bhubaneswar,Medium,Automobile Parts,20.5,437.3,23913,2025-06-23,VRL Logistics
SHP08666,Kolkata,Bhubaneswar,Medium,Electronics,11.1,440.4,12975,2025-06-23,SafeExpress
SHP08667,Kolkata,Bhubaneswar,Medium,Packaged Foods,21.2,441.4,24784,2025-06-23,SafeExpress
SHP08668,Bangalore,Hyderabad,Medium,Packaged Foods,17.4,566.2,24211,2025-06-23,TCI Freight
SHP08669,Bangalore,Hyderabad,Medium,Packaged Foods,10.4,569.0,14819,2025-06-23,Western Carriers
SHP08670,Mumbai,Delhi,Long,FMCG,17.7,1419.3,54208,2025-06-23,Western Carriers
SHP08671,Mumbai,Delhi,Long,FMCG,19.0,1418.6,59853,2025-06-23,Om Sai Transport
SHP08672,Delhi,Kolkata,Long,Automobile Parts,24.5,1511.0,78160,2025-06-23,SafeExpress
SHP08673,Mumbai,Pune,Short,FMCG,14.5,147.1,6851,2025-06-24,Shivam Freight Co
SHP08674,Delhi,Jaipur,Short,Packaged Foods,16.8,283.1,14783,2025-06-24,Om Sai Transport
SHP08675,Chennai,Bangalore,Short,FMCG,15.3,349.3,15802,2025-06-24,SafeExpress
SHP08676,Ahmedabad,Mumbai,Medium,Textiles,23.7,530.6,33350,2025-06-24,SafeExpress
SHP08677,Kolkata,Bhubaneswar,Medium,Packaged Foods,15.1,442.1,17595,2025-06-24,Om Sai Transport
SHP08678,Kolkata,Bhubaneswar,Medium,FMCG,18.8,442.2,22035,2025-06-24,TCI Freight
SHP08679,Bangalore,Hyderabad,Medium,Electronics,15.4,568.9,21737,2025-06-24,VRL Logistics
SHP08680,Bangalore,Hyderabad,Medium,FMCG,12.5,571.0,18031,2025-06-24,TCI Freight
SHP08681,Mumbai,Delhi,Long,Automobile Parts,23.3,1418.7,70848,2025-06-24,VRL Logistics
SHP08682,Delhi,Kolkata,Long,Electronics,19.2,1511.6,62721,2025-06-24,Shivam Freight Co
SHP08683,Delhi,Kolkata,Long,Automobile Parts,18.4,1506.5,59145,2025-06-24,Western Carriers
SHP08684,Delhi,Kolkata,Long,Textiles,12.5,1513.0,40018,2025-06-24,Om Sai Transport
SHP08685,Mumbai,Pune,Short,Automobile Parts,12.2,153.2,6036,2025-06-25,Shivam Freight Co
SHP08686,Mumbai,Pune,Short,Steel Coils,15.3,152.8,7496,2025-06-25,VRL Logistics
SHP08687,Delhi,Jaipur,Short,Chemicals,13.4,282.2,11750,2025-06-25,TCI Freight
SHP08688,Delhi,Jaipur,Short,Chemicals,17.0,281.5,15223,2025-06-25,VRL Logistics
SHP08689,Delhi,Jaipur,Short,Textiles,23.1,278.5,20027,2025-06-25,Shivam Freight Co
SHP08690,Chennai,Bangalore,Short,Electronics,18.0,352.6,17783,2025-06-25,SafeExpress
SHP08691,Chennai,Bangalore,Short,Electronics,15.8,350.1,15952,2025-06-25,TCI Freight
SHP08692,Ahmedabad,Mumbai,Medium,Automobile Parts,10.7,531.1,15061,2025-06-25,Om Sai Transport
SHP08693,Ahmedabad,Mumbai,Medium,Steel Coils,22.6,533.1,32218,2025-06-25,SafeExpress
SHP08694,Ahmedabad,Mumbai,Medium,Packaged Foods,16.6,527.3,22972,2025-06-25,VRL Logistics
SHP08695,Kolkata,Bhubaneswar,Medium,Textiles,21.7,437.5,25118,2025-06-25,SafeExpress
SHP08696,Kolkata,Bhubaneswar,Medium,Electronics,23.2,437.0,26416,2025-06-25,SafeExpress
SHP08697,Bangalore,Hyderabad,Medium,Automobile Parts,13.5,572.8,19372,2025-06-25,Om Sai Transport
SHP08698,Bangalore,Hyderabad,Medium,Steel Coils,10.3,566.5,14683,2025-06-25,Shivam Freight Co
SHP08699,Mumbai,Delhi,Long,Packaged Foods,16.2,1419.2,50706,2025-06-25,SafeExpress
SHP08700,Delhi,Kolkata,Long,Chemicals,16.0,1511.4,50759,2025-06-25,Western Carriers
SHP08701,Delhi,Kolkata,Long,Automobile Parts,21.0,1510.6,65940,2025-06-25,Om Sai Transport
SHP08702,Delhi,Kolkata,Long,Textiles,11.1,1513.5,34444,2025-06-25,SafeExpress
SHP08703,Mumbai,Pune,Short,Electronics,11.9,151.0,5735,2025-06-26,TCI Freight
SHP08704,Mumbai,Pune,Short,Packaged Foods,10.6,149.4,5094,2025-06-26,SafeExpress
SHP08705,Mumbai,Pune,Short,Electronics,11.4,152.7,5506,2025-06-26,TCI Freight
SHP08706,Delhi,Jaipur,Short,Steel Coils,16.8,277.1,14366,2025-06-26,Om Sai Transport
SHP08707,Delhi,Jaipur,Short,Packaged Foods,24.9,283.7,21999,2025-06-26,Shivam Freight Co
SHP08708,Delhi,Jaipur,Short,Steel Coils,12.8,282.3,11325,2025-06-26,SafeExpress
SHP08709,Chennai,Bangalore,Short,FMCG,24.9,348.2,24879,2025-06-26,Shivam Freight Co
SHP08710,Chennai,Bangalore,Short,Steel Coils,15.2,353.7,15326,2025-06-26,Om Sai Transport
SHP08711,Ahmedabad,Mumbai,Medium,Packaged Foods,18.5,526.9,25526,2025-06-26,TCI Freight
SHP08712,Ahmedabad,Mumbai,Medium,Automobile Parts,16.8,533.7,23424,2025-06-26,SafeExpress
SHP08713,Ahmedabad,Mumbai,Medium,FMCG,24.6,531.2,34945,2025-06-26,Shivam Freight Co
SHP08714,Kolkata,Bhubaneswar,Medium,Steel Coils,14.5,443.2,16578,2025-06-26,Om Sai Transport
SHP08715,Kolkata,Bhubaneswar,Medium,Packaged Foods,14.4,439.2,16385,2025-06-26,Om Sai Transport
SHP08716,Bangalore,Hyderabad,Medium,Steel Coils,23.8,567.9,35631,2025-06-26,Western Carriers
SHP08717,Mumbai,Delhi,Long,Automobile Parts,24.2,1417.3,73372,2025-06-26,VRL Logistics
SHP08718,Delhi,Kolkata,Long,Textiles,18.7,1506.6,61047,2025-06-26,TCI Freight
SHP08719,Delhi,Kolkata,Long,Steel Coils,21.3,1512.1,69241,2025-06-26,Shivam Freight Co
SHP08720,Delhi,Kolkata,Long,Chemicals,17.2,1511.6,55647,2025-06-26,Western Carriers
SHP08721,Mumbai,Pune,Short,Textiles,12.8,150.4,6093,2025-06-27,Om Sai Transport
SHP08722,Mumbai,Pune,Short,FMCG,15.6,148.6,7557,2025-06-27,Om Sai Transport
SHP08723,Delhi,Jaipur,Short,Steel Coils,17.7,280.9,15990,2025-06-27,SafeExpress
SHP08724,Delhi,Jaipur,Short,FMCG,13.5,280.0,12075,2025-06-27,VRL Logistics
SHP08725,Chennai,Bangalore,Short,Packaged Foods,23.5,351.8,24766,2025-06-27,Shivam Freight Co
SHP08726,Chennai,Bangalore,Short,Steel Coils,24.0,351.3,24940,2025-06-27,SafeExpress
SHP08727,Ahmedabad,Mumbai,Medium,Electronics,19.5,530.5,27277,2025-06-27,Shivam Freight Co
SHP08728,Kolkata,Bhubaneswar,Medium,FMCG,19.2,438.4,22342,2025-06-27,Shivam Freight Co
SHP08729,Kolkata,Bhubaneswar,Medium,Textiles,22.4,436.7,25353,2025-06-27,Om Sai Transport
SHP08730,Kolkata,Bhubaneswar,Medium,Automobile Parts,21.9,441.1,25112,2025-06-27,TCI Freight
SHP08731,Bangalore,Hyderabad,Medium,Steel Coils,10.9,573.2,16093,2025-06-27,TCI Freight
SHP08732,Bangalore,Hyderabad,Medium,Packaged Foods,23.1,569.8,33247,2025-06-27,Om Sai Transport
SHP08733,Bangalore,Hyderabad,Medium,Steel Coils,20.8,570.1,30587,2025-06-27,TCI Freight
SHP08734,Mumbai,Delhi,Long,Packaged Foods,23.8,1423.0,73483,2025-06-27,Western Carriers
SHP08735,Mumbai,Delhi,Long,Textiles,20.2,1423.6,63060,2025-06-27,VRL Logistics
SHP08736,Mumbai,Delhi,Long,FMCG,16.4,1419.9,51202,2025-06-27,Shivam Freight Co
SHP08737,Delhi,Kolkata,Long,Electronics,24.3,1510.1,77321,2025-06-27,Shivam Freight Co
SHP08738,Delhi,Kolkata,Long,Electronics,24.6,1506.0,80112,2025-06-27,VRL Logistics
SHP08739,Mumbai,Pune,Short,Packaged Foods,22.1,146.1,10595,2025-06-28,VRL Logistics
SHP08740,Mumbai,Pune,Short,Textiles,13.6,147.7,6391,2025-06-28,SafeExpress
SHP08741,Mumbai,Pune,Short,Packaged Foods,12.8,148.1,6213,2025-06-28,Shivam Freight Co
SHP08742,Delhi,Jaipur,Short,Electronics,15.0,278.1,13417,2025-06-28,Western Carriers
SHP08743,Delhi,Jaipur,Short,Automobile Parts,18.7,281.0,16987,2025-06-28,TCI Freight
SHP08744,Chennai,Bangalore,Short,Chemicals,22.6,350.8,23880,2025-06-28,Western Carriers
SHP08745,Ahmedabad,Mumbai,Medium,Automobile Parts,14.4,527.9,19228,2025-06-28,VRL Logistics
SHP08746,Kolkata,Bhubaneswar,Medium,Chemicals,23.6,437.0,28399,2025-06-28,VRL Logistics
SHP08747,Kolkata,Bhubaneswar,Medium,Chemicals,13.1,440.3,15614,2025-06-28,Shivam Freight Co
SHP08748,Kolkata,Bhubaneswar,Medium,Chemicals,24.8,443.1,29774,2025-06-28,Shivam Freight Co
SHP08749,Bangalore,Hyderabad,Medium,Electronics,24.7,568.7,35167,2025-06-28,SafeExpress
SHP08750,Mumbai,Delhi,Long,FMCG,19.1,1418.3,56948,2025-06-28,Om Sai Transport
SHP08751,Mumbai,Delhi,Long,Steel Coils,23.4,1421.2,70274,2025-06-28,Shivam Freight Co
SHP08752,Delhi,Kolkata,Long,Textiles,24.2,1509.3,74868,2025-06-28,Om Sai Transport
SHP08753,Delhi,Kolkata,Long,Textiles,24.8,1512.4,78179,2025-06-28,Om Sai Transport
SHP08754,Delhi,Kolkata,Long,Electronics,21.6,1507.4,68333,2025-06-28,Om Sai Transport
SHP08755,Mumbai,Pune,Short,Chemicals,18.4,153.9,9312,2025-06-29,Western Carriers
SHP08756,Mumbai,Pune,Short,FMCG,22.3,153.7,11181,2025-06-29,VRL Logistics
SHP08757,Mumbai,Pune,Short,Textiles,17.4,154.0,8645,2025-06-29,TCI Freight
SHP08758,Delhi,Jaipur,Short,Automobile Parts,24.7,278.6,21631,2025-06-29,TCI Freight
SHP08759,Delhi,Jaipur,Short,FMCG,12.4,281.9,11071,2025-06-29,VRL Logistics
SHP08760,Chennai,Bangalore,Short,FMCG,21.4,353.1,22671,2025-06-29,VRL Logistics
SHP08761,Chennai,Bangalore,Short,Textiles,23.7,346.8,24555,2025-06-29,Om Sai Transport
SHP08762,Chennai,Bangalore,Short,Electronics,19.4,350.5,20046,2025-06-29,TCI Freight
SHP08763,Ahmedabad,Mumbai,Medium,Packaged Foods,16.0,532.5,21541,2025-06-29,TCI Freight
SHP08764,Ahmedabad,Mumbai,Medium,Chemicals,24.8,532.9,33031,2025-06-29,VRL Logistics
SHP08765,Kolkata,Bhubaneswar,Medium,Steel Coils,20.7,440.2,24155,2025-06-29,TCI Freight
SHP08766,Kolkata,Bhubaneswar,Medium,FMCG,18.8,438.1,21632,2025-06-29,TCI Freight
SHP08767,Bangalore,Hyderabad,Medium,FMCG,12.1,570.7,17938,2025-06-29,TCI Freight
SHP08768,Bangalore,Hyderabad,Medium,Steel Coils,14.9,572.6,21934,2025-06-29,TCI Freight
SHP08769,Bangalore,Hyderabad,Medium,Automobile Parts,24.4,571.7,35191,2025-06-29,Shivam Freight Co
SHP08770,Mumbai,Delhi,Long,Chemicals,11.2,1417.6,33335,2025-06-29,TCI Freight
SHP08771,Mumbai,Delhi,Long,Textiles,19.6,1419.3,59010,2025-06-29,Om Sai Transport
SHP08772,Delhi,Kolkata,Long,FMCG,16.9,1508.0,54727,2025-06-29,Om Sai Transport
SHP08773,Delhi,Kolkata,Long,Electronics,10.3,1508.1,33412,2025-06-29,Western Carriers
SHP08774,Mumbai,Pune,Short,Packaged Foods,10.9,146.1,4870,2025-06-30,Om Sai Transport
SHP08775,Mumbai,Pune,Short,Packaged Foods,20.6,151.7,9557,2025-06-30,Shivam Freight Co
SHP08776,Delhi,Jaipur,Short,Packaged Foods,15.4,280.1,13255,2025-06-30,Western Carriers
SHP08777,Delhi,Jaipur,Short,Steel Coils,24.5,282.8,20790,2025-06-30,Western Carriers
SHP08778,Chennai,Bangalore,Short,Textiles,20.9,346.1,20609,2025-06-30,Om Sai Transport
SHP08779,Ahmedabad,Mumbai,Medium,Textiles,15.8,531.6,21436,2025-06-30,SafeExpress
SHP08780,Kolkata,Bhubaneswar,Medium,FMCG,12.3,436.8,14154,2025-06-30,Western Carriers
SHP08781,Kolkata,Bhubaneswar,Medium,Packaged Foods,24.7,442.2,28301,2025-06-30,Shivam Freight Co
SHP08782,Bangalore,Hyderabad,Medium,Steel Coils,19.9,570.9,29127,2025-06-30,TCI Freight
SHP08783,Mumbai,Delhi,Long,FMCG,11.6,1422.5,34790,2025-06-30,VRL Logistics
SHP08784,Mumbai,Delhi,Long,Electronics,13.5,1420.1,40673,2025-06-30,Shivam Freight Co
SHP08785,Delhi,Kolkata,Long,Automobile Parts,21.4,1508.7,70018,2025-06-30,Shivam Freight Co
SHP08786,Delhi,Kolkata,Long,Electronics,15.8,1507.1,51349,2025-06-30,TCI Freight
SHP08787,Delhi,Kolkata,Long,Electronics,11.3,1508.4,36632,2025-06-30,Shivam Freight Co
SHP08788,Mumbai,Pune,Short,Packaged Foods,13.1,147.3,6077,2025-07-01,Shivam Freight Co
SHP08789,Delhi,Jaipur,Short,Automobile Parts,15.1,282.6,13213,2025-07-01,Western Carriers
SHP08790,Delhi,Jaipur,Short,Electronics,13.7,279.7,11795,2025-07-01,Western Carriers
SHP08791,Delhi,Jaipur,Short,Textiles,24.8,282.4,21703,2025-07-01,Shivam Freight Co
SHP08792,Chennai,Bangalore,Short,Chemicals,23.4,348.3,23175,2025-07-01,Shivam Freight Co
SHP08793,Chennai,Bangalore,Short,Packaged Foods,14.0,352.0,14256,2025-07-01,VRL Logistics
SHP08794,Ahmedabad,Mumbai,Medium,Electronics,22.9,531.4,32557,2025-07-01,Shivam Freight Co
SHP08795,Ahmedabad,Mumbai,Medium,FMCG,19.2,528.7,26547,2025-07-01,Western Carriers
SHP08796,Ahmedabad,Mumbai,Medium,Automobile Parts,12.4,533.8,17758,2025-07-01,TCI Freight
SHP08797,Kolkata,Bhubaneswar,Medium,Packaged Foods,16.7,438.7,18874,2025-07-01,Western Carriers
SHP08798,Bangalore,Hyderabad,Medium,Packaged Foods,24.3,569.7,34690,2025-07-01,VRL Logistics
SHP08799,Mumbai,Delhi,Long,Electronics,23.6,1421.9,73474,2025-07-01,Western Carriers
SHP08800,Mumbai,Delhi,Long,Chemicals,15.6,1423.0,48147,2025-07-01,VRL Logistics
SHP08801,Delhi,Kolkata,Long,Textiles,15.5,1513.8,50251,2025-07-01,Om Sai Transport
SHP08802,Delhi,Kolkata,Long,Steel Coils,12.1,1511.0,38334,2025-07-01,Om Sai Transport
SHP08803,Delhi,Kolkata,Long,Automobile Parts,12.1,1510.4,39380,2025-07-01,Western Carriers
SHP08804,Mumbai,Pune,Short,Steel Coils,19.9,150.3,9419,2025-07-02,TCI Freight
SHP08805,Mumbai,Pune,Short,Automobile Parts,23.9,146.6,11469,2025-07-02,VRL Logistics
SHP08806,Mumbai,Pune,Short,Textiles,19.8,152.2,9576,2025-07-02,Om Sai Transport
SHP08807,Delhi,Jaipur,Short,Steel Coils,17.4,278.7,14913,2025-07-02,Shivam Freight Co
SHP08808,Delhi,Jaipur,Short,Steel Coils,24.4,278.3,20973,2025-07-02,Western Carriers
SHP08809,Delhi,Jaipur,Short,Steel Coils,10.9,279.0,9095,2025-07-02,VRL Logistics
SHP08810,Chennai,Bangalore,Short,Textiles,11.7,346.1,11898,2025-07-02,SafeExpress
SHP08811,Ahmedabad,Mumbai,Medium,Automobile Parts,14.2,527.5,19208,2025-07-02,TCI Freight
SHP08812,Ahmedabad,Mumbai,Medium,Textiles,20.2,531.4,28077,2025-07-02,VRL Logistics
SHP08813,Kolkata,Bhubaneswar,Medium,Automobile Parts,12.0,437.1,14017,2025-07-02,Shivam Freight Co
SHP08814,Kolkata,Bhubaneswar,Medium,Textiles,11.9,443.5,13863,2025-07-02,TCI Freight
SHP08815,Kolkata,Bhubaneswar,Medium,Chemicals,19.3,439.7,22834,2025-07-02,TCI Freight
SHP08816,Bangalore,Hyderabad,Medium,Electronics,20.4,573.5,29982,2025-07-02,TCI Freight
SHP08817,Bangalore,Hyderabad,Medium,Steel Coils,21.7,569.5,31321,2025-07-02,VRL Logistics
SHP08818,Bangalore,Hyderabad,Medium,Textiles,16.7,566.1,24308,2025-07-02,TCI Freight
SHP08819,Mumbai,Delhi,Long,Steel Coils,16.7,1417.3,51588,2025-07-02,TCI Freight
SHP08820,Mumbai,Delhi,Long,Packaged Foods,10.4,1419.3,31703,2025-07-02,Shivam Freight Co
SHP08821,Delhi,Kolkata,Long,Textiles,10.7,1510.0,35097,2025-07-02,Western Carriers
SHP08822,Delhi,Kolkata,Long,FMCG,10.7,1507.5,33823,2025-07-02,SafeExpress
SHP08823,Mumbai,Pune,Short,Textiles,12.1,151.9,6057,2025-07-03,TCI Freight
SHP08824,Delhi,Jaipur,Short,Chemicals,23.6,281.2,20772,2025-07-03,Shivam Freight Co
SHP08825,Chennai,Bangalore,Short,Packaged Foods,16.1,347.7,16919,2025-07-03,SafeExpress
SHP08826,Ahmedabad,Mumbai,Medium,Electronics,23.2,532.9,32951,2025-07-03,VRL Logistics
SHP08827,Ahmedabad,Mumbai,Medium,Automobile Parts,16.2,533.3,23040,2025-07-03,Shivam Freight Co
SHP08828,Ahmedabad,Mumbai,Medium,Chemicals,24.9,526.9,35437,2025-07-03,VRL Logistics
SHP08829,Kolkata,Bhubaneswar,Medium,Steel Coils,17.4,436.9,20930,2025-07-03,Om Sai Transport
SHP08830,Bangalore,Hyderabad,Medium,Chemicals,14.8,570.0,21449,2025-07-03,SafeExpress
SHP08831,Mumbai,Delhi,Long,Electronics,13.2,1418.4,40143,2025-07-03,VRL Logistics
SHP08832,Mumbai,Delhi,Long,Textiles,17.6,1418.7,53221,2025-07-03,Western Carriers
SHP08833,Delhi,Kolkata,Long,Automobile Parts,16.7,1512.8,53849,2025-07-03,Western Carriers
SHP08834,Delhi,Kolkata,Long,Electronics,15.2,1510.4,47414,2025-07-03,Shivam Freight Co
SHP08835,Delhi,Kolkata,Long,Packaged Foods,20.4,1508.9,65129,2025-07-03,SafeExpress
SHP08836,Mumbai,Pune,Short,Automobile Parts,10.7,148.5,4991,2025-07-04,VRL Logistics
SHP08837,Mumbai,Pune,Short,Textiles,19.0,152.2,9089,2025-07-04,Om Sai Transport
SHP08838,Mumbai,Pune,Short,Automobile Parts,22.4,149.5,10626,2025-07-04,Shivam Freight Co
SHP08839,Delhi,Jaipur,Short,Packaged Foods,21.8,282.0,19170,2025-07-04,Shivam Freight Co
SHP08840,Delhi,Jaipur,Short,Steel Coils,11.1,280.3,9445,2025-07-04,Western Carriers
SHP08841,Delhi,Jaipur,Short,FMCG,16.6,279.9,14193,2025-07-04,SafeExpress
SHP08842,Chennai,Bangalore,Short,Textiles,24.6,349.3,25237,2025-07-04,Western Carriers
SHP08843,Chennai,Bangalore,Short,Steel Coils,23.4,347.0,23802,2025-07-04,Western Carriers
SHP08844,Chennai,Bangalore,Short,FMCG,11.5,351.1,11753,2025-07-04,TCI Freight
SHP08845,Ahmedabad,Mumbai,Medium,Steel Coils,22.8,530.0,30214,2025-07-04,VRL Logistics
SHP08846,Ahmedabad,Mumbai,Medium,Textiles,21.5,528.2,28985,2025-07-04,Western Carriers
SHP08847,Kolkata,Bhubaneswar,Medium,FMCG,10.4,441.1,12095,2025-07-04,Western Carriers
SHP08848,Kolkata,Bhubaneswar,Medium,FMCG,23.4,436.5,27126,2025-07-04,VRL Logistics
SHP08849,Bangalore,Hyderabad,Medium,Packaged Foods,13.2,568.7,19617,2025-07-04,SafeExpress
SHP08850,Bangalore,Hyderabad,Medium,Steel Coils,21.6,567.6,31122,2025-07-04,SafeExpress
SHP08851,Mumbai,Delhi,Long,Electronics,11.6,1420.7,34702,2025-07-04,TCI Freight
SHP08852,Mumbai,Delhi,Long,Packaged Foods,16.7,1418.9,49781,2025-07-04,VRL Logistics
SHP08853,Delhi,Kolkata,Long,Packaged Foods,12.4,1513.3,40035,2025-07-04,SafeExpress
SHP08854,Delhi,Kolkata,Long,Textiles,19.5,1509.8,61583,2025-07-04,Om Sai Transport
SHP08855,Delhi,Kolkata,Long,FMCG,16.1,1513.4,52110,2025-07-04,Western Carriers
SHP08856,Mumbai,Pune,Short,Steel Coils,17.6,148.5,8083,2025-07-05,Shivam Freight Co
SHP08857,Mumbai,Pune,Short,Automobile Parts,10.8,147.5,4914,2025-07-05,VRL Logistics
SHP08858,Delhi,Jaipur,Short,Electronics,12.4,276.3,10889,2025-07-05,Shivam Freight Co
SHP08859,Delhi,Jaipur,Short,Textiles,23.1,283.6,20625,2025-07-05,TCI Freight
SHP08860,Chennai,Bangalore,Short,Steel Coils,16.8,351.0,16968,2025-07-05,VRL Logistics
SHP08861,Ahmedabad,Mumbai,Medium,Chemicals,12.4,527.9,16298,2025-07-05,VRL Logistics
SHP08862,Ahmedabad,Mumbai,Medium,FMCG,22.6,529.1,30382,2025-07-05,Om Sai Transport
SHP08863,Ahmedabad,Mumbai,Medium,Textiles,21.0,526.5,27869,2025-07-05,Shivam Freight Co
SHP08864,Kolkata,Bhubaneswar,Medium,FMCG,19.4,439.1,22598,2025-07-05,VRL Logistics
SHP08865,Kolkata,Bhubaneswar,Medium,Textiles,17.8,443.3,20599,2025-07-05,Om Sai Transport
SHP08866,Kolkata,Bhubaneswar,Medium,Packaged Foods,13.8,437.7,16172,2025-07-05,Shivam Freight Co
SHP08867,Bangalore,Hyderabad,Medium,Packaged Foods,21.9,572.4,32854,2025-07-05,TCI Freight
SHP08868,Mumbai,Delhi,Long,FMCG,10.5,1419.2,31935,2025-07-05,SafeExpress
SHP08869,Mumbai,Delhi,Long,Textiles,24.2,1417.2,73613,2025-07-05,Shivam Freight Co
SHP08870,Delhi,Kolkata,Long,FMCG,19.0,1508.5,61371,2025-07-05,Om Sai Transport
SHP08871,Delhi,Kolkata,Long,Automobile Parts,16.1,1513.1,51880,2025-07-05,VRL Logistics
SHP08872,Mumbai,Pune,Short,Steel Coils,13.2,151.4,6359,2025-07-06,Shivam Freight Co
SHP08873,Mumbai,Pune,Short,Packaged Foods,10.7,150.0,4984,2025-07-06,Western Carriers
SHP08874,Delhi,Jaipur,Short,Textiles,12.5,279.7,10677,2025-07-06,TCI Freight
SHP08875,Delhi,Jaipur,Short,Chemicals,19.0,283.4,16294,2025-07-06,TCI Freight
SHP08876,Chennai,Bangalore,Short,Automobile Parts,14.4,349.9,14455,2025-07-06,Shivam Freight Co
SHP08877,Chennai,Bangalore,Short,Electronics,21.6,346.7,21865,2025-07-06,Western Carriers
SHP08878,Ahmedabad,Mumbai,Medium,Chemicals,13.2,529.6,18127,2025-07-06,Shivam Freight Co
SHP08879,Ahmedabad,Mumbai,Medium,Electronics,11.0,526.9,14851,2025-07-06,VRL Logistics
SHP08880,Ahmedabad,Mumbai,Medium,Steel Coils,24.0,527.4,32359,2025-07-06,TCI Freight
SHP08881,Kolkata,Bhubaneswar,Medium,Textiles,17.0,437.2,19259,2025-07-06,VRL Logistics
SHP08882,Bangalore,Hyderabad,Medium,Textiles,13.6,569.2,19772,2025-07-06,TCI Freight
SHP08883,Mumbai,Delhi,Long,Packaged Foods,16.1,1420.4,49759,2025-07-06,Western Carriers
SHP08884,Mumbai,Delhi,Long,Textiles,11.6,1417.4,36418,2025-07-06,VRL Logistics
SHP08885,Delhi,Kolkata,Long,Chemicals,13.7,1509.7,44453,2025-07-06,SafeExpress
SHP08886,Mumbai,Pune,Short,Electronics,14.5,153.1,6849,2025-07-07,SafeExpress
SHP08887,Delhi,Jaipur,Short,Packaged Foods,14.7,282.1,13138,2025-07-07,Shivam Freight Co
SHP08888,Delhi,Jaipur,Short,FMCG,19.2,277.2,16700,2025-07-07,Western Carriers
SHP08889,Delhi,Jaipur,Short,Chemicals,15.5,281.2,13603,2025-07-07,Western Carriers
SHP08890,Chennai,Bangalore,Short,Chemicals,17.0,347.6,16468,2025-07-07,Western Carriers
SHP08891,Chennai,Bangalore,Short,Packaged Foods,23.9,349.3,23265,2025-07-07,Om Sai Transport
SHP08892,Ahmedabad,Mumbai,Medium,FMCG,16.8,527.9,22514,2025-07-07,VRL Logistics
SHP08893,Kolkata,Bhubaneswar,Medium,Packaged Foods,24.7,442.2,29131,2025-07-07,VRL Logistics
SHP08894,Kolkata,Bhubaneswar,Medium,Packaged Foods,23.5,440.3,27104,2025-07-07,Shivam Freight Co
SHP08895,Bangalore,Hyderabad,Medium,Steel Coils,14.8,573.3,21597,2025-07-07,Om Sai Transport
SHP08896,Mumbai,Delhi,Long,Packaged Foods,19.1,1419.2,60734,2025-07-07,SafeExpress
SHP08897,Mumbai,Delhi,Long,Electronics,11.7,1420.1,36619,2025-07-07,Om Sai Transport
SHP08898,Mumbai,Delhi,Long,Packaged Foods,12.7,1421.5,40781,2025-07-07,SafeExpress
SHP08899,Delhi,Kolkata,Long,Steel Coils,12.0,1512.1,39217,2025-07-07,VRL Logistics
SHP08900,Mumbai,Pune,Short,Automobile Parts,16.6,146.6,7716,2025-07-08,SafeExpress
SHP08901,Mumbai,Pune,Short,Steel Coils,16.1,146.7,7456,2025-07-08,Om Sai Transport
SHP08902,Delhi,Jaipur,Short,FMCG,23.5,282.7,20991,2025-07-08,Om Sai Transport
SHP08903,Delhi,Jaipur,Short,Steel Coils,10.2,279.5,9031,2025-07-08,Om Sai Transport
SHP08904,Chennai,Bangalore,Short,Steel Coils,13.0,346.4,13665,2025-07-08,SafeExpress
SHP08905,Chennai,Bangalore,Short,Textiles,15.9,350.1,16774,2025-07-08,Western Carriers
SHP08906,Ahmedabad,Mumbai,Medium,Packaged Foods,16.1,529.3,22355,2025-07-08,TCI Freight
SHP08907,Ahmedabad,Mumbai,Medium,Textiles,17.2,533.6,23813,2025-07-08,Om Sai Transport
SHP08908,Kolkata,Bhubaneswar,Medium,Packaged Foods,12.1,437.5,13945,2025-07-08,TCI Freight
SHP08909,Bangalore,Hyderabad,Medium,Packaged Foods,10.2,571.3,14557,2025-07-08,TCI Freight
SHP08910,Bangalore,Hyderabad,Medium,Automobile Parts,10.5,567.2,15130,2025-07-08,Shivam Freight Co
SHP08911,Mumbai,Delhi,Long,FMCG,22.1,1416.9,66571,2025-07-08,Om Sai Transport
SHP08912,Mumbai,Delhi,Long,Electronics,18.5,1420.0,56502,2025-07-08,Om Sai Transport
SHP08913,Mumbai,Delhi,Long,Chemicals,24.8,1421.5,76201,2025-07-08,VRL Logistics
SHP08914,Delhi,Kolkata,Long,Steel Coils,17.5,1508.1,56944,2025-07-08,TCI Freight
SHP08915,Delhi,Kolkata,Long,Automobile Parts,20.9,1508.0,67539,2025-07-08,Western Carriers
SHP08916,Mumbai,Pune,Short,Automobile Parts,21.3,147.7,9857,2025-07-09,Om Sai Transport
SHP08917,Mumbai,Pune,Short,Chemicals,17.7,152.4,8711,2025-07-09,VRL Logistics
SHP08918,Mumbai,Pune,Short,Automobile Parts,11.6,150.9,5681,2025-07-09,Shivam Freight Co
SHP08919,Delhi,Jaipur,Short,Chemicals,17.6,280.7,15749,2025-07-09,TCI Freight
SHP08920,Chennai,Bangalore,Short,Electronics,19.4,348.1,19541,2025-07-09,Om Sai Transport
SHP08921,Ahmedabad,Mumbai,Medium,Automobile Parts,14.9,532.2,20215,2025-07-09,VRL Logistics
SHP08922,Ahmedabad,Mumbai,Medium,FMCG,12.0,530.8,16476,2025-07-09,Om Sai Transport
SHP08923,Kolkata,Bhubaneswar,Medium,Packaged Foods,12.7,441.6,15259,2025-07-09,VRL Logistics
SHP08924,Kolkata,Bhubaneswar,Medium,FMCG,13.6,444.0,16057,2025-07-09,Shivam Freight Co
SHP08925,Kolkata,Bhubaneswar,Medium,FMCG,23.0,439.1,26712,2025-07-09,Om Sai Transport
SHP08926,Bangalore,Hyderabad,Medium,Automobile Parts,11.4,568.0,16670,2025-07-09,VRL Logistics
SHP08927,Bangalore,Hyderabad,Medium,Automobile Parts,24.8,572.5,36664,2025-07-09,Shivam Freight Co
SHP08928,Mumbai,Delhi,Long,Textiles,14.4,1422.2,44786,2025-07-09,Shivam Freight Co
SHP08929,Delhi,Kolkata,Long,Electronics,22.2,1509.4,68546,2025-07-09,VRL Logistics
SHP08930,Delhi,Kolkata,Long,Chemicals,14.9,1512.6,46375,2025-07-09,SafeExpress
SHP08931,Delhi,Kolkata,Long,Packaged Foods,14.6,1509.2,46830,2025-07-09,Western Carriers
SHP08932,Mumbai,Pune,Short,Automobile Parts,23.4,147.7,10806,2025-07-10,Om Sai Transport
SHP08933,Delhi,Jaipur,Short,Automobile Parts,20.6,276.9,17553,2025-07-10,VRL Logistics
SHP08934,Delhi,Jaipur,Short,Steel Coils,22.9,283.4,20161,2025-07-10,SafeExpress
SHP08935,Delhi,Jaipur,Short,FMCG,20.0,280.6,17250,2025-07-10,Shivam Freight Co
SHP08936,Chennai,Bangalore,Short,Textiles,23.1,353.1,24554,2025-07-10,VRL Logistics
SHP08937,Chennai,Bangalore,Short,Chemicals,24.1,351.0,25396,2025-07-10,SafeExpress
SHP08938,Ahmedabad,Mumbai,Medium,Steel Coils,16.1,530.7,23035,2025-07-10,Om Sai Transport
SHP08939,Ahmedabad,Mumbai,Medium,Chemicals,24.8,529.0,35132,2025-07-10,VRL Logistics
SHP08940,Kolkata,Bhubaneswar,Medium,Steel Coils,20.0,437.9,23677,2025-07-10,Western Carriers
SHP08941,Kolkata,Bhubaneswar,Medium,FMCG,12.3,438.0,14489,2025-07-10,SafeExpress
SHP08942,Bangalore,Hyderabad,Medium,Electronics,17.0,567.0,24297,2025-07-10,VRL Logistics
SHP08943,Mumbai,Delhi,Long,Electronics,12.8,1416.8,38315,2025-07-10,Shivam Freight Co
SHP08944,Delhi,Kolkata,Long,Electronics,12.9,1512.7,42118,2025-07-10,Western Carriers
SHP08945,Delhi,Kolkata,Long,Steel Coils,20.2,1513.0,64686,2025-07-10,VRL Logistics
SHP08946,Delhi,Kolkata,Long,Packaged Foods,11.6,1509.6,37514,2025-07-10,Western Carriers
SHP08947,Mumbai,Pune,Short,Chemicals,20.9,150.3,9739,2025-07-11,Western Carriers
SHP08948,Mumbai,Pune,Short,Textiles,12.5,147.6,5668,2025-07-11,VRL Logistics
SHP08949,Delhi,Jaipur,Short,Electronics,13.3,276.7,11385,2025-07-11,Om Sai Transport
SHP08950,Delhi,Jaipur,Short,Packaged Foods,20.6,283.9,18342,2025-07-11,Western Carriers
SHP08951,Chennai,Bangalore,Short,Automobile Parts,24.5,350.8,25433,2025-07-11,Om Sai Transport
SHP08952,Ahmedabad,Mumbai,Medium,Electronics,13.9,532.1,19776,2025-07-11,VRL Logistics
SHP08953,Kolkata,Bhubaneswar,Medium,Steel Coils,19.6,437.9,23228,2025-07-11,VRL Logistics
SHP08954,Bangalore,Hyderabad,Medium,Electronics,18.2,572.4,26693,2025-07-11,Western Carriers
SHP08955,Bangalore,Hyderabad,Medium,Chemicals,16.0,567.2,22865,2025-07-11,Western Carriers
SHP08956,Mumbai,Delhi,Long,Steel Coils,21.6,1418.0,67405,2025-07-11,TCI Freight
SHP08957,Mumbai,Delhi,Long,Chemicals,15.2,1423.4,46538,2025-07-11,SafeExpress
SHP08958,Mumbai,Delhi,Long,Chemicals,20.3,1420.6,61983,2025-07-11,Western Carriers
SHP08959,Delhi,Kolkata,Long,Chemicals,12.6,1509.4,41366,2025-07-11,TCI Freight
SHP08960,Mumbai,Pune,Short,Steel Coils,20.9,148.6,9643,2025-07-12,Om Sai Transport
SHP08961,Mumbai,Pune,Short,Steel Coils,24.5,153.4,11563,2025-07-12,SafeExpress
SHP08962,Delhi,Jaipur,Short,FMCG,11.2,282.8,9727,2025-07-12,Shivam Freight Co
SHP08963,Delhi,Jaipur,Short,Packaged Foods,13.6,278.5,11799,2025-07-12,SafeExpress
SHP08964,Chennai,Bangalore,Short,Automobile Parts,15.7,352.6,16091,2025-07-12,Western Carriers
SHP08965,Chennai,Bangalore,Short,FMCG,10.1,348.1,10439,2025-07-12,VRL Logistics
SHP08966,Chennai,Bangalore,Short,Automobile Parts,22.1,353.7,22810,2025-07-12,TCI Freight
SHP08967,Ahmedabad,Mumbai,Medium,Chemicals,10.0,528.4,14072,2025-07-12,SafeExpress
SHP08968,Ahmedabad,Mumbai,Medium,Steel Coils,18.9,527.1,26277,2025-07-12,Shivam Freight Co
SHP08969,Ahmedabad,Mumbai,Medium,Steel Coils,18.3,528.2,25213,2025-07-12,Shivam Freight Co
SHP08970,Kolkata,Bhubaneswar,Medium,Electronics,23.3,441.2,27478,2025-07-12,SafeExpress
SHP08971,Bangalore,Hyderabad,Medium,Textiles,15.8,573.5,22588,2025-07-12,Shivam Freight Co
SHP08972,Bangalore,Hyderabad,Medium,Steel Coils,23.3,573.1,33757,2025-07-12,Western Carriers
SHP08973,Bangalore,Hyderabad,Medium,Textiles,13.7,568.9,19321,2025-07-12,VRL Logistics
SHP08974,Mumbai,Delhi,Long,Electronics,11.5,1419.1,35504,2025-07-12,Om Sai Transport
SHP08975,Mumbai,Delhi,Long,Packaged Foods,21.0,1420.3,67045,2025-07-12,Om Sai Transport
SHP08976,Delhi,Kolkata,Long,Textiles,15.7,1507.0,50121,2025-07-12,SafeExpress
SHP08977,Delhi,Kolkata,Long,Textiles,18.8,1509.3,59434,2025-07-12,Shivam Freight Co
SHP08978,Mumbai,Pune,Short,Automobile Parts,21.3,153.5,10303,2025-07-13,Om Sai Transport
SHP08979,Mumbai,Pune,Short,Textiles,21.0,149.3,9723,2025-07-13,Western Carriers
SHP08980,Delhi,Jaipur,Short,Steel Coils,12.8,282.0,11002,2025-07-13,Om Sai Transport
SHP08981,Delhi,Jaipur,Short,Steel Coils,24.9,280.9,21639,2025-07-13,VRL Logistics
SHP08982,Delhi,Jaipur,Short,Electronics,15.4,277.6,13339,2025-07-13,VRL Logistics
SHP08983,Chennai,Bangalore,Short,Automobile Parts,16.9,353.0,17698,2025-07-13,Om Sai Transport
SHP08984,Ahmedabad,Mumbai,Medium,Steel Coils,20.6,533.4,28736,2025-07-13,Om Sai Transport
SHP08985,Ahmedabad,Mumbai,Medium,Steel Coils,19.7,528.7,27596,2025-07-13,SafeExpress
SHP08986,Ahmedabad,Mumbai,Medium,Chemicals,12.9,531.5,17751,2025-07-13,SafeExpress
SHP08987,Kolkata,Bhubaneswar,Medium,FMCG,24.5,442.5,28003,2025-07-13,Om Sai Transport
SHP08988,Kolkata,Bhubaneswar,Medium,Textiles,15.1,443.7,17528,2025-07-13,Om Sai Transport
SHP08989,Bangalore,Hyderabad,Medium,Chemicals,16.4,572.5,24094,2025-07-13,VRL Logistics
SHP08990,Bangalore,Hyderabad,Medium,Chemicals,19.9,570.0,29153,2025-07-13,SafeExpress
SHP08991,Mumbai,Delhi,Long,Chemicals,21.0,1420.9,64390,2025-07-13,VRL Logistics
SHP08992,Delhi,Kolkata,Long,FMCG,16.7,1508.2,52243,2025-07-13,TCI Freight
SHP08993,Delhi,Kolkata,Long,Chemicals,13.3,1508.4,41794,2025-07-13,Western Carriers
SHP08994,Delhi,Kolkata,Long,Textiles,12.4,1506.9,38549,2025-07-13,VRL Logistics
SHP08995,Mumbai,Pune,Short,Textiles,16.9,150.6,8159,2025-07-14,Om Sai Transport
SHP08996,Delhi,Jaipur,Short,FMCG,10.5,280.0,9043,2025-07-14,VRL Logistics
SHP08997,Delhi,Jaipur,Short,Electronics,20.0,277.3,17381,2025-07-14,SafeExpress
SHP08998,Chennai,Bangalore,Short,Automobile Parts,13.8,347.6,14350,2025-07-14,Om Sai Transport
SHP08999,Ahmedabad,Mumbai,Medium,FMCG,19.9,532.3,26746,2025-07-14,TCI Freight
SHP09000,Ahmedabad,Mumbai,Medium,Chemicals,11.2,529.9,15107,2025-07-14,Shivam Freight Co
SHP09001,Kolkata,Bhubaneswar,Medium,Chemicals,22.3,438.8,26200,2025-07-14,VRL Logistics
SHP09002,Kolkata,Bhubaneswar,Medium,Steel Coils,12.5,436.2,14536,2025-07-14,VRL Logistics
SHP09003,Kolkata,Bhubaneswar,Medium,Packaged Foods,16.1,443.6,18711,2025-07-14,VRL Logistics
SHP09004,Bangalore,Hyderabad,Medium,Steel Coils,10.7,566.5,14878,2025-07-14,Om Sai Transport
SHP09005,Bangalore,Hyderabad,Medium,FMCG,12.2,566.4,17074,2025-07-14,Western Carriers
SHP09006,Bangalore,Hyderabad,Medium,Electronics,10.4,567.7,14507,2025-07-14,VRL Logistics
SHP09007,Mumbai,Delhi,Long,FMCG,16.6,1416.7,50588,2025-07-14,SafeExpress
SHP09008,Mumbai,Delhi,Long,Textiles,18.6,1417.4,56277,2025-07-14,VRL Logistics
SHP09009,Mumbai,Delhi,Long,Chemicals,17.2,1417.0,50952,2025-07-14,Shivam Freight Co
SHP09010,Delhi,Kolkata,Long,Automobile Parts,20.5,1508.8,64118,2025-07-14,TCI Freight
SHP09011,Delhi,Kolkata,Long,Steel Coils,12.0,1508.3,37655,2025-07-14,Om Sai Transport
SHP09012,Mumbai,Pune,Short,Textiles,22.8,152.2,11263,2025-07-15,Western Carriers
SHP09013,Delhi,Jaipur,Short,Textiles,23.8,276.5,20759,2025-07-15,TCI Freight
SHP09014,Delhi,Jaipur,Short,Packaged Foods,10.8,277.6,9431,2025-07-15,Om Sai Transport
SHP09015,Chennai,Bangalore,Short,Textiles,16.1,352.4,16284,2025-07-15,Western Carriers
SHP09016,Chennai,Bangalore,Short,Steel Coils,13.9,352.9,13973,2025-07-15,VRL Logistics
SHP09017,Ahmedabad,Mumbai,Medium,Packaged Foods,24.9,527.9,34993,2025-07-15,SafeExpress
SHP09018,Ahmedabad,Mumbai,Medium,Steel Coils,21.1,531.5,29500,2025-07-15,Om Sai Transport
SHP09019,Ahmedabad,Mumbai,Medium,FMCG,20.3,528.3,27771,2025-07-15,Western Carriers
SHP09020,Kolkata,Bhubaneswar,Medium,Electronics,23.7,442.7,27573,2025-07-15,Om Sai Transport
SHP09021,Kolkata,Bhubaneswar,Medium,Steel Coils,11.5,442.7,13782,2025-07-15,Shivam Freight Co
SHP09022,Kolkata,Bhubaneswar,Medium,Electronics,20.1,442.4,24104,2025-07-15,Om Sai Transport
SHP09023,Bangalore,Hyderabad,Medium,Electronics,23.9,566.5,34525,2025-07-15,Western Carriers
SHP09024,Mumbai,Delhi,Long,FMCG,22.1,1416.7,66828,2025-07-15,Shivam Freight Co
SHP09025,Mumbai,Delhi,Long,Chemicals,23.1,1417.2,72415,2025-07-15,Om Sai Transport
SHP09026,Mumbai,Delhi,Long,Packaged Foods,25.0,1423.1,77959,2025-07-15,Western Carriers
SHP09027,Delhi,Kolkata,Long,Steel Coils,16.7,1512.3,53255,2025-07-15,VRL Logistics
SHP09028,Delhi,Kolkata,Long,Packaged Foods,14.1,1509.4,43430,2025-07-15,TCI Freight
SHP09029,Delhi,Kolkata,Long,FMCG,12.8,1511.2,39839,2025-07-15,SafeExpress
SHP09030,Mumbai,Pune,Short,Automobile Parts,18.9,149.1,9083,2025-07-16,Om Sai Transport
SHP09031,Mumbai,Pune,Short,Chemicals,10.2,148.4,4800,2025-07-16,Western Carriers
SHP09032,Mumbai,Pune,Short,Packaged Foods,19.3,148.1,9027,2025-07-16,SafeExpress
SHP09033,Delhi,Jaipur,Short,Chemicals,14.8,276.6,12953,2025-07-16,Western Carriers
SHP09034,Delhi,Jaipur,Short,FMCG,12.9,276.2,11304,2025-07-16,SafeExpress
SHP09035,Delhi,Jaipur,Short,Chemicals,23.4,277.1,20524,2025-07-16,VRL Logistics
SHP09036,Chennai,Bangalore,Short,Automobile Parts,23.2,352.3,23083,2025-07-16,Western Carriers
SHP09037,Chennai,Bangalore,Short,Steel Coils,13.3,349.8,13583,2025-07-16,SafeExpress
SHP09038,Chennai,Bangalore,Short,FMCG,24.8,349.1,25178,2025-07-16,VRL Logistics
SHP09039,Ahmedabad,Mumbai,Medium,Automobile Parts,20.4,532.9,28383,2025-07-16,TCI Freight
SHP09040,Kolkata,Bhubaneswar,Medium,Textiles,24.4,437.4,28311,2025-07-16,Western Carriers
SHP09041,Kolkata,Bhubaneswar,Medium,Electronics,12.7,438.6,14604,2025-07-16,Shivam Freight Co
SHP09042,Kolkata,Bhubaneswar,Medium,FMCG,20.5,443.9,24665,2025-07-16,Western Carriers
SHP09043,Bangalore,Hyderabad,Medium,Automobile Parts,14.6,568.4,21242,2025-07-16,TCI Freight
SHP09044,Bangalore,Hyderabad,Medium,Packaged Foods,16.7,567.1,23484,2025-07-16,Western Carriers
SHP09045,Mumbai,Delhi,Long,Electronics,17.0,1422.8,54536,2025-07-16,Om Sai Transport
SHP09046,Mumbai,Delhi,Long,Textiles,20.8,1417.4,65113,2025-07-16,TCI Freight
SHP09047,Mumbai,Delhi,Long,Electronics,12.0,1420.9,38149,2025-07-16,Western Carriers
SHP09048,Delhi,Kolkata,Long,Steel Coils,11.1,1507.9,36337,2025-07-16,Om Sai Transport
SHP09049,Delhi,Kolkata,Long,Steel Coils,14.1,1506.0,45668,2025-07-16,Western Carriers
SHP09050,Delhi,Kolkata,Long,Steel Coils,17.6,1509.9,55667,2025-07-16,TCI Freight
SHP09051,Mumbai,Pune,Short,Textiles,22.5,148.7,10538,2025-07-17,Shivam Freight Co
SHP09052,Mumbai,Pune,Short,Packaged Foods,13.2,147.2,6053,2025-07-17,SafeExpress
SHP09053,Mumbai,Pune,Short,Electronics,16.4,152.1,8047,2025-07-17,Western Carriers
SHP09054,Delhi,Jaipur,Short,Automobile Parts,12.7,276.2,10724,2025-07-17,SafeExpress
SHP09055,Delhi,Jaipur,Short,Steel Coils,22.5,279.4,19432,2025-07-17,Shivam Freight Co
SHP09056,Delhi,Jaipur,Short,Packaged Foods,17.3,283.2,15021,2025-07-17,Om Sai Transport
SHP09057,Chennai,Bangalore,Short,Electronics,20.8,350.6,20965,2025-07-17,TCI Freight
SHP09058,Chennai,Bangalore,Short,Automobile Parts,24.4,353.6,25175,2025-07-17,Om Sai Transport
SHP09059,Ahmedabad,Mumbai,Medium,Packaged Foods,20.9,530.8,28487,2025-07-17,TCI Freight
SHP09060,Kolkata,Bhubaneswar,Medium,Automobile Parts,14.5,438.4,17396,2025-07-17,VRL Logistics
SHP09061,Kolkata,Bhubaneswar,Medium,Steel Coils,21.4,443.3,25629,2025-07-17,SafeExpress
SHP09062,Kolkata,Bhubaneswar,Medium,Steel Coils,23.6,442.1,28811,2025-07-17,VRL Logistics
SHP09063,Bangalore,Hyderabad,Medium,Textiles,15.3,572.2,22788,2025-07-17,SafeExpress
SHP09064,Bangalore,Hyderabad,Medium,Textiles,18.8,569.5,28395,2025-07-17,Western Carriers
SHP09065,Mumbai,Delhi,Long,Textiles,11.8,1416.0,36166,2025-07-17,Shivam Freight Co
SHP09066,Mumbai,Delhi,Long,Automobile Parts,19.0,1419.2,59226,2025-07-17,VRL Logistics
SHP09067,Mumbai,Delhi,Long,Electronics,11.0,1422.9,33834,2025-07-17,Shivam Freight Co
SHP09068,Delhi,Kolkata,Long,Automobile Parts,22.6,1513.0,71474,2025-07-17,Shivam Freight Co
SHP09069,Mumbai,Pune,Short,Chemicals,15.7,149.4,7411,2025-07-18,VRL Logistics
SHP09070,Delhi,Jaipur,Short,Automobile Parts,21.8,280.4,18474,2025-07-18,SafeExpress
SHP09071,Delhi,Jaipur,Short,Steel Coils,20.4,282.7,17661,2025-07-18,TCI Freight
SHP09072,Delhi,Jaipur,Short,Textiles,22.3,281.6,18890,2025-07-18,Shivam Freight Co
SHP09073,Chennai,Bangalore,Short,FMCG,21.4,349.3,21906,2025-07-18,Western Carriers
SHP09074,Ahmedabad,Mumbai,Medium,Packaged Foods,12.4,531.1,17124,2025-07-18,Om Sai Transport
SHP09075,Kolkata,Bhubaneswar,Medium,Electronics,12.6,440.5,15119,2025-07-18,VRL Logistics
SHP09076,Bangalore,Hyderabad,Medium,Automobile Parts,23.2,573.8,32928,2025-07-18,SafeExpress
SHP09077,Bangalore,Hyderabad,Medium,FMCG,24.3,567.9,34081,2025-07-18,VRL Logistics
SHP09078,Mumbai,Delhi,Long,Electronics,17.1,1420.7,51962,2025-07-18,Shivam Freight Co
SHP09079,Mumbai,Delhi,Long,Textiles,19.0,1417.1,58145,2025-07-18,TCI Freight
SHP09080,Delhi,Kolkata,Long,FMCG,14.7,1513.9,48196,2025-07-18,Om Sai Transport
SHP09081,Delhi,Kolkata,Long,Chemicals,23.0,1508.7,73362,2025-07-18,Western Carriers
SHP09082,Delhi,Kolkata,Long,Packaged Foods,20.2,1512.7,66035,2025-07-18,SafeExpress
SHP09083,Mumbai,Pune,Short,Chemicals,23.8,153.6,11752,2025-07-19,Western Carriers
SHP09084,Delhi,Jaipur,Short,Packaged Foods,17.1,280.4,14964,2025-07-19,Om Sai Transport
SHP09085,Chennai,Bangalore,Short,Electronics,11.0,351.5,11394,2025-07-19,VRL Logistics
SHP09086,Chennai,Bangalore,Short,Packaged Foods,16.9,352.0,18013,2025-07-19,Shivam Freight Co
SHP09087,Chennai,Bangalore,Short,Automobile Parts,19.1,348.3,19723,2025-07-19,Shivam Freight Co
SHP09088,Ahmedabad,Mumbai,Medium,Electronics,23.9,531.7,32531,2025-07-19,Shivam Freight Co
SHP09089,Ahmedabad,Mumbai,Medium,FMCG,24.9,528.3,34044,2025-07-19,SafeExpress
SHP09090,Ahmedabad,Mumbai,Medium,Electronics,11.5,531.1,16018,2025-07-19,VRL Logistics
SHP09091,Kolkata,Bhubaneswar,Medium,Steel Coils,17.4,438.9,19954,2025-07-19,VRL Logistics
SHP09092,Kolkata,Bhubaneswar,Medium,Electronics,24.9,443.3,28363,2025-07-19,VRL Logistics
SHP09093,Kolkata,Bhubaneswar,Medium,Packaged Foods,10.2,437.3,11435,2025-07-19,Western Carriers
SHP09094,Bangalore,Hyderabad,Medium,Electronics,23.1,572.5,33239,2025-07-19,SafeExpress
SHP09095,Bangalore,Hyderabad,Medium,Chemicals,18.6,568.6,27278,2025-07-19,SafeExpress
SHP09096,Mumbai,Delhi,Long,Packaged Foods,15.6,1416.3,46408,2025-07-19,TCI Freight
SHP09097,Mumbai,Delhi,Long,Automobile Parts,13.1,1416.4,39369,2025-07-19,SafeExpress
SHP09098,Delhi,Kolkata,Long,Packaged Foods,18.7,1512.6,61301,2025-07-19,Western Carriers
SHP09099,Delhi,Kolkata,Long,Textiles,23.6,1509.2,77329,2025-07-19,Shivam Freight Co
SHP09100,Mumbai,Pune,Short,FMCG,12.6,152.5,6021,2025-07-20,TCI Freight
SHP09101,Mumbai,Pune,Short,FMCG,22.7,147.6,10402,2025-07-20,VRL Logistics
SHP09102,Delhi,Jaipur,Short,Packaged Foods,12.4,280.3,10907,2025-07-20,Western Carriers
SHP09103,Delhi,Jaipur,Short,Steel Coils,19.3,279.3,16690,2025-07-20,SafeExpress
SHP09104,Chennai,Bangalore,Short,Electronics,15.6,346.9,15904,2025-07-20,VRL Logistics
SHP09105,Chennai,Bangalore,Short,Chemicals,16.5,350.8,16642,2025-07-20,Western Carriers
SHP09106,Chennai,Bangalore,Short,Steel Coils,16.4,347.4,16380,2025-07-20,Western Carriers
SHP09107,Ahmedabad,Mumbai,Medium,FMCG,10.4,531.3,14197,2025-07-20,VRL Logistics
SHP09108,Kolkata,Bhubaneswar,Medium,FMCG,15.8,441.7,18067,2025-07-20,SafeExpress
SHP09109,Kolkata,Bhubaneswar,Medium,Steel Coils,13.9,437.6,15844,2025-07-20,TCI Freight
SHP09110,Kolkata,Bhubaneswar,Medium,Steel Coils,19.5,438.8,22433,2025-07-20,SafeExpress
SHP09111,Bangalore,Hyderabad,Medium,Steel Coils,14.0,571.6,20351,2025-07-20,Western Carriers
SHP09112,Bangalore,Hyderabad,Medium,Automobile Parts,17.1,570.3,24814,2025-07-20,Shivam Freight Co
SHP09113,Bangalore,Hyderabad,Medium,Electronics,17.7,566.9,25454,2025-07-20,Western Carriers
SHP09114,Mumbai,Delhi,Long,Automobile Parts,20.8,1416.7,64624,2025-07-20,TCI Freight
SHP09115,Mumbai,Delhi,Long,Steel Coils,20.0,1418.6,62036,2025-07-20,Shivam Freight Co
SHP09116,Mumbai,Delhi,Long,Automobile Parts,12.5,1418.1,38636,2025-07-20,Shivam Freight Co
SHP09117,Delhi,Kolkata,Long,Automobile Parts,17.5,1507.2,57066,2025-07-20,Om Sai Transport
SHP09118,Mumbai,Pune,Short,FMCG,22.2,149.9,10491,2025-07-21,TCI Freight
SHP09119,Mumbai,Pune,Short,Steel Coils,12.9,151.8,6247,2025-07-21,Western Carriers
SHP09120,Mumbai,Pune,Short,Packaged Foods,17.6,146.4,7960,2025-07-21,VRL Logistics
SHP09121,Delhi,Jaipur,Short,Packaged Foods,20.7,281.3,18244,2025-07-21,TCI Freight
SHP09122,Delhi,Jaipur,Short,Packaged Foods,21.6,279.9,18880,2025-07-21,SafeExpress
SHP09123,Chennai,Bangalore,Short,FMCG,11.7,348.8,12278,2025-07-21,VRL Logistics
SHP09124,Chennai,Bangalore,Short,Chemicals,20.0,353.8,20937,2025-07-21,TCI Freight
SHP09125,Chennai,Bangalore,Short,Steel Coils,20.5,346.1,21437,2025-07-21,TCI Freight
SHP09126,Ahmedabad,Mumbai,Medium,Packaged Foods,11.5,528.2,15307,2025-07-21,TCI Freight
SHP09127,Kolkata,Bhubaneswar,Medium,FMCG,24.8,442.6,29999,2025-07-21,Shivam Freight Co
SHP09128,Kolkata,Bhubaneswar,Medium,Textiles,17.4,437.9,20351,2025-07-21,Shivam Freight Co
SHP09129,Kolkata,Bhubaneswar,Medium,Textiles,23.3,437.8,27007,2025-07-21,Western Carriers
SHP09130,Bangalore,Hyderabad,Medium,Automobile Parts,20.6,567.4,30184,2025-07-21,Om Sai Transport
SHP09131,Bangalore,Hyderabad,Medium,Steel Coils,23.8,567.8,34733,2025-07-21,SafeExpress
SHP09132,Bangalore,Hyderabad,Medium,Electronics,21.4,570.0,30758,2025-07-21,VRL Logistics
SHP09133,Mumbai,Delhi,Long,Chemicals,20.3,1423.6,64363,2025-07-21,VRL Logistics
SHP09134,Mumbai,Delhi,Long,Automobile Parts,16.1,1424.0,49974,2025-07-21,SafeExpress
SHP09135,Mumbai,Delhi,Long,Chemicals,10.8,1416.1,33449,2025-07-21,Om Sai Transport
SHP09136,Delhi,Kolkata,Long,Automobile Parts,16.9,1508.1,56003,2025-07-21,SafeExpress
SHP09137,Mumbai,Pune,Short,Steel Coils,20.0,151.1,9384,2025-07-22,TCI Freight
SHP09138,Mumbai,Pune,Short,Electronics,21.3,147.0,9735,2025-07-22,VRL Logistics
SHP09139,Mumbai,Pune,Short,Textiles,22.8,146.4,10319,2025-07-22,VRL Logistics
SHP09140,Delhi,Jaipur,Short,FMCG,20.3,280.3,18573,2025-07-22,TCI Freight
SHP09141,Delhi,Jaipur,Short,Packaged Foods,18.8,278.6,16986,2025-07-22,TCI Freight
SHP09142,Chennai,Bangalore,Short,Electronics,13.8,353.4,13915,2025-07-22,TCI Freight
SHP09143,Chennai,Bangalore,Short,Textiles,18.9,348.2,18678,2025-07-22,SafeExpress
SHP09144,Chennai,Bangalore,Short,Textiles,19.9,352.7,20424,2025-07-22,SafeExpress
SHP09145,Ahmedabad,Mumbai,Medium,Textiles,20.2,533.9,27555,2025-07-22,SafeExpress
SHP09146,Ahmedabad,Mumbai,Medium,Textiles,13.9,527.8,18410,2025-07-22,SafeExpress
SHP09147,Kolkata,Bhubaneswar,Medium,Textiles,14.6,438.4,16924,2025-07-22,SafeExpress
SHP09148,Kolkata,Bhubaneswar,Medium,Textiles,11.0,438.5,12551,2025-07-22,Om Sai Transport
SHP09149,Bangalore,Hyderabad,Medium,FMCG,21.3,573.1,30775,2025-07-22,SafeExpress
SHP09150,Bangalore,Hyderabad,Medium,Chemicals,14.8,568.4,20770,2025-07-22,TCI Freight
SHP09151,Bangalore,Hyderabad,Medium,Packaged Foods,10.4,567.8,14711,2025-07-22,SafeExpress
SHP09152,Mumbai,Delhi,Long,Steel Coils,13.6,1417.2,43063,2025-07-22,SafeExpress
SHP09153,Mumbai,Delhi,Long,Textiles,19.3,1421.6,61064,2025-07-22,TCI Freight
SHP09154,Delhi,Kolkata,Long,Electronics,17.3,1509.9,55584,2025-07-22,SafeExpress
SHP09155,Mumbai,Pune,Short,Steel Coils,12.3,148.0,5810,2025-07-23,VRL Logistics
SHP09156,Mumbai,Pune,Short,Steel Coils,24.8,153.8,12047,2025-07-23,TCI Freight
SHP09157,Delhi,Jaipur,Short,Steel Coils,12.8,282.1,11393,2025-07-23,Om Sai Transport
SHP09158,Delhi,Jaipur,Short,Packaged Foods,22.8,283.8,20775,2025-07-23,SafeExpress
SHP09159,Chennai,Bangalore,Short,Packaged Foods,15.2,350.8,15564,2025-07-23,Western Carriers
SHP09160,Ahmedabad,Mumbai,Medium,Chemicals,13.5,527.9,18339,2025-07-23,TCI Freight
SHP09161,Ahmedabad,Mumbai,Medium,Automobile Parts,18.3,531.3,24599,2025-07-23,Om Sai Transport
SHP09162,Kolkata,Bhubaneswar,Medium,Chemicals,24.9,437.3,28443,2025-07-23,Om Sai Transport
SHP09163,Kolkata,Bhubaneswar,Medium,Chemicals,16.9,443.7,19451,2025-07-23,Om Sai Transport
SHP09164,Bangalore,Hyderabad,Medium,FMCG,11.3,567.3,16811,2025-07-23,VRL Logistics
SHP09165,Mumbai,Delhi,Long,Chemicals,17.8,1416.5,56559,2025-07-23,Western Carriers
SHP09166,Mumbai,Delhi,Long,Packaged Foods,17.7,1421.5,56316,2025-07-23,TCI Freight
SHP09167,Mumbai,Delhi,Long,Chemicals,11.5,1417.0,36827,2025-07-23,VRL Logistics
SHP09168,Delhi,Kolkata,Long,Textiles,23.3,1510.0,73419,2025-07-23,Om Sai Transport
SHP09169,Mumbai,Pune,Short,Chemicals,12.8,149.3,6212,2025-07-24,Western Carriers
SHP09170,Delhi,Jaipur,Short,Textiles,22.2,278.7,19280,2025-07-24,TCI Freight
SHP09171,Delhi,Jaipur,Short,Automobile Parts,20.7,281.4,18573,2025-07-24,Om Sai Transport
SHP09172,Chennai,Bangalore,Short,Steel Coils,23.9,346.4,24368,2025-07-24,Om Sai Transport
SHP09173,Chennai,Bangalore,Short,Electronics,14.2,348.3,14343,2025-07-24,Shivam Freight Co
SHP09174,Ahmedabad,Mumbai,Medium,Automobile Parts,20.2,531.2,28974,2025-07-24,Om Sai Transport
SHP09175,Ahmedabad,Mumbai,Medium,Electronics,12.9,526.9,17753,2025-07-24,Om Sai Transport
SHP09176,Ahmedabad,Mumbai,Medium,Automobile Parts,17.7,526.0,24972,2025-07-24,Om Sai Transport
SHP09177,Kolkata,Bhubaneswar,Medium,Automobile Parts,22.6,440.0,26309,2025-07-24,Shivam Freight Co
SHP09178,Kolkata,Bhubaneswar,Medium,Textiles,11.3,443.2,13338,2025-07-24,SafeExpress
SHP09179,Bangalore,Hyderabad,Medium,Packaged Foods,16.5,573.5,24333,2025-07-24,Shivam Freight Co
SHP09180,Bangalore,Hyderabad,Medium,Chemicals,22.8,567.2,33213,2025-07-24,Western Carriers
SHP09181,Bangalore,Hyderabad,Medium,Textiles,21.5,567.4,31865,2025-07-24,Western Carriers
SHP09182,Mumbai,Delhi,Long,Electronics,16.6,1424.0,51871,2025-07-24,Shivam Freight Co
SHP09183,Delhi,Kolkata,Long,Automobile Parts,11.4,1507.7,36537,2025-07-24,SafeExpress
SHP09184,Delhi,Kolkata,Long,Textiles,15.4,1510.1,48755,2025-07-24,Shivam Freight Co
SHP09185,Delhi,Kolkata,Long,Textiles,23.2,1513.4,72493,2025-07-24,VRL Logistics
SHP09186,Mumbai,Pune,Short,Packaged Foods,17.0,152.0,8087,2025-07-25,Western Carriers
SHP09187,Delhi,Jaipur,Short,Textiles,12.1,276.8,10837,2025-07-25,Shivam Freight Co
SHP09188,Chennai,Bangalore,Short,Chemicals,15.8,346.2,15461,2025-07-25,VRL Logistics
SHP09189,Ahmedabad,Mumbai,Medium,Electronics,21.7,527.9,30279,2025-07-25,Om Sai Transport
SHP09190,Ahmedabad,Mumbai,Medium,Electronics,22.9,530.4,31431,2025-07-25,Shivam Freight Co
SHP09191,Kolkata,Bhubaneswar,Medium,FMCG,23.6,438.2,27788,2025-07-25,SafeExpress
SHP09192,Kolkata,Bhubaneswar,Medium,Steel Coils,10.7,437.8,12423,2025-07-25,TCI Freight
SHP09193,Kolkata,Bhubaneswar,Medium,Steel Coils,18.0,442.4,21132,2025-07-25,SafeExpress
SHP09194,Bangalore,Hyderabad,Medium,Chemicals,11.4,572.6,17115,2025-07-25,Shivam Freight Co
SHP09195,Bangalore,Hyderabad,Medium,Packaged Foods,13.1,572.0,19771,2025-07-25,Shivam Freight Co
SHP09196,Mumbai,Delhi,Long,FMCG,10.4,1417.9,30835,2025-07-25,SafeExpress
SHP09197,Delhi,Kolkata,Long,FMCG,12.6,1511.8,40536,2025-07-25,Om Sai Transport
SHP09198,Delhi,Kolkata,Long,FMCG,14.9,1510.6,48858,2025-07-25,SafeExpress
SHP09199,Delhi,Kolkata,Long,Textiles,22.3,1508.7,72613,2025-07-25,SafeExpress
SHP09200,Mumbai,Pune,Short,Chemicals,11.4,149.5,5354,2025-07-26,Shivam Freight Co
SHP09201,Delhi,Jaipur,Short,Textiles,25.0,277.8,21719,2025-07-26,Om Sai Transport
SHP09202,Delhi,Jaipur,Short,Textiles,13.1,282.7,11233,2025-07-26,SafeExpress
SHP09203,Chennai,Bangalore,Short,Electronics,11.9,352.0,12114,2025-07-26,SafeExpress
SHP09204,Chennai,Bangalore,Short,Chemicals,17.4,349.1,17732,2025-07-26,Shivam Freight Co
SHP09205,Ahmedabad,Mumbai,Medium,Steel Coils,15.0,534.0,20266,2025-07-26,VRL Logistics
SHP09206,Ahmedabad,Mumbai,Medium,Chemicals,12.6,531.8,16869,2025-07-26,SafeExpress
SHP09207,Kolkata,Bhubaneswar,Medium,Automobile Parts,19.1,438.9,21942,2025-07-26,VRL Logistics
SHP09208,Bangalore,Hyderabad,Medium,Automobile Parts,24.1,570.9,34680,2025-07-26,Shivam Freight Co
SHP09209,Mumbai,Delhi,Long,Automobile Parts,21.3,1418.3,66400,2025-07-26,Om Sai Transport
SHP09210,Delhi,Kolkata,Long,Steel Coils,15.2,1506.4,48013,2025-07-26,TCI Freight
SHP09211,Delhi,Kolkata,Long,FMCG,12.8,1510.8,39344,2025-07-26,Western Carriers
SHP09212,Mumbai,Pune,Short,Packaged Foods,22.2,148.5,10463,2025-07-27,VRL Logistics
SHP09213,Mumbai,Pune,Short,Electronics,21.1,146.2,9774,2025-07-27,SafeExpress
SHP09214,Mumbai,Pune,Short,Automobile Parts,21.8,150.9,10629,2025-07-27,TCI Freight
SHP09215,Delhi,Jaipur,Short,Textiles,17.9,277.9,15289,2025-07-27,TCI Freight
SHP09216,Delhi,Jaipur,Short,Textiles,24.2,281.2,20649,2025-07-27,VRL Logistics
SHP09217,Delhi,Jaipur,Short,Automobile Parts,16.7,281.1,14438,2025-07-27,TCI Freight
SHP09218,Chennai,Bangalore,Short,Steel Coils,12.0,349.9,12399,2025-07-27,Western Carriers
SHP09219,Chennai,Bangalore,Short,FMCG,24.8,350.6,25674,2025-07-27,VRL Logistics
SHP09220,Chennai,Bangalore,Short,Textiles,18.0,347.7,18529,2025-07-27,SafeExpress
SHP09221,Ahmedabad,Mumbai,Medium,Packaged Foods,23.3,533.8,32364,2025-07-27,Western Carriers
SHP09222,Ahmedabad,Mumbai,Medium,FMCG,16.8,533.1,23616,2025-07-27,SafeExpress
SHP09223,Ahmedabad,Mumbai,Medium,Textiles,17.2,533.3,23538,2025-07-27,Om Sai Transport
SHP09224,Kolkata,Bhubaneswar,Medium,Automobile Parts,17.9,436.9,20239,2025-07-27,SafeExpress
SHP09225,Kolkata,Bhubaneswar,Medium,Textiles,21.7,440.2,25060,2025-07-27,VRL Logistics
SHP09226,Kolkata,Bhubaneswar,Medium,Steel Coils,22.7,436.9,26027,2025-07-27,Western Carriers
SHP09227,Bangalore,Hyderabad,Medium,Electronics,16.2,572.4,23718,2025-07-27,Western Carriers
SHP09228,Mumbai,Delhi,Long,Packaged Foods,15.0,1417.2,45832,2025-07-27,Shivam Freight Co
SHP09229,Mumbai,Delhi,Long,Chemicals,20.9,1423.0,65448,2025-07-27,VRL Logistics
SHP09230,Mumbai,Delhi,Long,Packaged Foods,19.6,1422.9,60065,2025-07-27,TCI Freight
SHP09231,Delhi,Kolkata,Long,Packaged Foods,15.5,1509.6,51217,2025-07-27,TCI Freight
SHP09232,Delhi,Kolkata,Long,Electronics,15.6,1511.7,50409,2025-07-27,Shivam Freight Co
SHP09233,Mumbai,Pune,Short,Chemicals,14.1,152.5,6794,2025-07-28,SafeExpress
SHP09234,Mumbai,Pune,Short,Textiles,18.5,147.3,8611,2025-07-28,Shivam Freight Co
SHP09235,Delhi,Jaipur,Short,Automobile Parts,14.9,279.4,13372,2025-07-28,TCI Freight
SHP09236,Chennai,Bangalore,Short,Chemicals,21.0,347.2,21827,2025-07-28,TCI Freight
SHP09237,Ahmedabad,Mumbai,Medium,Packaged Foods,16.8,533.7,23282,2025-07-28,Om Sai Transport
SHP09238,Kolkata,Bhubaneswar,Medium,Automobile Parts,16.9,436.2,20056,2025-07-28,SafeExpress
SHP09239,Kolkata,Bhubaneswar,Medium,Electronics,18.3,440.7,21895,2025-07-28,Om Sai Transport
SHP09240,Bangalore,Hyderabad,Medium,Steel Coils,16.2,566.8,23394,2025-07-28,SafeExpress
SHP09241,Bangalore,Hyderabad,Medium,Packaged Foods,12.5,568.8,17925,2025-07-28,Shivam Freight Co
SHP09242,Bangalore,Hyderabad,Medium,Electronics,24.5,566.3,35442,2025-07-28,SafeExpress
SHP09243,Mumbai,Delhi,Long,Chemicals,20.3,1416.0,61249,2025-07-28,Om Sai Transport
SHP09244,Delhi,Kolkata,Long,FMCG,21.7,1511.4,67760,2025-07-28,Shivam Freight Co
SHP09245,Delhi,Kolkata,Long,Textiles,15.7,1510.4,48248,2025-07-28,Om Sai Transport
SHP09246,Delhi,Kolkata,Long,FMCG,10.6,1512.5,33281,2025-07-28,Shivam Freight Co
SHP09247,Mumbai,Pune,Short,Electronics,12.0,152.0,5582,2025-07-29,SafeExpress
SHP09248,Delhi,Jaipur,Short,Packaged Foods,24.2,283.0,21094,2025-07-29,Western Carriers
SHP09249,Chennai,Bangalore,Short,Electronics,23.4,352.1,23768,2025-07-29,SafeExpress
SHP09250,Ahmedabad,Mumbai,Medium,Automobile Parts,11.7,531.8,16403,2025-07-29,SafeExpress
SHP09251,Ahmedabad,Mumbai,Medium,Packaged Foods,23.5,530.9,32968,2025-07-29,Shivam Freight Co
SHP09252,Kolkata,Bhubaneswar,Medium,Automobile Parts,21.9,436.6,25465,2025-07-29,Om Sai Transport
SHP09253,Kolkata,Bhubaneswar,Medium,Textiles,18.4,442.7,21527,2025-07-29,Shivam Freight Co
SHP09254,Bangalore,Hyderabad,Medium,Textiles,23.7,572.2,35209,2025-07-29,TCI Freight
SHP09255,Bangalore,Hyderabad,Medium,Packaged Foods,11.8,571.0,17169,2025-07-29,Shivam Freight Co
SHP09256,Mumbai,Delhi,Long,Textiles,21.7,1416.2,69139,2025-07-29,VRL Logistics
SHP09257,Mumbai,Delhi,Long,Packaged Foods,18.9,1422.3,59291,2025-07-29,Om Sai Transport
SHP09258,Delhi,Kolkata,Long,Electronics,20.7,1507.3,67840,2025-07-29,Om Sai Transport
SHP09259,Delhi,Kolkata,Long,Chemicals,22.5,1513.3,72335,2025-07-29,Shivam Freight Co
SHP09260,Delhi,Kolkata,Long,FMCG,17.0,1508.7,54667,2025-07-29,VRL Logistics
SHP09261,Mumbai,Pune,Short,Steel Coils,24.5,148.4,11304,2025-07-30,SafeExpress
SHP09262,Delhi,Jaipur,Short,Textiles,11.7,277.4,9971,2025-07-30,VRL Logistics
SHP09263,Delhi,Jaipur,Short,Electronics,17.5,280.0,14849,2025-07-30,Om Sai Transport
SHP09264,Chennai,Bangalore,Short,FMCG,11.4,346.1,11143,2025-07-30,Western Carriers
SHP09265,Ahmedabad,Mumbai,Medium,FMCG,17.9,526.8,23928,2025-07-30,Western Carriers
SHP09266,Kolkata,Bhubaneswar,Medium,Chemicals,17.8,438.2,20725,2025-07-30,Western Carriers
SHP09267,Kolkata,Bhubaneswar,Medium,Chemicals,10.2,439.9,12282,2025-07-30,Shivam Freight Co
SHP09268,Bangalore,Hyderabad,Medium,Automobile Parts,13.5,570.9,19252,2025-07-30,SafeExpress
SHP09269,Bangalore,Hyderabad,Medium,Steel Coils,16.7,569.1,23871,2025-07-30,TCI Freight
SHP09270,Mumbai,Delhi,Long,Automobile Parts,21.9,1417.3,67274,2025-07-30,Western Carriers
SHP09271,Mumbai,Delhi,Long,Electronics,19.1,1418.5,57463,2025-07-30,Shivam Freight Co
SHP09272,Mumbai,Delhi,Long,Automobile Parts,20.7,1418.1,62393,2025-07-30,VRL Logistics
SHP09273,Delhi,Kolkata,Long,Textiles,13.9,1508.6,45863,2025-07-30,Western Carriers
SHP09274,Delhi,Kolkata,Long,Automobile Parts,14.0,1510.0,45276,2025-07-30,VRL Logistics
SHP09275,Delhi,Kolkata,Long,Electronics,20.8,1509.7,66748,2025-07-30,Western Carriers
SHP09276,Mumbai,Pune,Short,Chemicals,12.5,147.6,5851,2025-07-31,Om Sai Transport
SHP09277,Mumbai,Pune,Short,Automobile Parts,12.6,151.1,6136,2025-07-31,Om Sai Transport
SHP09278,Delhi,Jaipur,Short,Textiles,21.5,282.4,18551,2025-07-31,VRL Logistics
SHP09279,Chennai,Bangalore,Short,FMCG,11.9,351.1,12534,2025-07-31,TCI Freight
SHP09280,Chennai,Bangalore,Short,Textiles,14.3,352.2,14851,2025-07-31,VRL Logistics
SHP09281,Chennai,Bangalore,Short,Electronics,19.7,351.0,20194,2025-07-31,Shivam Freight Co
SHP09282,Ahmedabad,Mumbai,Medium,Automobile Parts,22.7,531.1,31362,2025-07-31,VRL Logistics
SHP09283,Kolkata,Bhubaneswar,Medium,Chemicals,23.5,438.4,27367,2025-07-31,Om Sai Transport
SHP09284,Kolkata,Bhubaneswar,Medium,Textiles,13.2,443.9,16056,2025-07-31,VRL Logistics
SHP09285,Kolkata,Bhubaneswar,Medium,Chemicals,13.3,441.8,15727,2025-07-31,Om Sai Transport
SHP09286,Bangalore,Hyderabad,Medium,Textiles,21.0,570.8,31227,2025-07-31,SafeExpress
SHP09287,Bangalore,Hyderabad,Medium,Steel Coils,14.5,571.4,22005,2025-07-31,Western Carriers
SHP09288,Bangalore,Hyderabad,Medium,Electronics,21.8,566.0,31893,2025-07-31,TCI Freight
SHP09289,Mumbai,Delhi,Long,Automobile Parts,22.1,1417.6,68169,2025-07-31,Shivam Freight Co
SHP09290,Delhi,Kolkata,Long,Packaged Foods,20.1,1513.2,65500,2025-07-31,Shivam Freight Co
SHP09291,Mumbai,Pune,Short,Chemicals,11.2,146.9,5408,2025-08-01,Shivam Freight Co
SHP09292,Delhi,Jaipur,Short,Steel Coils,15.3,277.7,13448,2025-08-01,TCI Freight
SHP09293,Chennai,Bangalore,Short,Textiles,23.1,350.4,23411,2025-08-01,Shivam Freight Co
SHP09294,Chennai,Bangalore,Short,Chemicals,11.0,350.6,10840,2025-08-01,SafeExpress
SHP09295,Ahmedabad,Mumbai,Medium,Chemicals,23.3,526.2,32943,2025-08-01,Om Sai Transport
SHP09296,Ahmedabad,Mumbai,Medium,Electronics,22.0,527.0,30222,2025-08-01,TCI Freight
SHP09297,Kolkata,Bhubaneswar,Medium,Textiles,19.7,436.5,23185,2025-08-01,Om Sai Transport
SHP09298,Bangalore,Hyderabad,Medium,Electronics,13.4,569.7,19077,2025-08-01,SafeExpress
SHP09299,Mumbai,Delhi,Long,Steel Coils,16.7,1418.3,50813,2025-08-01,TCI Freight
SHP09300,Mumbai,Delhi,Long,FMCG,19.5,1416.1,58670,2025-08-01,Om Sai Transport
SHP09301,Mumbai,Delhi,Long,Automobile Parts,23.1,1423.5,71668,2025-08-01,Western Carriers
SHP09302,Delhi,Kolkata,Long,Packaged Foods,14.6,1506.8,45143,2025-08-01,SafeExpress
SHP09303,Delhi,Kolkata,Long,FMCG,22.9,1508.7,72118,2025-08-01,SafeExpress
SHP09304,Delhi,Kolkata,Long,Steel Coils,14.1,1513.9,44136,2025-08-01,SafeExpress
SHP09305,Mumbai,Pune,Short,Electronics,13.3,147.1,6373,2025-08-02,VRL Logistics
SHP09306,Mumbai,Pune,Short,Steel Coils,23.3,151.8,11289,2025-08-02,TCI Freight
SHP09307,Delhi,Jaipur,Short,Textiles,21.2,280.1,18749,2025-08-02,Western Carriers
SHP09308,Delhi,Jaipur,Short,FMCG,20.4,281.8,18379,2025-08-02,VRL Logistics
SHP09309,Delhi,Jaipur,Short,Textiles,23.1,283.3,20615,2025-08-02,Western Carriers
SHP09310,Chennai,Bangalore,Short,Textiles,18.8,350.5,19172,2025-08-02,Om Sai Transport
SHP09311,Ahmedabad,Mumbai,Medium,Textiles,22.4,529.9,31533,2025-08-02,TCI Freight
SHP09312,Ahmedabad,Mumbai,Medium,Chemicals,18.5,529.7,26334,2025-08-02,Om Sai Transport
SHP09313,Ahmedabad,Mumbai,Medium,Electronics,22.0,527.5,30448,2025-08-02,VRL Logistics
SHP09314,Kolkata,Bhubaneswar,Medium,Packaged Foods,12.3,443.5,13799,2025-08-02,VRL Logistics
SHP09315,Kolkata,Bhubaneswar,Medium,FMCG,19.2,441.1,21508,2025-08-02,SafeExpress
SHP09316,Kolkata,Bhubaneswar,Medium,Steel Coils,14.8,439.6,16631,2025-08-02,TCI Freight
SHP09317,Bangalore,Hyderabad,Medium,Chemicals,15.2,566.3,22375,2025-08-02,SafeExpress
SHP09318,Bangalore,Hyderabad,Medium,Chemicals,11.9,569.1,17632,2025-08-02,Om Sai Transport
SHP09319,Bangalore,Hyderabad,Medium,FMCG,13.2,572.8,19547,2025-08-02,Om Sai Transport
SHP09320,Mumbai,Delhi,Long,Steel Coils,10.5,1422.7,33473,2025-08-02,Western Carriers
SHP09321,Mumbai,Delhi,Long,Textiles,15.3,1418.8,47720,2025-08-02,Western Carriers
SHP09322,Mumbai,Delhi,Long,Steel Coils,19.6,1417.5,61583,2025-08-02,SafeExpress
SHP09323,Delhi,Kolkata,Long,Textiles,13.3,1511.3,42876,2025-08-02,Om Sai Transport
SHP09324,Delhi,Kolkata,Long,FMCG,18.0,1508.5,59480,2025-08-02,Shivam Freight Co
SHP09325,Mumbai,Pune,Short,Packaged Foods,11.8,151.9,5566,2025-08-03,SafeExpress
SHP09326,Delhi,Jaipur,Short,Textiles,12.9,278.9,10925,2025-08-03,TCI Freight
SHP09327,Chennai,Bangalore,Short,Textiles,15.1,348.7,15512,2025-08-03,Om Sai Transport
SHP09328,Ahmedabad,Mumbai,Medium,Textiles,16.9,529.8,22920,2025-08-03,Western Carriers
SHP09329,Ahmedabad,Mumbai,Medium,Electronics,13.2,533.1,18620,2025-08-03,TCI Freight
SHP09330,Ahmedabad,Mumbai,Medium,Textiles,11.3,531.4,15364,2025-08-03,VRL Logistics
SHP09331,Kolkata,Bhubaneswar,Medium,Steel Coils,12.4,438.6,14680,2025-08-03,TCI Freight
SHP09332,Bangalore,Hyderabad,Medium,Automobile Parts,21.7,567.6,31644,2025-08-03,Shivam Freight Co
SHP09333,Bangalore,Hyderabad,Medium,Steel Coils,10.0,572.1,14550,2025-08-03,TCI Freight
SHP09334,Mumbai,Delhi,Long,Steel Coils,20.6,1421.3,63485,2025-08-03,Western Carriers
SHP09335,Mumbai,Delhi,Long,Steel Coils,17.2,1421.6,52054,2025-08-03,SafeExpress
SHP09336,Mumbai,Delhi,Long,Chemicals,21.9,1421.3,66114,2025-08-03,SafeExpress
SHP09337,Delhi,Kolkata,Long,Chemicals,10.5,1513.6,34222,2025-08-03,TCI Freight
SHP09338,Delhi,Kolkata,Long,Electronics,24.0,1506.8,77071,2025-08-03,TCI Freight
SHP09339,Delhi,Kolkata,Long,Textiles,22.8,1508.5,74096,2025-08-03,TCI Freight
SHP09340,Mumbai,Pune,Short,Steel Coils,14.3,146.6,6822,2025-08-04,Shivam Freight Co
SHP09341,Mumbai,Pune,Short,FMCG,11.3,152.1,5537,2025-08-04,Western Carriers
SHP09342,Delhi,Jaipur,Short,FMCG,10.4,278.5,9122,2025-08-04,Om Sai Transport
SHP09343,Delhi,Jaipur,Short,Electronics,10.6,276.8,9363,2025-08-04,Shivam Freight Co
SHP09344,Chennai,Bangalore,Short,Packaged Foods,13.5,348.0,13789,2025-08-04,TCI Freight
SHP09345,Chennai,Bangalore,Short,Packaged Foods,12.6,348.6,13009,2025-08-04,SafeExpress
SHP09346,Ahmedabad,Mumbai,Medium,Automobile Parts,20.4,526.7,27910,2025-08-04,Western Carriers
SHP09347,Ahmedabad,Mumbai,Medium,Automobile Parts,22.0,532.5,30993,2025-08-04,Shivam Freight Co
SHP09348,Kolkata,Bhubaneswar,Medium,Textiles,20.2,440.1,24187,2025-08-04,Om Sai Transport
SHP09349,Kolkata,Bhubaneswar,Medium,Textiles,17.0,436.2,19651,2025-08-04,Western Carriers
SHP09350,Bangalore,Hyderabad,Medium,Electronics,17.0,571.9,24892,2025-08-04,VRL Logistics
SHP09351,Bangalore,Hyderabad,Medium,FMCG,22.3,573.2,33331,2025-08-04,VRL Logistics
SHP09352,Mumbai,Delhi,Long,Steel Coils,16.0,1417.7,49714,2025-08-04,VRL Logistics
SHP09353,Mumbai,Delhi,Long,Electronics,21.8,1417.8,69628,2025-08-04,SafeExpress
SHP09354,Mumbai,Delhi,Long,Automobile Parts,15.0,1417.6,47611,2025-08-04,Western Carriers
SHP09355,Delhi,Kolkata,Long,Steel Coils,10.8,1509.2,35256,2025-08-04,VRL Logistics
SHP09356,Delhi,Kolkata,Long,Automobile Parts,20.8,1506.2,66124,2025-08-04,Shivam Freight Co
SHP09357,Mumbai,Pune,Short,Textiles,15.4,151.1,7587,2025-08-05,Western Carriers
SHP09358,Mumbai,Pune,Short,Chemicals,11.2,147.2,5275,2025-08-05,TCI Freight
SHP09359,Mumbai,Pune,Short,Steel Coils,15.2,149.3,7498,2025-08-05,Om Sai Transport
SHP09360,Delhi,Jaipur,Short,Textiles,23.0,280.0,20126,2025-08-05,Shivam Freight Co
SHP09361,Delhi,Jaipur,Short,FMCG,14.1,277.4,12236,2025-08-05,VRL Logistics
SHP09362,Chennai,Bangalore,Short,Chemicals,17.7,350.2,17552,2025-08-05,SafeExpress
SHP09363,Chennai,Bangalore,Short,Electronics,10.1,346.4,9849,2025-08-05,Western Carriers
SHP09364,Ahmedabad,Mumbai,Medium,Chemicals,15.8,529.9,21077,2025-08-05,Shivam Freight Co
SHP09365,Ahmedabad,Mumbai,Medium,Electronics,20.7,530.7,28064,2025-08-05,Om Sai Transport
SHP09366,Ahmedabad,Mumbai,Medium,Chemicals,18.5,529.8,24963,2025-08-05,Om Sai Transport
SHP09367,Kolkata,Bhubaneswar,Medium,Steel Coils,18.0,443.6,21549,2025-08-05,Shivam Freight Co
SHP09368,Bangalore,Hyderabad,Medium,Electronics,17.9,566.8,25246,2025-08-05,VRL Logistics
SHP09369,Mumbai,Delhi,Long,Automobile Parts,17.7,1416.1,55343,2025-08-05,Western Carriers
SHP09370,Mumbai,Delhi,Long,Steel Coils,22.6,1419.5,70234,2025-08-05,SafeExpress
SHP09371,Mumbai,Delhi,Long,Steel Coils,19.0,1417.0,57395,2025-08-05,Western Carriers
SHP09372,Delhi,Kolkata,Long,FMCG,11.6,1507.3,37545,2025-08-05,SafeExpress
SHP09373,Mumbai,Pune,Short,Steel Coils,11.2,152.3,5638,2025-08-06,Shivam Freight Co
SHP09374,Mumbai,Pune,Short,Automobile Parts,22.7,147.6,10996,2025-08-06,VRL Logistics
SHP09375,Delhi,Jaipur,Short,Electronics,12.1,277.9,10755,2025-08-06,SafeExpress
SHP09376,Chennai,Bangalore,Short,Chemicals,21.8,352.4,22477,2025-08-06,Om Sai Transport
SHP09377,Chennai,Bangalore,Short,Packaged Foods,16.3,353.6,16881,2025-08-06,TCI Freight
SHP09378,Ahmedabad,Mumbai,Medium,Textiles,23.2,529.5,32750,2025-08-06,Shivam Freight Co
SHP09379,Ahmedabad,Mumbai,Medium,Automobile Parts,18.9,529.1,26479,2025-08-06,Shivam Freight Co
SHP09380,Kolkata,Bhubaneswar,Medium,Packaged Foods,12.9,440.3,15079,2025-08-06,Western Carriers
SHP09381,Kolkata,Bhubaneswar,Medium,FMCG,12.9,443.9,15171,2025-08-06,VRL Logistics
SHP09382,Bangalore,Hyderabad,Medium,Chemicals,10.2,568.3,14334,2025-08-06,SafeExpress
SHP09383,Mumbai,Delhi,Long,Textiles,16.7,1419.5,52826,2025-08-06,SafeExpress
SHP09384,Mumbai,Delhi,Long,Steel Coils,14.6,1421.6,45529,2025-08-06,Shivam Freight Co
SHP09385,Mumbai,Delhi,Long,Steel Coils,23.3,1420.1,74756,2025-08-06,TCI Freight
SHP09386,Delhi,Kolkata,Long,Textiles,21.4,1507.4,71356,2025-08-06,TCI Freight
SHP09387,Delhi,Kolkata,Long,FMCG,17.3,1510.3,56833,2025-08-06,Shivam Freight Co
SHP09388,Delhi,Kolkata,Long,Packaged Foods,15.3,1513.2,49849,2025-08-06,VRL Logistics
SHP09389,Mumbai,Pune,Short,Electronics,15.7,152.1,7275,2025-08-07,Western Carriers
SHP09390,Mumbai,Pune,Short,Automobile Parts,20.4,149.3,9493,2025-08-07,Western Carriers
SHP09391,Delhi,Jaipur,Short,Automobile Parts,14.0,279.9,12413,2025-08-07,Shivam Freight Co
SHP09392,Delhi,Jaipur,Short,Steel Coils,11.3,277.8,9888,2025-08-07,Western Carriers
SHP09393,Delhi,Jaipur,Short,FMCG,22.5,282.4,20485,2025-08-07,Western Carriers
SHP09394,Chennai,Bangalore,Short,Steel Coils,15.5,346.2,15394,2025-08-07,TCI Freight
SHP09395,Ahmedabad,Mumbai,Medium,Automobile Parts,16.3,533.6,22775,2025-08-07,Om Sai Transport
SHP09396,Ahmedabad,Mumbai,Medium,FMCG,21.6,533.6,30780,2025-08-07,SafeExpress
SHP09397,Ahmedabad,Mumbai,Medium,Steel Coils,23.0,531.1,32641,2025-08-07,Om Sai Transport
SHP09398,Kolkata,Bhubaneswar,Medium,FMCG,17.3,442.8,20647,2025-08-07,Shivam Freight Co
SHP09399,Kolkata,Bhubaneswar,Medium,Chemicals,21.0,436.3,25429,2025-08-07,VRL Logistics
SHP09400,Bangalore,Hyderabad,Medium,Chemicals,21.2,573.2,30713,2025-08-07,Om Sai Transport
SHP09401,Bangalore,Hyderabad,Medium,Electronics,10.8,573.9,15200,2025-08-07,VRL Logistics
SHP09402,Mumbai,Delhi,Long,Automobile Parts,21.1,1418.0,63333,2025-08-07,Western Carriers
SHP09403,Mumbai,Delhi,Long,Electronics,23.8,1421.5,71541,2025-08-07,Western Carriers
SHP09404,Mumbai,Delhi,Long,Steel Coils,22.2,1423.4,67969,2025-08-07,Shivam Freight Co
SHP09405,Delhi,Kolkata,Long,Textiles,14.2,1509.2,45737,2025-08-07,Shivam Freight Co
SHP09406,Delhi,Kolkata,Long,Chemicals,17.5,1512.7,56115,2025-08-07,TCI Freight
SHP09407,Mumbai,Pune,Short,Textiles,17.9,151.0,8599,2025-08-08,VRL Logistics
SHP09408,Mumbai,Pune,Short,Chemicals,19.4,152.8,9511,2025-08-08,Western Carriers
SHP09409,Mumbai,Pune,Short,Packaged Foods,17.0,153.0,8297,2025-08-08,Shivam Freight Co
SHP09410,Delhi,Jaipur,Short,Textiles,23.8,276.7,20433,2025-08-08,SafeExpress
SHP09411,Delhi,Jaipur,Short,Automobile Parts,23.0,276.5,19302,2025-08-08,TCI Freight
SHP09412,Delhi,Jaipur,Short,Electronics,24.1,281.7,21231,2025-08-08,Western Carriers
SHP09413,Chennai,Bangalore,Short,FMCG,18.1,346.8,18481,2025-08-08,Western Carriers
SHP09414,Chennai,Bangalore,Short,FMCG,23.7,352.2,24868,2025-08-08,SafeExpress
SHP09415,Ahmedabad,Mumbai,Medium,Electronics,22.8,529.1,31685,2025-08-08,TCI Freight
SHP09416,Ahmedabad,Mumbai,Medium,Steel Coils,14.5,530.6,19784,2025-08-08,Om Sai Transport
SHP09417,Kolkata,Bhubaneswar,Medium,Textiles,13.4,436.5,15602,2025-08-08,Om Sai Transport
SHP09418,Kolkata,Bhubaneswar,Medium,Packaged Foods,11.4,438.1,13704,2025-08-08,Western Carriers
SHP09419,Bangalore,Hyderabad,Medium,Steel Coils,11.4,569.0,16650,2025-08-08,VRL Logistics
SHP09420,Bangalore,Hyderabad,Medium,Automobile Parts,18.4,567.4,26580,2025-08-08,SafeExpress
SHP09421,Mumbai,Delhi,Long,Electronics,21.3,1423.9,64026,2025-08-08,Shivam Freight Co
SHP09422,Mumbai,Delhi,Long,Electronics,18.1,1424.0,55217,2025-08-08,Western Carriers
SHP09423,Mumbai,Delhi,Long,Packaged Foods,21.3,1420.5,64317,2025-08-08,VRL Logistics
SHP09424,Delhi,Kolkata,Long,Packaged Foods,16.4,1510.2,53198,2025-08-08,Om Sai Transport
SHP09425,Mumbai,Pune,Short,Electronics,17.4,149.6,8253,2025-08-09,Om Sai Transport
SHP09426,Mumbai,Pune,Short,Packaged Foods,19.5,148.7,9287,2025-08-09,VRL Logistics
SHP09427,Mumbai,Pune,Short,Electronics,24.8,151.8,11920,2025-08-09,Om Sai Transport
SHP09428,Delhi,Jaipur,Short,FMCG,20.3,281.0,18133,2025-08-09,Western Carriers
SHP09429,Delhi,Jaipur,Short,Steel Coils,18.8,280.6,17149,2025-08-09,Shivam Freight Co
SHP09430,Delhi,Jaipur,Short,Chemicals,24.8,277.4,21645,2025-08-09,VRL Logistics
SHP09431,Chennai,Bangalore,Short,Steel Coils,24.6,348.5,24627,2025-08-09,VRL Logistics
SHP09432,Ahmedabad,Mumbai,Medium,Steel Coils,13.2,529.6,17902,2025-08-09,Om Sai Transport
SHP09433,Ahmedabad,Mumbai,Medium,Steel Coils,20.8,532.4,27797,2025-08-09,VRL Logistics
SHP09434,Ahmedabad,Mumbai,Medium,Electronics,12.2,532.5,16205,2025-08-09,SafeExpress
SHP09435,Kolkata,Bhubaneswar,Medium,Steel Coils,17.2,440.6,19912,2025-08-09,Shivam Freight Co
SHP09436,Kolkata,Bhubaneswar,Medium,FMCG,21.8,442.1,24965,2025-08-09,Western Carriers
SHP09437,Kolkata,Bhubaneswar,Medium,Steel Coils,20.9,442.5,23789,2025-08-09,Western Carriers
SHP09438,Bangalore,Hyderabad,Medium,Textiles,11.6,566.3,16571,2025-08-09,TCI Freight
SHP09439,Mumbai,Delhi,Long,FMCG,23.4,1421.7,74566,2025-08-09,VRL Logistics
SHP09440,Delhi,Kolkata,Long,Packaged Foods,20.3,1513.5,66712,2025-08-09,Om Sai Transport
SHP09441,Delhi,Kolkata,Long,Electronics,20.3,1507.2,67076,2025-08-09,VRL Logistics
SHP09442,Delhi,Kolkata,Long,Automobile Parts,22.2,1510.7,73407,2025-08-09,Western Carriers
SHP09443,Mumbai,Pune,Short,Automobile Parts,19.2,148.6,9107,2025-08-10,Shivam Freight Co
SHP09444,Mumbai,Pune,Short,Textiles,17.3,148.2,8380,2025-08-10,Western Carriers
SHP09445,Mumbai,Pune,Short,Automobile Parts,20.3,150.3,9891,2025-08-10,Om Sai Transport
SHP09446,Delhi,Jaipur,Short,Automobile Parts,15.6,279.5,14033,2025-08-10,Shivam Freight Co
SHP09447,Chennai,Bangalore,Short,Steel Coils,11.0,347.0,11278,2025-08-10,Western Carriers
SHP09448,Chennai,Bangalore,Short,Automobile Parts,19.1,351.2,19422,2025-08-10,Western Carriers
SHP09449,Ahmedabad,Mumbai,Medium,Packaged Foods,21.3,531.3,29781,2025-08-10,Shivam Freight Co
SHP09450,Kolkata,Bhubaneswar,Medium,Electronics,22.9,439.5,26395,2025-08-10,VRL Logistics
SHP09451,Kolkata,Bhubaneswar,Medium,FMCG,12.7,438.4,14446,2025-08-10,VRL Logistics
SHP09452,Kolkata,Bhubaneswar,Medium,Steel Coils,10.0,443.6,11723,2025-08-10,TCI Freight
SHP09453,Bangalore,Hyderabad,Medium,Textiles,10.6,571.1,15741,2025-08-10,SafeExpress
SHP09454,Bangalore,Hyderabad,Medium,Electronics,15.1,573.2,22132,2025-08-10,TCI Freight
SHP09455,Bangalore,Hyderabad,Medium,Chemicals,21.4,566.7,30981,2025-08-10,Western Carriers
SHP09456,Mumbai,Delhi,Long,Chemicals,17.7,1420.8,55803,2025-08-10,Western Carriers
SHP09457,Mumbai,Delhi,Long,Chemicals,12.7,1417.5,39173,2025-08-10,Om Sai Transport
SHP09458,Delhi,Kolkata,Long,Electronics,16.0,1512.9,50291,2025-08-10,Western Carriers
SHP09459,Delhi,Kolkata,Long,Electronics,15.5,1507.7,49523,2025-08-10,SafeExpress
SHP09460,Delhi,Kolkata,Long,Automobile Parts,21.8,1510.3,67900,2025-08-10,Western Carriers
SHP09461,Mumbai,Pune,Short,Textiles,13.2,153.1,6518,2025-08-11,Western Carriers
SHP09462,Mumbai,Pune,Short,Chemicals,14.3,153.6,6925,2025-08-11,Shivam Freight Co
SHP09463,Delhi,Jaipur,Short,Textiles,24.7,277.4,20980,2025-08-11,Shivam Freight Co
SHP09464,Chennai,Bangalore,Short,Textiles,21.3,349.1,21395,2025-08-11,Western Carriers
SHP09465,Chennai,Bangalore,Short,Textiles,18.6,352.1,18953,2025-08-11,VRL Logistics
SHP09466,Ahmedabad,Mumbai,Medium,Chemicals,13.5,531.2,18953,2025-08-11,Om Sai Transport
SHP09467,Ahmedabad,Mumbai,Medium,FMCG,16.4,531.3,22928,2025-08-11,Western Carriers
SHP09468,Ahmedabad,Mumbai,Medium,Chemicals,16.6,528.0,22900,2025-08-11,Om Sai Transport
SHP09469,Kolkata,Bhubaneswar,Medium,Steel Coils,24.4,436.5,28208,2025-08-11,VRL Logistics
SHP09470,Kolkata,Bhubaneswar,Medium,Electronics,21.6,438.5,25754,2025-08-11,SafeExpress
SHP09471,Kolkata,Bhubaneswar,Medium,Steel Coils,19.4,438.2,23060,2025-08-11,TCI Freight
SHP09472,Bangalore,Hyderabad,Medium,FMCG,19.0,570.9,27931,2025-08-11,Western Carriers
SHP09473,Bangalore,Hyderabad,Medium,Steel Coils,21.9,567.8,32157,2025-08-11,TCI Freight
SHP09474,Mumbai,Delhi,Long,Steel Coils,22.3,1420.2,67780,2025-08-11,TCI Freight
SHP09475,Delhi,Kolkata,Long,Chemicals,21.9,1510.2,69993,2025-08-11,Shivam Freight Co
SHP09476,Delhi,Kolkata,Long,Automobile Parts,13.2,1513.7,43522,2025-08-11,TCI Freight
SHP09477,Mumbai,Pune,Short,Packaged Foods,21.1,148.8,9662,2025-08-12,SafeExpress
SHP09478,Mumbai,Pune,Short,Electronics,19.5,152.5,9367,2025-08-12,TCI Freight
SHP09479,Delhi,Jaipur,Short,Steel Coils,13.5,283.8,11863,2025-08-12,Shivam Freight Co
SHP09480,Delhi,Jaipur,Short,Chemicals,17.8,280.6,15309,2025-08-12,VRL Logistics
SHP09481,Delhi,Jaipur,Short,Steel Coils,19.0,283.4,16274,2025-08-12,Om Sai Transport
SHP09482,Chennai,Bangalore,Short,Textiles,22.6,350.8,23782,2025-08-12,Shivam Freight Co
SHP09483,Ahmedabad,Mumbai,Medium,Electronics,20.8,527.2,28440,2025-08-12,SafeExpress
SHP09484,Ahmedabad,Mumbai,Medium,Automobile Parts,11.3,527.5,15241,2025-08-12,SafeExpress
SHP09485,Kolkata,Bhubaneswar,Medium,Automobile Parts,18.1,442.5,21099,2025-08-12,Western Carriers
SHP09486,Kolkata,Bhubaneswar,Medium,Chemicals,20.5,441.7,23920,2025-08-12,Shivam Freight Co
SHP09487,Bangalore,Hyderabad,Medium,Automobile Parts,18.6,568.9,27396,2025-08-12,TCI Freight
SHP09488,Mumbai,Delhi,Long,Steel Coils,13.4,1423.2,41702,2025-08-12,Western Carriers
SHP09489,Mumbai,Delhi,Long,Textiles,10.6,1419.9,33437,2025-08-12,Om Sai Transport
SHP09490,Mumbai,Delhi,Long,Steel Coils,10.8,1419.1,33790,2025-08-12,VRL Logistics
SHP09491,Delhi,Kolkata,Long,Chemicals,12.8,1509.8,41840,2025-08-12,TCI Freight
SHP09492,Delhi,Kolkata,Long,FMCG,19.1,1508.2,63029,2025-08-12,SafeExpress
SHP09493,Delhi,Kolkata,Long,Textiles,11.2,1512.0,36355,2025-08-12,Shivam Freight Co
SHP09494,Mumbai,Pune,Short,FMCG,12.7,153.8,6168,2025-08-13,Om Sai Transport
SHP09495,Mumbai,Pune,Short,FMCG,15.2,150.8,7325,2025-08-13,SafeExpress
SHP09496,Delhi,Jaipur,Short,Electronics,10.2,278.6,8838,2025-08-13,Western Carriers
SHP09497,Delhi,Jaipur,Short,Electronics,13.4,278.4,11841,2025-08-13,VRL Logistics
SHP09498,Delhi,Jaipur,Short,Chemicals,23.1,280.2,20022,2025-08-13,TCI Freight
SHP09499,Chennai,Bangalore,Short,Chemicals,23.5,349.4,24779,2025-08-13,Om Sai Transport
SHP09500,Chennai,Bangalore,Short,Textiles,24.6,352.3,25858,2025-08-13,Western Carriers
SHP09501,Chennai,Bangalore,Short,Chemicals,14.9,346.1,15525,2025-08-13,Shivam Freight Co
SHP09502,Ahmedabad,Mumbai,Medium,Textiles,15.2,532.0,20864,2025-08-13,VRL Logistics
SHP09503,Ahmedabad,Mumbai,Medium,Steel Coils,14.3,527.8,19619,2025-08-13,SafeExpress
SHP09504,Kolkata,Bhubaneswar,Medium,Automobile Parts,11.5,440.5,13443,2025-08-13,Western Carriers
SHP09505,Kolkata,Bhubaneswar,Medium,Steel Coils,19.1,443.3,22820,2025-08-13,Om Sai Transport
SHP09506,Kolkata,Bhubaneswar,Medium,Automobile Parts,20.5,437.3,24028,2025-08-13,Western Carriers
SHP09507,Bangalore,Hyderabad,Medium,Steel Coils,13.6,573.5,19665,2025-08-13,SafeExpress
SHP09508,Bangalore,Hyderabad,Medium,Packaged Foods,16.9,566.1,24445,2025-08-13,SafeExpress
SHP09509,Mumbai,Delhi,Long,Chemicals,23.4,1419.8,73408,2025-08-13,Om Sai Transport
SHP09510,Mumbai,Delhi,Long,Packaged Foods,20.4,1422.9,65320,2025-08-13,VRL Logistics
SHP09511,Mumbai,Delhi,Long,Chemicals,23.1,1418.9,72248,2025-08-13,Western Carriers
SHP09512,Delhi,Kolkata,Long,Packaged Foods,23.1,1510.1,70908,2025-08-13,SafeExpress
SHP09513,Delhi,Kolkata,Long,Chemicals,10.1,1508.7,30812,2025-08-13,TCI Freight
SHP09514,Mumbai,Pune,Short,Chemicals,23.3,148.9,11079,2025-08-14,Om Sai Transport
SHP09515,Mumbai,Pune,Short,Steel Coils,23.4,152.9,11338,2025-08-14,VRL Logistics
SHP09516,Delhi,Jaipur,Short,Steel Coils,15.1,283.6,13054,2025-08-14,Shivam Freight Co
SHP09517,Delhi,Jaipur,Short,Textiles,24.6,278.4,21530,2025-08-14,VRL Logistics
SHP09518,Chennai,Bangalore,Short,Electronics,21.6,351.0,22501,2025-08-14,Shivam Freight Co
SHP09519,Ahmedabad,Mumbai,Medium,Steel Coils,13.0,530.5,18647,2025-08-14,TCI Freight
SHP09520,Ahmedabad,Mumbai,Medium,Packaged Foods,16.5,526.6,22929,2025-08-14,SafeExpress
SHP09521,Kolkata,Bhubaneswar,Medium,Electronics,21.5,441.3,24546,2025-08-14,Shivam Freight Co
SHP09522,Kolkata,Bhubaneswar,Medium,Automobile Parts,16.5,436.1,18778,2025-08-14,Shivam Freight Co
SHP09523,Kolkata,Bhubaneswar,Medium,FMCG,11.0,441.2,12327,2025-08-14,SafeExpress
SHP09524,Bangalore,Hyderabad,Medium,FMCG,19.7,572.5,27858,2025-08-14,Om Sai Transport
SHP09525,Bangalore,Hyderabad,Medium,Chemicals,20.3,573.9,29379,2025-08-14,Om Sai Transport
SHP09526,Bangalore,Hyderabad,Medium,Steel Coils,12.2,572.7,17407,2025-08-14,TCI Freight
SHP09527,Mumbai,Delhi,Long,Automobile Parts,21.4,1420.7,66868,2025-08-14,Om Sai Transport
SHP09528,Mumbai,Delhi,Long,FMCG,24.4,1420.0,74241,2025-08-14,Western Carriers
SHP09529,Mumbai,Delhi,Long,Packaged Foods,14.3,1417.5,43655,2025-08-14,TCI Freight
SHP09530,Delhi,Kolkata,Long,Electronics,10.8,1509.1,34874,2025-08-14,Shivam Freight Co
SHP09531,Delhi,Kolkata,Long,Textiles,12.2,1510.6,38617,2025-08-14,Western Carriers
SHP09532,Mumbai,Pune,Short,Textiles,17.9,152.0,8737,2025-08-15,TCI Freight
SHP09533,Mumbai,Pune,Short,Textiles,11.0,153.5,5542,2025-08-15,Shivam Freight Co
SHP09534,Delhi,Jaipur,Short,Textiles,24.1,280.3,21175,2025-08-15,SafeExpress
SHP09535,Chennai,Bangalore,Short,Electronics,19.6,353.2,20036,2025-08-15,VRL Logistics
SHP09536,Ahmedabad,Mumbai,Medium,Automobile Parts,17.1,528.4,22987,2025-08-15,Om Sai Transport
SHP09537,Ahmedabad,Mumbai,Medium,Packaged Foods,22.9,527.8,31479,2025-08-15,VRL Logistics
SHP09538,Kolkata,Bhubaneswar,Medium,Automobile Parts,25.0,440.7,28754,2025-08-15,Shivam Freight Co
SHP09539,Bangalore,Hyderabad,Medium,FMCG,23.3,567.1,33724,2025-08-15,Western Carriers
SHP09540,Mumbai,Delhi,Long,Automobile Parts,15.9,1416.4,47924,2025-08-15,SafeExpress
SHP09541,Mumbai,Delhi,Long,Packaged Foods,22.7,1422.7,69982,2025-08-15,VRL Logistics
SHP09542,Delhi,Kolkata,Long,Automobile Parts,19.7,1512.8,64100,2025-08-15,VRL Logistics
SHP09543,Delhi,Kolkata,Long,FMCG,23.4,1509.9,74535,2025-08-15,SafeExpress
SHP09544,Delhi,Kolkata,Long,Chemicals,24.5,1510.6,79247,2025-08-15,VRL Logistics
SHP09545,Mumbai,Pune,Short,Packaged Foods,23.1,149.7,11140,2025-08-16,Western Carriers
SHP09546,Delhi,Jaipur,Short,Electronics,21.9,276.7,18823,2025-08-16,SafeExpress
SHP09547,Chennai,Bangalore,Short,FMCG,10.4,350.7,10798,2025-08-16,VRL Logistics
SHP09548,Ahmedabad,Mumbai,Medium,Packaged Foods,20.1,527.5,27231,2025-08-16,Shivam Freight Co
SHP09549,Ahmedabad,Mumbai,Medium,Automobile Parts,19.5,526.6,26183,2025-08-16,Western Carriers
SHP09550,Kolkata,Bhubaneswar,Medium,Electronics,17.3,437.1,19699,2025-08-16,TCI Freight
SHP09551,Kolkata,Bhubaneswar,Medium,Steel Coils,13.3,436.9,15544,2025-08-16,Shivam Freight Co
SHP09552,Kolkata,Bhubaneswar,Medium,Textiles,24.7,440.9,28428,2025-08-16,VRL Logistics
SHP09553,Bangalore,Hyderabad,Medium,Steel Coils,23.8,569.9,35859,2025-08-16,VRL Logistics
SHP09554,Mumbai,Delhi,Long,Electronics,12.7,1421.9,38898,2025-08-16,Om Sai Transport
SHP09555,Delhi,Kolkata,Long,Automobile Parts,24.5,1508.6,81000,2025-08-16,SafeExpress
SHP09556,Delhi,Kolkata,Long,Textiles,10.5,1512.1,34454,2025-08-16,TCI Freight
SHP09557,Mumbai,Pune,Short,Textiles,23.6,151.7,11122,2025-08-17,Western Carriers
SHP09558,Delhi,Jaipur,Short,Packaged Foods,17.0,276.9,14855,2025-08-17,Shivam Freight Co
SHP09559,Delhi,Jaipur,Short,Electronics,14.0,282.8,12651,2025-08-17,Western Carriers
SHP09560,Delhi,Jaipur,Short,Chemicals,15.0,282.4,13458,2025-08-17,Western Carriers
SHP09561,Chennai,Bangalore,Short,Textiles,24.5,349.6,24537,2025-08-17,TCI Freight
SHP09562,Chennai,Bangalore,Short,Chemicals,23.8,353.4,24178,2025-08-17,TCI Freight
SHP09563,Ahmedabad,Mumbai,Medium,FMCG,21.4,528.8,30168,2025-08-17,Shivam Freight Co
SHP09564,Kolkata,Bhubaneswar,Medium,Chemicals,11.4,439.4,13669,2025-08-17,VRL Logistics
SHP09565,Kolkata,Bhubaneswar,Medium,FMCG,16.8,438.0,19631,2025-08-17,SafeExpress
SHP09566,Bangalore,Hyderabad,Medium,Chemicals,23.7,572.7,35194,2025-08-17,TCI Freight
SHP09567,Bangalore,Hyderabad,Medium,Textiles,22.9,568.9,33675,2025-08-17,Om Sai Transport
SHP09568,Mumbai,Delhi,Long,Automobile Parts,13.3,1421.5,42447,2025-08-17,SafeExpress
SHP09569,Mumbai,Delhi,Long,Chemicals,19.1,1419.5,60772,2025-08-17,TCI Freight
SHP09570,Mumbai,Delhi,Long,FMCG,19.9,1416.4,61652,2025-08-17,Om Sai Transport
SHP09571,Delhi,Kolkata,Long,Automobile Parts,16.4,1506.8,50946,2025-08-17,VRL Logistics
SHP09572,Delhi,Kolkata,Long,Chemicals,14.6,1510.1,46303,2025-08-17,Western Carriers
SHP09573,Delhi,Kolkata,Long,Chemicals,14.7,1509.1,47035,2025-08-17,TCI Freight
SHP09574,Mumbai,Pune,Short,Textiles,18.1,151.7,8449,2025-08-18,Om Sai Transport
SHP09575,Delhi,Jaipur,Short,Steel Coils,19.4,278.9,16351,2025-08-18,VRL Logistics
SHP09576,Delhi,Jaipur,Short,Packaged Foods,22.2,279.4,19408,2025-08-18,Om Sai Transport
SHP09577,Delhi,Jaipur,Short,Textiles,14.3,279.9,12150,2025-08-18,SafeExpress
SHP09578,Chennai,Bangalore,Short,Steel Coils,16.7,352.3,17789,2025-08-18,TCI Freight
SHP09579,Chennai,Bangalore,Short,Automobile Parts,21.2,353.1,22396,2025-08-18,Shivam Freight Co
SHP09580,Chennai,Bangalore,Short,Steel Coils,24.6,350.9,25748,2025-08-18,Om Sai Transport
SHP09581,Ahmedabad,Mumbai,Medium,FMCG,24.2,528.7,33583,2025-08-18,VRL Logistics
SHP09582,Ahmedabad,Mumbai,Medium,FMCG,11.8,531.3,16227,2025-08-18,VRL Logistics
SHP09583,Ahmedabad,Mumbai,Medium,Chemicals,20.2,531.6,27428,2025-08-18,SafeExpress
SHP09584,Kolkata,Bhubaneswar,Medium,Steel Coils,16.8,436.2,19293,2025-08-18,TCI Freight
SHP09585,Kolkata,Bhubaneswar,Medium,Automobile Parts,11.6,441.0,13402,2025-08-18,VRL Logistics
SHP09586,Bangalore,Hyderabad,Medium,Chemicals,22.7,570.6,32687,2025-08-18,Om Sai Transport
SHP09587,Bangalore,Hyderabad,Medium,Packaged Foods,13.9,571.9,20016,2025-08-18,TCI Freight
SHP09588,Bangalore,Hyderabad,Medium,Packaged Foods,14.7,566.3,20965,2025-08-18,TCI Freight
SHP09589,Mumbai,Delhi,Long,Chemicals,11.6,1417.0,37139,2025-08-18,SafeExpress
SHP09590,Mumbai,Delhi,Long,Automobile Parts,18.2,1417.9,56206,2025-08-18,Shivam Freight Co
SHP09591,Mumbai,Delhi,Long,Electronics,10.7,1421.4,34242,2025-08-18,SafeExpress
SHP09592,Delhi,Kolkata,Long,Automobile Parts,14.9,1508.4,47917,2025-08-18,Western Carriers
SHP09593,Mumbai,Pune,Short,Packaged Foods,22.3,146.2,10587,2025-08-19,VRL Logistics
SHP09594,Delhi,Jaipur,Short,Packaged Foods,20.3,276.9,17372,2025-08-19,VRL Logistics
SHP09595,Delhi,Jaipur,Short,Chemicals,13.4,283.0,11803,2025-08-19,VRL Logistics
SHP09596,Delhi,Jaipur,Short,Packaged Foods,19.3,276.1,16404,2025-08-19,Western Carriers
SHP09597,Chennai,Bangalore,Short,Textiles,10.1,346.1,10026,2025-08-19,SafeExpress
SHP09598,Ahmedabad,Mumbai,Medium,Chemicals,23.6,533.7,32448,2025-08-19,VRL Logistics
SHP09599,Ahmedabad,Mumbai,Medium,Textiles,18.7,526.8,25986,2025-08-19,VRL Logistics
SHP09600,Ahmedabad,Mumbai,Medium,Steel Coils,12.8,530.3,17760,2025-08-19,SafeExpress
SHP09601,Kolkata,Bhubaneswar,Medium,FMCG,15.9,437.4,18648,2025-08-19,TCI Freight
SHP09602,Kolkata,Bhubaneswar,Medium,Chemicals,13.9,436.4,16374,2025-08-19,Shivam Freight Co
SHP09603,Bangalore,Hyderabad,Medium,Steel Coils,12.1,568.5,17362,2025-08-19,Om Sai Transport
SHP09604,Bangalore,Hyderabad,Medium,Packaged Foods,10.3,571.2,14924,2025-08-19,SafeExpress
SHP09605,Bangalore,Hyderabad,Medium,Automobile Parts,21.8,573.4,31871,2025-08-19,VRL Logistics
SHP09606,Mumbai,Delhi,Long,Packaged Foods,19.9,1417.9,60153,2025-08-19,VRL Logistics
SHP09607,Delhi,Kolkata,Long,Packaged Foods,19.2,1507.0,59745,2025-08-19,TCI Freight
SHP09608,Delhi,Kolkata,Long,Automobile Parts,13.2,1509.8,41119,2025-08-19,Western Carriers
SHP09609,Delhi,Kolkata,Long,FMCG,13.6,1512.6,44116,2025-08-19,SafeExpress
SHP09610,Mumbai,Pune,Short,FMCG,13.3,152.3,6307,2025-08-20,VRL Logistics
SHP09611,Delhi,Jaipur,Short,Textiles,19.7,277.2,16910,2025-08-20,TCI Freight
SHP09612,Chennai,Bangalore,Short,Steel Coils,13.2,347.9,13223,2025-08-20,SafeExpress
SHP09613,Chennai,Bangalore,Short,Chemicals,19.9,352.1,19796,2025-08-20,Om Sai Transport
SHP09614,Ahmedabad,Mumbai,Medium,Steel Coils,24.4,532.9,32996,2025-08-20,VRL Logistics
SHP09615,Ahmedabad,Mumbai,Medium,Textiles,11.4,532.7,15480,2025-08-20,TCI Freight
SHP09616,Kolkata,Bhubaneswar,Medium,Packaged Foods,10.9,437.2,12630,2025-08-20,Western Carriers
SHP09617,Kolkata,Bhubaneswar,Medium,Steel Coils,18.4,436.2,21551,2025-08-20,SafeExpress
SHP09618,Bangalore,Hyderabad,Medium,Steel Coils,11.3,571.6,16305,2025-08-20,Shivam Freight Co
SHP09619,Mumbai,Delhi,Long,FMCG,21.9,1418.3,69386,2025-08-20,Shivam Freight Co
SHP09620,Mumbai,Delhi,Long,Electronics,16.5,1421.6,52006,2025-08-20,Shivam Freight Co
SHP09621,Delhi,Kolkata,Long,Steel Coils,23.9,1511.6,79854,2025-08-20,SafeExpress
SHP09622,Mumbai,Pune,Short,Steel Coils,21.3,147.0,9727,2025-08-21,Om Sai Transport
SHP09623,Mumbai,Pune,Short,Automobile Parts,13.9,147.5,6315,2025-08-21,TCI Freight
SHP09624,Delhi,Jaipur,Short,Textiles,19.0,280.3,17332,2025-08-21,VRL Logistics
SHP09625,Chennai,Bangalore,Short,Automobile Parts,12.3,350.5,12611,2025-08-21,VRL Logistics
SHP09626,Chennai,Bangalore,Short,Chemicals,14.8,352.9,15609,2025-08-21,SafeExpress
SHP09627,Chennai,Bangalore,Short,Steel Coils,16.0,349.7,16534,2025-08-21,TCI Freight
SHP09628,Ahmedabad,Mumbai,Medium,Automobile Parts,19.3,531.4,26975,2025-08-21,Om Sai Transport
SHP09629,Ahmedabad,Mumbai,Medium,Textiles,16.4,530.3,22943,2025-08-21,SafeExpress
SHP09630,Ahmedabad,Mumbai,Medium,Steel Coils,11.2,526.5,15304,2025-08-21,Om Sai Transport
SHP09631,Kolkata,Bhubaneswar,Medium,Chemicals,21.4,437.8,25207,2025-08-21,SafeExpress
SHP09632,Bangalore,Hyderabad,Medium,Packaged Foods,20.2,571.1,28832,2025-08-21,VRL Logistics
SHP09633,Mumbai,Delhi,Long,FMCG,21.9,1417.7,66090,2025-08-21,VRL Logistics
SHP09634,Mumbai,Delhi,Long,Chemicals,16.8,1422.0,51418,2025-08-21,Western Carriers
SHP09635,Mumbai,Delhi,Long,Steel Coils,19.3,1421.0,59786,2025-08-21,TCI Freight
SHP09636,Delhi,Kolkata,Long,Chemicals,23.0,1507.2,73448,2025-08-21,Om Sai Transport
SHP09637,Delhi,Kolkata,Long,Textiles,20.3,1513.5,66985,2025-08-21,Om Sai Transport
SHP09638,Mumbai,Pune,Short,FMCG,12.9,146.5,6287,2025-08-22,SafeExpress
SHP09639,Mumbai,Pune,Short,Automobile Parts,22.7,149.4,11263,2025-08-22,TCI Freight
SHP09640,Delhi,Jaipur,Short,Electronics,20.7,280.5,18741,2025-08-22,VRL Logistics
SHP09641,Delhi,Jaipur,Short,Textiles,24.4,279.8,21598,2025-08-22,SafeExpress
SHP09642,Delhi,Jaipur,Short,Packaged Foods,10.3,283.1,9066,2025-08-22,Shivam Freight Co
SHP09643,Chennai,Bangalore,Short,Steel Coils,23.4,347.3,24301,2025-08-22,TCI Freight
SHP09644,Ahmedabad,Mumbai,Medium,Chemicals,11.4,526.9,15650,2025-08-22,TCI Freight
SHP09645,Ahmedabad,Mumbai,Medium,Textiles,12.9,527.8,17559,2025-08-22,Shivam Freight Co
SHP09646,Kolkata,Bhubaneswar,Medium,Steel Coils,16.1,443.5,18466,2025-08-22,SafeExpress
SHP09647,Bangalore,Hyderabad,Medium,Automobile Parts,14.4,567.0,20906,2025-08-22,Shivam Freight Co
SHP09648,Bangalore,Hyderabad,Medium,FMCG,10.5,568.7,15291,2025-08-22,TCI Freight
SHP09649,Bangalore,Hyderabad,Medium,Chemicals,18.2,569.1,26650,2025-08-22,TCI Freight
SHP09650,Mumbai,Delhi,Long,Packaged Foods,19.6,1421.4,62245,2025-08-22,Om Sai Transport
SHP09651,Delhi,Kolkata,Long,Electronics,12.9,1508.4,39975,2025-08-22,SafeExpress
SHP09652,Delhi,Kolkata,Long,Chemicals,15.3,1507.5,47564,2025-08-22,Western Carriers
SHP09653,Delhi,Kolkata,Long,Electronics,12.9,1506.3,40262,2025-08-22,TCI Freight
SHP09654,Mumbai,Pune,Short,Packaged Foods,23.2,146.3,10850,2025-08-23,TCI Freight
SHP09655,Delhi,Jaipur,Short,Textiles,18.2,277.6,15666,2025-08-23,VRL Logistics
SHP09656,Chennai,Bangalore,Short,Electronics,16.6,351.8,16860,2025-08-23,SafeExpress
SHP09657,Chennai,Bangalore,Short,Automobile Parts,12.7,346.1,12407,2025-08-23,VRL Logistics
SHP09658,Chennai,Bangalore,Short,Chemicals,20.1,346.2,19656,2025-08-23,TCI Freight
SHP09659,Ahmedabad,Mumbai,Medium,Electronics,19.1,529.5,26201,2025-08-23,VRL Logistics
SHP09660,Ahmedabad,Mumbai,Medium,Chemicals,20.4,526.1,28210,2025-08-23,SafeExpress
SHP09661,Ahmedabad,Mumbai,Medium,Chemicals,19.1,530.6,26404,2025-08-23,Shivam Freight Co
SHP09662,Kolkata,Bhubaneswar,Medium,Chemicals,23.4,437.0,27939,2025-08-23,Western Carriers
SHP09663,Kolkata,Bhubaneswar,Medium,Electronics,15.8,439.7,18682,2025-08-23,Shivam Freight Co
SHP09664,Kolkata,Bhubaneswar,Medium,Textiles,19.9,440.8,23458,2025-08-23,Shivam Freight Co
SHP09665,Bangalore,Hyderabad,Medium,Automobile Parts,23.7,570.0,34126,2025-08-23,Om Sai Transport
SHP09666,Mumbai,Delhi,Long,Automobile Parts,13.1,1417.7,40716,2025-08-23,Shivam Freight Co
SHP09667,Mumbai,Delhi,Long,Automobile Parts,21.6,1417.0,68264,2025-08-23,SafeExpress
SHP09668,Delhi,Kolkata,Long,FMCG,23.3,1509.5,76618,2025-08-23,TCI Freight
SHP09669,Delhi,Kolkata,Long,Automobile Parts,14.0,1512.7,45280,2025-08-23,Om Sai Transport
SHP09670,Delhi,Kolkata,Long,Automobile Parts,10.9,1513.3,36131,2025-08-23,VRL Logistics
SHP09671,Mumbai,Pune,Short,Steel Coils,19.2,148.4,9374,2025-08-24,TCI Freight
SHP09672,Delhi,Jaipur,Short,Packaged Foods,21.9,278.9,19765,2025-08-24,Shivam Freight Co
SHP09673,Delhi,Jaipur,Short,Packaged Foods,16.6,278.7,14566,2025-08-24,Om Sai Transport
SHP09674,Delhi,Jaipur,Short,Automobile Parts,25.0,281.4,22786,2025-08-24,VRL Logistics
SHP09675,Chennai,Bangalore,Short,FMCG,19.4,350.5,20293,2025-08-24,VRL Logistics
SHP09676,Ahmedabad,Mumbai,Medium,Chemicals,12.8,529.6,17534,2025-08-24,VRL Logistics
SHP09677,Ahmedabad,Mumbai,Medium,Textiles,23.5,527.6,31884,2025-08-24,TCI Freight
SHP09678,Ahmedabad,Mumbai,Medium,Steel Coils,15.0,528.2,20831,2025-08-24,VRL Logistics
SHP09679,Kolkata,Bhubaneswar,Medium,FMCG,16.4,439.5,19435,2025-08-24,Shivam Freight Co
SHP09680,Kolkata,Bhubaneswar,Medium,Packaged Foods,23.4,442.1,27301,2025-08-24,Western Carriers
SHP09681,Kolkata,Bhubaneswar,Medium,Electronics,19.8,438.2,23609,2025-08-24,Western Carriers
SHP09682,Bangalore,Hyderabad,Medium,Textiles,14.8,570.7,22025,2025-08-24,Western Carriers
SHP09683,Bangalore,Hyderabad,Medium,Chemicals,10.0,566.8,14774,2025-08-24,VRL Logistics
SHP09684,Bangalore,Hyderabad,Medium,Textiles,11.2,566.1,16170,2025-08-24,SafeExpress
SHP09685,Mumbai,Delhi,Long,Steel Coils,19.0,1417.3,58712,2025-08-24,SafeExpress
SHP09686,Mumbai,Delhi,Long,Automobile Parts,23.3,1418.0,71370,2025-08-24,VRL Logistics
SHP09687,Mumbai,Delhi,Long,Steel Coils,14.8,1419.6,45560,2025-08-24,Western Carriers
SHP09688,Delhi,Kolkata,Long,Automobile Parts,13.2,1508.3,43113,2025-08-24,Shivam Freight Co
SHP09689,Mumbai,Pune,Short,Textiles,18.1,148.0,8541,2025-08-25,Western Carriers
SHP09690,Delhi,Jaipur,Short,Electronics,13.6,278.9,11982,2025-08-25,Western Carriers
SHP09691,Chennai,Bangalore,Short,Automobile Parts,15.1,350.2,15760,2025-08-25,SafeExpress
SHP09692,Chennai,Bangalore,Short,Chemicals,12.7,350.0,13217,2025-08-25,Western Carriers
SHP09693,Ahmedabad,Mumbai,Medium,Automobile Parts,21.8,527.2,30252,2025-08-25,Shivam Freight Co
SHP09694,Kolkata,Bhubaneswar,Medium,Automobile Parts,18.1,442.2,21825,2025-08-25,Shivam Freight Co
SHP09695,Bangalore,Hyderabad,Medium,Chemicals,17.0,572.1,24468,2025-08-25,SafeExpress
SHP09696,Bangalore,Hyderabad,Medium,FMCG,15.4,571.4,22320,2025-08-25,Western Carriers
SHP09697,Bangalore,Hyderabad,Medium,Electronics,11.2,568.5,15868,2025-08-25,Om Sai Transport
SHP09698,Mumbai,Delhi,Long,Steel Coils,20.1,1416.4,60574,2025-08-25,Om Sai Transport
SHP09699,Mumbai,Delhi,Long,Packaged Foods,17.1,1420.0,52041,2025-08-25,VRL Logistics
SHP09700,Delhi,Kolkata,Long,Automobile Parts,17.2,1509.7,55943,2025-08-25,Om Sai Transport
SHP09701,Mumbai,Pune,Short,Packaged Foods,17.4,149.7,8253,2025-08-26,VRL Logistics
SHP09702,Delhi,Jaipur,Short,Textiles,13.0,276.2,11220,2025-08-26,SafeExpress
SHP09703,Chennai,Bangalore,Short,Packaged Foods,21.5,348.2,22281,2025-08-26,Om Sai Transport
SHP09704,Chennai,Bangalore,Short,Textiles,13.5,353.4,14203,2025-08-26,Shivam Freight Co
SHP09705,Ahmedabad,Mumbai,Medium,FMCG,14.4,527.8,19875,2025-08-26,Western Carriers
SHP09706,Ahmedabad,Mumbai,Medium,Steel Coils,12.1,528.4,16798,2025-08-26,Shivam Freight Co
SHP09707,Ahmedabad,Mumbai,Medium,FMCG,23.2,528.9,31419,2025-08-26,TCI Freight
SHP09708,Kolkata,Bhubaneswar,Medium,Chemicals,19.8,441.1,22358,2025-08-26,Shivam Freight Co
SHP09709,Bangalore,Hyderabad,Medium,FMCG,19.6,572.6,27800,2025-08-26,Western Carriers
SHP09710,Bangalore,Hyderabad,Medium,Textiles,17.4,569.0,24535,2025-08-26,SafeExpress
SHP09711,Mumbai,Delhi,Long,Textiles,11.3,1417.6,36170,2025-08-26,Om Sai Transport
SHP09712,Mumbai,Delhi,Long,Steel Coils,21.3,1417.5,66049,2025-08-26,VRL Logistics
SHP09713,Mumbai,Delhi,Long,Textiles,22.5,1421.5,71035,2025-08-26,Western Carriers
SHP09714,Delhi,Kolkata,Long,Electronics,21.4,1510.8,67511,2025-08-26,VRL Logistics
SHP09715,Delhi,Kolkata,Long,Automobile Parts,16.1,1510.8,51612,2025-08-26,VRL Logistics
SHP09716,Delhi,Kolkata,Long,Steel Coils,25.0,1510.4,77756,2025-08-26,Shivam Freight Co
SHP09717,Mumbai,Pune,Short,Automobile Parts,20.3,146.0,9437,2025-08-27,VRL Logistics
SHP09718,Mumbai,Pune,Short,FMCG,12.9,146.7,6122,2025-08-27,Western Carriers
SHP09719,Delhi,Jaipur,Short,Automobile Parts,12.3,278.2,10682,2025-08-27,TCI Freight
SHP09720,Delhi,Jaipur,Short,Textiles,23.3,277.6,20348,2025-08-27,Shivam Freight Co
SHP09721,Chennai,Bangalore,Short,Electronics,19.5,347.1,19645,2025-08-27,VRL Logistics
SHP09722,Ahmedabad,Mumbai,Medium,Automobile Parts,10.2,526.8,13925,2025-08-27,TCI Freight
SHP09723,Ahmedabad,Mumbai,Medium,Textiles,13.0,531.0,18308,2025-08-27,Om Sai Transport
SHP09724,Kolkata,Bhubaneswar,Medium,Textiles,12.8,441.8,15179,2025-08-27,Western Carriers
SHP09725,Bangalore,Hyderabad,Medium,FMCG,17.3,567.6,24726,2025-08-27,SafeExpress
SHP09726,Bangalore,Hyderabad,Medium,Automobile Parts,16.5,570.9,23862,2025-08-27,SafeExpress
SHP09727,Mumbai,Delhi,Long,Packaged Foods,17.7,1419.1,55442,2025-08-27,Shivam Freight Co
SHP09728,Delhi,Kolkata,Long,Electronics,17.3,1507.8,56512,2025-08-27,Western Carriers
SHP09729,Mumbai,Pune,Short,Electronics,22.4,152.5,10676,2025-08-28,SafeExpress
SHP09730,Delhi,Jaipur,Short,FMCG,18.5,277.0,15897,2025-08-28,TCI Freight
SHP09731,Delhi,Jaipur,Short,Packaged Foods,11.4,278.3,10030,2025-08-28,VRL Logistics
SHP09732,Chennai,Bangalore,Short,Packaged Foods,11.8,349.4,12137,2025-08-28,Om Sai Transport
SHP09733,Chennai,Bangalore,Short,Electronics,18.7,350.4,19220,2025-08-28,Om Sai Transport
SHP09734,Ahmedabad,Mumbai,Medium,Chemicals,12.8,530.1,17280,2025-08-28,SafeExpress
SHP09735,Ahmedabad,Mumbai,Medium,FMCG,20.7,530.5,27869,2025-08-28,Shivam Freight Co
SHP09736,Kolkata,Bhubaneswar,Medium,Textiles,15.7,443.3,18837,2025-08-28,TCI Freight
SHP09737,Kolkata,Bhubaneswar,Medium,Textiles,23.2,437.4,26904,2025-08-28,SafeExpress
SHP09738,Kolkata,Bhubaneswar,Medium,Textiles,10.7,440.2,12685,2025-08-28,Shivam Freight Co
SHP09739,Bangalore,Hyderabad,Medium,Steel Coils,22.2,567.5,32395,2025-08-28,VRL Logistics
SHP09740,Mumbai,Delhi,Long,Electronics,22.3,1421.9,71108,2025-08-28,Shivam Freight Co
SHP09741,Mumbai,Delhi,Long,Packaged Foods,10.7,1416.6,33336,2025-08-28,Western Carriers
SHP09742,Delhi,Kolkata,Long,Electronics,19.4,1513.0,62076,2025-08-28,TCI Freight
SHP09743,Mumbai,Pune,Short,Chemicals,11.5,153.0,5743,2025-08-29,Western Carriers
SHP09744,Mumbai,Pune,Short,Steel Coils,24.3,147.2,11572,2025-08-29,Om Sai Transport
SHP09745,Mumbai,Pune,Short,Chemicals,13.1,146.4,6182,2025-08-29,Om Sai Transport
SHP09746,Delhi,Jaipur,Short,Electronics,20.1,280.3,17041,2025-08-29,Shivam Freight Co
SHP09747,Delhi,Jaipur,Short,Chemicals,19.4,283.7,17273,2025-08-29,SafeExpress
SHP09748,Delhi,Jaipur,Short,Chemicals,17.0,282.1,14935,2025-08-29,Western Carriers
SHP09749,Chennai,Bangalore,Short,Automobile Parts,24.9,349.5,25196,2025-08-29,TCI Freight
SHP09750,Ahmedabad,Mumbai,Medium,Steel Coils,19.5,529.1,27516,2025-08-29,Om Sai Transport
SHP09751,Kolkata,Bhubaneswar,Medium,Textiles,21.4,442.5,25566,2025-08-29,Shivam Freight Co
SHP09752,Kolkata,Bhubaneswar,Medium,Automobile Parts,20.3,438.4,23989,2025-08-29,VRL Logistics
SHP09753,Bangalore,Hyderabad,Medium,Automobile Parts,16.0,566.2,23288,2025-08-29,TCI Freight
SHP09754,Mumbai,Delhi,Long,FMCG,22.7,1421.4,68757,2025-08-29,TCI Freight
SHP09755,Mumbai,Delhi,Long,Automobile Parts,11.9,1420.9,35845,2025-08-29,Om Sai Transport
SHP09756,Mumbai,Delhi,Long,Packaged Foods,22.6,1416.4,67883,2025-08-29,Om Sai Transport
SHP09757,Delhi,Kolkata,Long,Chemicals,13.6,1510.1,42581,2025-08-29,Shivam Freight Co
SHP09758,Mumbai,Pune,Short,Packaged Foods,18.2,150.6,9054,2025-08-30,Western Carriers
SHP09759,Delhi,Jaipur,Short,Electronics,13.7,280.7,12188,2025-08-30,VRL Logistics
SHP09760,Delhi,Jaipur,Short,Textiles,25.0,284.0,23010,2025-08-30,TCI Freight
SHP09761,Chennai,Bangalore,Short,Steel Coils,14.2,352.9,15195,2025-08-30,SafeExpress
SHP09762,Ahmedabad,Mumbai,Medium,Packaged Foods,18.4,527.3,24770,2025-08-30,Om Sai Transport
SHP09763,Ahmedabad,Mumbai,Medium,Textiles,14.2,531.6,19503,2025-08-30,Shivam Freight Co
SHP09764,Ahmedabad,Mumbai,Medium,Chemicals,16.1,532.4,21904,2025-08-30,Om Sai Transport
SHP09765,Kolkata,Bhubaneswar,Medium,Electronics,14.1,442.5,16682,2025-08-30,TCI Freight
SHP09766,Kolkata,Bhubaneswar,Medium,Electronics,24.7,442.1,29264,2025-08-30,Western Carriers
SHP09767,Bangalore,Hyderabad,Medium,Electronics,11.6,567.9,16684,2025-08-30,VRL Logistics
SHP09768,Mumbai,Delhi,Long,Steel Coils,10.6,1418.4,32608,2025-08-30,Om Sai Transport
SHP09769,Mumbai,Delhi,Long,Packaged Foods,20.9,1419.3,64656,2025-08-30,Western Carriers
SHP09770,Mumbai,Delhi,Long,Chemicals,15.4,1418.6,48141,2025-08-30,Om Sai Transport
SHP09771,Delhi,Kolkata,Long,Packaged Foods,13.5,1512.4,43338,2025-08-30,Shivam Freight Co
SHP09772,Mumbai,Pune,Short,FMCG,16.2,151.7,7776,2025-08-31,SafeExpress
SHP09773,Mumbai,Pune,Short,Chemicals,12.9,146.9,6040,2025-08-31,Shivam Freight Co
SHP09774,Delhi,Jaipur,Short,Electronics,23.3,282.2,21179,2025-08-31,Shivam Freight Co
SHP09775,Chennai,Bangalore,Short,Textiles,23.9,352.2,25323,2025-08-31,Western Carriers
SHP09776,Chennai,Bangalore,Short,Packaged Foods,11.5,347.0,11859,2025-08-31,Shivam Freight Co
SHP09777,Chennai,Bangalore,Short,Packaged Foods,10.8,352.6,11279,2025-08-31,Om Sai Transport
SHP09778,Ahmedabad,Mumbai,Medium,Chemicals,23.3,529.0,31619,2025-08-31,SafeExpress
SHP09779,Ahmedabad,Mumbai,Medium,FMCG,17.7,530.1,23477,2025-08-31,VRL Logistics
SHP09780,Ahmedabad,Mumbai,Medium,Electronics,18.1,533.7,24993,2025-08-31,Om Sai Transport
SHP09781,Kolkata,Bhubaneswar,Medium,Automobile Parts,16.0,442.5,18824,2025-08-31,Shivam Freight Co
SHP09782,Bangalore,Hyderabad,Medium,Electronics,18.7,569.2,26492,2025-08-31,TCI Freight
SHP09783,Mumbai,Delhi,Long,Packaged Foods,20.3,1420.1,62741,2025-08-31,TCI Freight
SHP09784,Mumbai,Delhi,Long,Chemicals,19.2,1416.6,60105,2025-08-31,Om Sai Transport
SHP09785,Delhi,Kolkata,Long,Packaged Foods,21.2,1513.2,66858,2025-08-31,Shivam Freight Co
SHP09786,Delhi,Kolkata,Long,Automobile Parts,21.4,1511.2,68399,2025-08-31,Om Sai Transport
SHP09787,Delhi,Kolkata,Long,Steel Coils,24.8,1513.9,78898,2025-08-31,TCI Freight
SHP09788,Mumbai,Pune,Short,FMCG,20.6,147.7,9567,2025-09-01,TCI Freight
SHP09789,Delhi,Jaipur,Short,Electronics,11.4,283.1,10000,2025-09-01,Om Sai Transport
SHP09790,Delhi,Jaipur,Short,Chemicals,21.4,276.2,18002,2025-09-01,SafeExpress
SHP09791,Delhi,Jaipur,Short,Textiles,18.8,280.3,15944,2025-09-01,TCI Freight
SHP09792,Chennai,Bangalore,Short,Packaged Foods,22.5,350.6,22438,2025-09-01,Shivam Freight Co
SHP09793,Chennai,Bangalore,Short,Chemicals,16.3,350.7,16727,2025-09-01,Om Sai Transport
SHP09794,Ahmedabad,Mumbai,Medium,Packaged Foods,13.9,526.1,18808,2025-09-01,Western Carriers
SHP09795,Ahmedabad,Mumbai,Medium,Automobile Parts,19.4,526.7,25857,2025-09-01,SafeExpress
SHP09796,Kolkata,Bhubaneswar,Medium,Automobile Parts,15.8,439.8,19112,2025-09-01,Western Carriers
SHP09797,Bangalore,Hyderabad,Medium,Electronics,22.8,571.9,33337,2025-09-01,TCI Freight
SHP09798,Bangalore,Hyderabad,Medium,Packaged Foods,12.0,571.4,17764,2025-09-01,TCI Freight
SHP09799,Bangalore,Hyderabad,Medium,Chemicals,11.9,570.2,17347,2025-09-01,Shivam Freight Co
SHP09800,Mumbai,Delhi,Long,FMCG,15.9,1419.1,48357,2025-09-01,VRL Logistics
SHP09801,Mumbai,Delhi,Long,Automobile Parts,13.8,1418.0,42256,2025-09-01,Om Sai Transport
SHP09802,Mumbai,Delhi,Long,Steel Coils,14.6,1422.8,45632,2025-09-01,Shivam Freight Co
SHP09803,Delhi,Kolkata,Long,Steel Coils,12.9,1509.3,42736,2025-09-01,Shivam Freight Co
SHP09804,Delhi,Kolkata,Long,Electronics,18.7,1511.7,60693,2025-09-01,VRL Logistics
SHP09805,Delhi,Kolkata,Long,Automobile Parts,23.8,1510.7,78880,2025-09-01,Western Carriers
SHP09806,Mumbai,Pune,Short,Packaged Foods,19.4,146.5,8981,2025-09-02,Western Carriers
SHP09807,Delhi,Jaipur,Short,FMCG,17.9,283.9,16082,2025-09-02,SafeExpress
SHP09808,Delhi,Jaipur,Short,FMCG,20.5,277.1,18279,2025-09-02,TCI Freight
SHP09809,Chennai,Bangalore,Short,FMCG,13.8,350.1,14268,2025-09-02,Western Carriers
SHP09810,Chennai,Bangalore,Short,FMCG,22.1,346.4,22395,2025-09-02,VRL Logistics
SHP09811,Ahmedabad,Mumbai,Medium,Textiles,22.1,532.6,31313,2025-09-02,SafeExpress
SHP09812,Kolkata,Bhubaneswar,Medium,Automobile Parts,20.4,442.9,24176,2025-09-02,VRL Logistics
SHP09813,Kolkata,Bhubaneswar,Medium,Automobile Parts,16.3,439.2,19151,2025-09-02,Shivam Freight Co
SHP09814,Bangalore,Hyderabad,Medium,Chemicals,24.1,567.1,35008,2025-09-02,Western Carriers
SHP09815,Mumbai,Delhi,Long,FMCG,17.9,1418.7,55822,2025-09-02,VRL Logistics
SHP09816,Mumbai,Delhi,Long,Steel Coils,17.4,1420.6,54385,2025-09-02,SafeExpress
SHP09817,Mumbai,Delhi,Long,Textiles,20.8,1417.5,64223,2025-09-02,SafeExpress
SHP09818,Delhi,Kolkata,Long,Steel Coils,20.7,1506.2,66715,2025-09-02,Om Sai Transport
SHP09819,Delhi,Kolkata,Long,Chemicals,22.4,1508.8,72180,2025-09-02,Western Carriers
SHP09820,Mumbai,Pune,Short,Electronics,16.3,152.7,7808,2025-09-03,Western Carriers
SHP09821,Delhi,Jaipur,Short,Textiles,12.9,281.9,11269,2025-09-03,Om Sai Transport
SHP09822,Delhi,Jaipur,Short,FMCG,12.2,278.2,10768,2025-09-03,Western Carriers
SHP09823,Delhi,Jaipur,Short,FMCG,18.1,282.7,15990,2025-09-03,Shivam Freight Co
SHP09824,Chennai,Bangalore,Short,Chemicals,13.6,346.5,14108,2025-09-03,TCI Freight
SHP09825,Ahmedabad,Mumbai,Medium,Automobile Parts,14.2,530.5,19564,2025-09-03,SafeExpress
SHP09826,Kolkata,Bhubaneswar,Medium,Electronics,23.8,442.7,27849,2025-09-03,Shivam Freight Co
SHP09827,Kolkata,Bhubaneswar,Medium,Automobile Parts,14.6,436.8,17003,2025-09-03,VRL Logistics
SHP09828,Bangalore,Hyderabad,Medium,Electronics,16.8,572.7,24792,2025-09-03,Western Carriers
SHP09829,Mumbai,Delhi,Long,Electronics,14.9,1416.4,45854,2025-09-03,SafeExpress
SHP09830,Mumbai,Delhi,Long,Steel Coils,18.5,1421.9,57654,2025-09-03,SafeExpress
SHP09831,Mumbai,Delhi,Long,Chemicals,11.0,1420.8,34702,2025-09-03,Shivam Freight Co
SHP09832,Delhi,Kolkata,Long,FMCG,16.3,1512.1,51812,2025-09-03,TCI Freight
SHP09833,Mumbai,Pune,Short,Automobile Parts,23.6,149.3,10969,2025-09-04,Western Carriers
SHP09834,Delhi,Jaipur,Short,Electronics,17.1,281.4,14530,2025-09-04,SafeExpress
SHP09835,Delhi,Jaipur,Short,Electronics,19.0,278.5,16400,2025-09-04,TCI Freight
SHP09836,Chennai,Bangalore,Short,Textiles,20.3,352.3,21195,2025-09-04,VRL Logistics
SHP09837,Chennai,Bangalore,Short,Chemicals,19.5,351.7,20195,2025-09-04,TCI Freight
SHP09838,Chennai,Bangalore,Short,Electronics,20.1,351.8,20657,2025-09-04,Om Sai Transport
SHP09839,Ahmedabad,Mumbai,Medium,Textiles,21.3,532.4,29014,2025-09-04,Shivam Freight Co
SHP09840,Kolkata,Bhubaneswar,Medium,Steel Coils,15.1,438.7,17718,2025-09-04,VRL Logistics
SHP09841,Kolkata,Bhubaneswar,Medium,Electronics,22.3,438.4,25894,2025-09-04,Western Carriers
SHP09842,Bangalore,Hyderabad,Medium,Chemicals,22.3,570.3,32889,2025-09-04,TCI Freight
SHP09843,Bangalore,Hyderabad,Medium,Chemicals,23.0,571.7,33616,2025-09-04,Shivam Freight Co
SHP09844,Bangalore,Hyderabad,Medium,Automobile Parts,13.0,573.4,19336,2025-09-04,VRL Logistics
SHP09845,Mumbai,Delhi,Long,Textiles,12.5,1418.4,38638,2025-09-04,TCI Freight
SHP09846,Delhi,Kolkata,Long,Electronics,13.2,1512.9,43929,2025-09-04,Om Sai Transport
SHP09847,Delhi,Kolkata,Long,Textiles,21.5,1510.4,68883,2025-09-04,Shivam Freight Co
SHP09848,Delhi,Kolkata,Long,Automobile Parts,12.7,1508.3,41293,2025-09-04,Western Carriers
SHP09849,Mumbai,Pune,Short,Automobile Parts,23.9,152.7,11607,2025-09-05,Western Carriers
SHP09850,Mumbai,Pune,Short,Chemicals,23.7,147.3,11124,2025-09-05,Western Carriers
SHP09851,Delhi,Jaipur,Short,Electronics,21.6,278.4,18735,2025-09-05,TCI Freight
SHP09852,Chennai,Bangalore,Short,Electronics,12.7,353.7,12707,2025-09-05,Shivam Freight Co
SHP09853,Ahmedabad,Mumbai,Medium,Automobile Parts,24.4,528.6,34034,2025-09-05,Shivam Freight Co
SHP09854,Ahmedabad,Mumbai,Medium,Packaged Foods,22.0,529.9,31106,2025-09-05,SafeExpress
SHP09855,Ahmedabad,Mumbai,Medium,Electronics,10.0,530.5,14130,2025-09-05,Western Carriers
SHP09856,Kolkata,Bhubaneswar,Medium,FMCG,19.5,443.4,23274,2025-09-05,TCI Freight
SHP09857,Kolkata,Bhubaneswar,Medium,Automobile Parts,22.4,442.8,26803,2025-09-05,SafeExpress
SHP09858,Kolkata,Bhubaneswar,Medium,Textiles,17.0,439.4,19952,2025-09-05,Shivam Freight Co
SHP09859,Bangalore,Hyderabad,Medium,Steel Coils,22.6,567.7,31765,2025-09-05,VRL Logistics
SHP09860,Mumbai,Delhi,Long,Electronics,10.9,1417.1,34196,2025-09-05,TCI Freight
SHP09861,Mumbai,Delhi,Long,FMCG,17.9,1416.3,54697,2025-09-05,TCI Freight
SHP09862,Delhi,Kolkata,Long,Textiles,10.4,1509.0,33555,2025-09-05,VRL Logistics
SHP09863,Delhi,Kolkata,Long,FMCG,15.2,1508.2,50606,2025-09-05,SafeExpress
SHP09864,Mumbai,Pune,Short,Steel Coils,15.6,153.6,7682,2025-09-06,SafeExpress
SHP09865,Delhi,Jaipur,Short,Steel Coils,23.6,282.4,20432,2025-09-06,Shivam Freight Co
SHP09866,Chennai,Bangalore,Short,Chemicals,22.3,350.5,22777,2025-09-06,Western Carriers
SHP09867,Chennai,Bangalore,Short,Electronics,12.9,346.2,12738,2025-09-06,Om Sai Transport
SHP09868,Chennai,Bangalore,Short,Packaged Foods,20.6,351.1,21195,2025-09-06,Western Carriers
SHP09869,Ahmedabad,Mumbai,Medium,Textiles,13.2,531.4,18456,2025-09-06,TCI Freight
SHP09870,Kolkata,Bhubaneswar,Medium,Automobile Parts,12.1,442.6,14664,2025-09-06,VRL Logistics
SHP09871,Bangalore,Hyderabad,Medium,FMCG,14.1,570.9,20285,2025-09-06,TCI Freight
SHP09872,Bangalore,Hyderabad,Medium,FMCG,22.5,568.6,32111,2025-09-06,VRL Logistics
SHP09873,Mumbai,Delhi,Long,Chemicals,24.7,1419.3,76519,2025-09-06,Western Carriers
SHP09874,Delhi,Kolkata,Long,Textiles,17.1,1509.5,53568,2025-09-06,SafeExpress
SHP09875,Delhi,Kolkata,Long,Automobile Parts,17.9,1512.3,56274,2025-09-06,TCI Freight
SHP09876,Mumbai,Pune,Short,Textiles,21.6,148.9,10187,2025-09-07,Om Sai Transport
SHP09877,Mumbai,Pune,Short,Electronics,13.6,149.6,6394,2025-09-07,Om Sai Transport
SHP09878,Delhi,Jaipur,Short,Textiles,24.3,281.3,21439,2025-09-07,Om Sai Transport
SHP09879,Delhi,Jaipur,Short,Steel Coils,17.8,277.5,16049,2025-09-07,VRL Logistics
SHP09880,Delhi,Jaipur,Short,Automobile Parts,18.3,276.9,16144,2025-09-07,Om Sai Transport
SHP09881,Chennai,Bangalore,Short,Electronics,14.3,346.5,14476,2025-09-07,SafeExpress
SHP09882,Chennai,Bangalore,Short,Steel Coils,16.7,349.5,16720,2025-09-07,TCI Freight
SHP09883,Chennai,Bangalore,Short,Packaged Foods,20.8,349.6,21288,2025-09-07,Om Sai Transport
SHP09884,Ahmedabad,Mumbai,Medium,FMCG,21.6,529.5,29554,2025-09-07,Om Sai Transport
SHP09885,Ahmedabad,Mumbai,Medium,Packaged Foods,23.1,530.0,31573,2025-09-07,SafeExpress
SHP09886,Ahmedabad,Mumbai,Medium,Automobile Parts,17.6,531.3,23710,2025-09-07,SafeExpress
SHP09887,Kolkata,Bhubaneswar,Medium,Electronics,12.6,441.8,14599,2025-09-07,Western Carriers
SHP09888,Kolkata,Bhubaneswar,Medium,Chemicals,22.3,436.2,25839,2025-09-07,VRL Logistics
SHP09889,Bangalore,Hyderabad,Medium,Automobile Parts,16.1,572.6,23102,2025-09-07,VRL Logistics
SHP09890,Mumbai,Delhi,Long,Steel Coils,14.8,1419.2,43900,2025-09-07,Shivam Freight Co
SHP09891,Mumbai,Delhi,Long,FMCG,14.4,1417.1,42578,2025-09-07,Om Sai Transport
SHP09892,Mumbai,Delhi,Long,Electronics,11.9,1421.7,36082,2025-09-07,SafeExpress
SHP09893,Delhi,Kolkata,Long,Automobile Parts,21.0,1512.0,68221,2025-09-07,VRL Logistics
SHP09894,Delhi,Kolkata,Long,FMCG,23.8,1512.3,76080,2025-09-07,SafeExpress
SHP09895,Delhi,Kolkata,Long,Packaged Foods,21.8,1512.5,69271,2025-09-07,Western Carriers
SHP09896,Mumbai,Pune,Short,FMCG,16.9,150.9,7914,2025-09-08,Western Carriers
SHP09897,Delhi,Jaipur,Short,Electronics,12.8,282.9,11131,2025-09-08,Om Sai Transport
SHP09898,Delhi,Jaipur,Short,Textiles,15.8,278.1,13830,2025-09-08,Om Sai Transport
SHP09899,Delhi,Jaipur,Short,Electronics,24.0,281.5,21013,2025-09-08,SafeExpress
SHP09900,Chennai,Bangalore,Short,Steel Coils,11.7,353.4,12115,2025-09-08,Shivam Freight Co
SHP09901,Ahmedabad,Mumbai,Medium,Packaged Foods,23.3,527.3,32986,2025-09-08,Om Sai Transport
SHP09902,Kolkata,Bhubaneswar,Medium,Chemicals,12.1,436.4,14253,2025-09-08,TCI Freight
SHP09903,Kolkata,Bhubaneswar,Medium,Textiles,20.8,436.4,24723,2025-09-08,SafeExpress
SHP09904,Kolkata,Bhubaneswar,Medium,Textiles,14.7,443.8,17684,2025-09-08,SafeExpress
SHP09905,Bangalore,Hyderabad,Medium,Steel Coils,19.7,568.3,28375,2025-09-08,Om Sai Transport
SHP09906,Mumbai,Delhi,Long,Packaged Foods,24.9,1417.5,79008,2025-09-08,TCI Freight
SHP09907,Delhi,Kolkata,Long,Textiles,15.9,1507.9,52313,2025-09-08,TCI Freight
SHP09908,Delhi,Kolkata,Long,Packaged Foods,15.4,1510.1,50143,2025-09-08,TCI Freight
SHP09909,Delhi,Kolkata,Long,Automobile Parts,19.0,1508.2,62528,2025-09-08,Om Sai Transport
SHP09910,Mumbai,Pune,Short,Automobile Parts,17.7,153.1,8528,2025-09-09,Om Sai Transport
SHP09911,Mumbai,Pune,Short,Packaged Foods,23.5,149.8,10829,2025-09-09,Western Carriers
SHP09912,Delhi,Jaipur,Short,Chemicals,19.2,279.1,16272,2025-09-09,TCI Freight
SHP09913,Delhi,Jaipur,Short,Automobile Parts,20.9,283.8,18247,2025-09-09,SafeExpress
SHP09914,Chennai,Bangalore,Short,Packaged Foods,17.0,350.6,17582,2025-09-09,SafeExpress
SHP09915,Ahmedabad,Mumbai,Medium,Chemicals,20.8,528.3,27779,2025-09-09,TCI Freight
SHP09916,Ahmedabad,Mumbai,Medium,Textiles,17.5,530.7,24097,2025-09-09,VRL Logistics
SHP09917,Kolkata,Bhubaneswar,Medium,FMCG,20.9,436.7,24212,2025-09-09,Om Sai Transport
SHP09918,Bangalore,Hyderabad,Medium,Steel Coils,12.6,570.6,18341,2025-09-09,Western Carriers
SHP09919,Mumbai,Delhi,Long,Steel Coils,11.4,1420.7,34734,2025-09-09,Shivam Freight Co
SHP09920,Delhi,Kolkata,Long,Electronics,11.4,1508.7,35287,2025-09-09,TCI Freight
SHP09921,Mumbai,Pune,Short,FMCG,14.2,149.1,6630,2025-09-10,Shivam Freight Co
SHP09922,Delhi,Jaipur,Short,Packaged Foods,24.9,278.7,21954,2025-09-10,TCI Freight
SHP09923,Delhi,Jaipur,Short,Packaged Foods,16.8,282.9,15028,2025-09-10,TCI Freight
SHP09924,Delhi,Jaipur,Short,Electronics,10.7,276.4,9239,2025-09-10,SafeExpress
SHP09925,Chennai,Bangalore,Short,Textiles,23.1,348.3,22833,2025-09-10,Om Sai Transport
SHP09926,Ahmedabad,Mumbai,Medium,Textiles,23.2,533.6,31292,2025-09-10,Western Carriers
SHP09927,Ahmedabad,Mumbai,Medium,Steel Coils,21.6,527.8,29407,2025-09-10,Om Sai Transport
SHP09928,Kolkata,Bhubaneswar,Medium,Textiles,20.0,440.4,22835,2025-09-10,Om Sai Transport
SHP09929,Bangalore,Hyderabad,Medium,Textiles,17.2,573.7,24582,2025-09-10,TCI Freight
SHP09930,Bangalore,Hyderabad,Medium,Electronics,12.6,568.7,18262,2025-09-10,VRL Logistics
SHP09931,Mumbai,Delhi,Long,Textiles,16.3,1423.7,50456,2025-09-10,Om Sai Transport
SHP09932,Mumbai,Delhi,Long,Packaged Foods,12.0,1416.7,37738,2025-09-10,Om Sai Transport
SHP09933,Mumbai,Delhi,Long,Chemicals,24.7,1418.8,78647,2025-09-10,TCI Freight
SHP09934,Delhi,Kolkata,Long,Chemicals,20.3,1510.9,63848,2025-09-10,Shivam Freight Co
SHP09935,Delhi,Kolkata,Long,Textiles,11.9,1508.1,38509,2025-09-10,SafeExpress
SHP09936,Delhi,Kolkata,Long,Automobile Parts,16.2,1506.2,52621,2025-09-10,SafeExpress
SHP09937,Mumbai,Pune,Short,Electronics,24.6,151.4,12139,2025-09-11,Om Sai Transport
SHP09938,Mumbai,Pune,Short,FMCG,14.5,152.7,7287,2025-09-11,VRL Logistics
SHP09939,Mumbai,Pune,Short,Electronics,22.4,148.4,10756,2025-09-11,TCI Freight
SHP09940,Delhi,Jaipur,Short,FMCG,22.6,276.8,19974,2025-09-11,Western Carriers
SHP09941,Chennai,Bangalore,Short,Steel Coils,13.2,352.7,14048,2025-09-11,VRL Logistics
SHP09942,Chennai,Bangalore,Short,Electronics,22.1,347.3,22832,2025-09-11,SafeExpress
SHP09943,Chennai,Bangalore,Short,Automobile Parts,18.6,353.1,19508,2025-09-11,TCI Freight
SHP09944,Ahmedabad,Mumbai,Medium,Chemicals,11.5,527.7,15266,2025-09-11,Shivam Freight Co
SHP09945,Ahmedabad,Mumbai,Medium,Chemicals,15.2,527.5,20719,2025-09-11,Western Carriers
SHP09946,Ahmedabad,Mumbai,Medium,Electronics,15.7,529.8,21495,2025-09-11,SafeExpress
SHP09947,Kolkata,Bhubaneswar,Medium,Textiles,11.1,439.9,12653,2025-09-11,Om Sai Transport
SHP09948,Bangalore,Hyderabad,Medium,Steel Coils,18.2,567.4,25629,2025-09-11,TCI Freight
SHP09949,Mumbai,Delhi,Long,Electronics,13.7,1416.2,44068,2025-09-11,Western Carriers
SHP09950,Mumbai,Delhi,Long,Automobile Parts,18.5,1421.1,58583,2025-09-11,Western Carriers
SHP09951,Mumbai,Delhi,Long,Packaged Foods,14.7,1421.0,46950,2025-09-11,Western Carriers
SHP09952,Delhi,Kolkata,Long,FMCG,22.3,1506.9,72654,2025-09-11,VRL Logistics
SHP09953,Delhi,Kolkata,Long,Textiles,19.9,1507.8,64998,2025-09-11,SafeExpress
SHP09954,Delhi,Kolkata,Long,Steel Coils,18.7,1507.1,61237,2025-09-11,Shivam Freight Co
SHP09955,Mumbai,Pune,Short,Electronics,24.8,153.1,12326,2025-09-12,Shivam Freight Co
SHP09956,Delhi,Jaipur,Short,Packaged Foods,12.1,280.3,10720,2025-09-12,VRL Logistics
SHP09957,Chennai,Bangalore,Short,Electronics,18.1,347.3,17859,2025-09-12,VRL Logistics
SHP09958,Chennai,Bangalore,Short,Chemicals,21.5,349.1,21577,2025-09-12,Shivam Freight Co
SHP09959,Chennai,Bangalore,Short,Packaged Foods,15.7,348.3,15921,2025-09-12,Shivam Freight Co
SHP09960,Ahmedabad,Mumbai,Medium,Automobile Parts,18.0,529.8,25038,2025-09-12,VRL Logistics
SHP09961,Ahmedabad,Mumbai,Medium,Packaged Foods,19.2,533.2,26701,2025-09-12,SafeExpress
SHP09962,Kolkata,Bhubaneswar,Medium,Automobile Parts,16.3,442.3,18440,2025-09-12,TCI Freight
SHP09963,Bangalore,Hyderabad,Medium,Packaged Foods,16.9,570.0,24480,2025-09-12,Om Sai Transport
SHP09964,Bangalore,Hyderabad,Medium,Packaged Foods,23.8,569.7,34030,2025-09-12,Om Sai Transport
SHP09965,Bangalore,Hyderabad,Medium,Textiles,15.2,572.6,21873,2025-09-12,VRL Logistics
SHP09966,Mumbai,Delhi,Long,Packaged Foods,16.9,1417.0,51289,2025-09-12,Western Carriers
SHP09967,Delhi,Kolkata,Long,Electronics,23.6,1507.2,77506,2025-09-12,SafeExpress
SHP09968,Delhi,Kolkata,Long,Electronics,13.9,1510.9,45495,2025-09-12,VRL Logistics
SHP09969,Mumbai,Pune,Short,FMCG,16.2,149.1,7641,2025-09-13,Western Carriers
SHP09970,Mumbai,Pune,Short,Chemicals,21.0,153.5,10111,2025-09-13,Shivam Freight Co
SHP09971,Delhi,Jaipur,Short,FMCG,10.1,280.0,8559,2025-09-13,Shivam Freight Co
SHP09972,Delhi,Jaipur,Short,Automobile Parts,11.6,282.7,10231,2025-09-13,VRL Logistics
SHP09973,Delhi,Jaipur,Short,Packaged Foods,17.7,277.5,15159,2025-09-13,Shivam Freight Co
SHP09974,Chennai,Bangalore,Short,Steel Coils,12.7,350.1,13391,2025-09-13,VRL Logistics
SHP09975,Ahmedabad,Mumbai,Medium,Automobile Parts,20.3,531.5,28254,2025-09-13,Om Sai Transport
SHP09976,Ahmedabad,Mumbai,Medium,Electronics,12.1,531.1,17355,2025-09-13,Om Sai Transport
SHP09977,Ahmedabad,Mumbai,Medium,Packaged Foods,10.7,528.1,14869,2025-09-13,SafeExpress
SHP09978,Kolkata,Bhubaneswar,Medium,Automobile Parts,25.0,439.7,29701,2025-09-13,Shivam Freight Co
SHP09979,Kolkata,Bhubaneswar,Medium,Textiles,19.8,436.3,22460,2025-09-13,TCI Freight
SHP09980,Bangalore,Hyderabad,Medium,Textiles,15.7,570.2,22369,2025-09-13,SafeExpress
SHP09981,Mumbai,Delhi,Long,Textiles,19.4,1421.0,59563,2025-09-13,TCI Freight
SHP09982,Delhi,Kolkata,Long,Electronics,11.9,1508.3,39129,2025-09-13,Western Carriers
SHP09983,Mumbai,Pune,Short,Electronics,14.8,146.7,6916,2025-09-14,VRL Logistics
SHP09984,Delhi,Jaipur,Short,FMCG,17.6,281.2,15549,2025-09-14,VRL Logistics
SHP09985,Chennai,Bangalore,Short,FMCG,13.2,353.6,13581,2025-09-14,Om Sai Transport
SHP09986,Ahmedabad,Mumbai,Medium,Electronics,12.9,527.1,17575,2025-09-14,TCI Freight
SHP09987,Ahmedabad,Mumbai,Medium,Electronics,13.8,528.2,19210,2025-09-14,VRL Logistics
SHP09988,Ahmedabad,Mumbai,Medium,Packaged Foods,20.0,526.1,27835,2025-09-14,Om Sai Transport
SHP09989,Kolkata,Bhubaneswar,Medium,Chemicals,20.1,443.9,23987,2025-09-14,VRL Logistics
SHP09990,Kolkata,Bhubaneswar,Medium,Electronics,13.4,437.4,15818,2025-09-14,VRL Logistics
SHP09991,Kolkata,Bhubaneswar,Medium,FMCG,16.8,443.9,19426,2025-09-14,SafeExpress
SHP09992,Bangalore,Hyderabad,Medium,Steel Coils,11.0,571.3,15712,2025-09-14,SafeExpress
SHP09993,Bangalore,Hyderabad,Medium,Chemicals,14.4,566.4,20639,2025-09-14,SafeExpress
SHP09994,Mumbai,Delhi,Long,Steel Coils,11.2,1420.6,33134,2025-09-14,SafeExpress
SHP09995,Mumbai,Delhi,Long,Automobile Parts,19.7,1417.3,59163,2025-09-14,Western Carriers
SHP09996,Delhi,Kolkata,Long,Textiles,10.0,1510.9,32460,2025-09-14,Shivam Freight Co
SHP09997,Delhi,Kolkata,Long,Chemicals,19.2,1510.0,61527,2025-09-14,VRL Logistics
SHP09998,Delhi,Kolkata,Long,FMCG,23.0,1509.1,72808,2025-09-14,Western Carriers
SHP09999,Mumbai,Pune,Short,Packaged Foods,11.9,150.4,5711,2025-09-15,SafeExpress
SHP10000,Delhi,Jaipur,Short,Packaged Foods,15.4,278.4,13429,2025-09-15,TCI Freight
SHP10001,Delhi,Jaipur,Short,Automobile Parts,13.3,279.9,11379,2025-09-15,Om Sai Transport
SHP10002,Chennai,Bangalore,Short,Electronics,24.7,350.6,24329,2025-09-15,TCI Freight
SHP10003,Chennai,Bangalore,Short,Automobile Parts,18.7,349.3,18635,2025-09-15,Shivam Freight Co
SHP10004,Ahmedabad,Mumbai,Medium,Textiles,18.2,531.2,25048,2025-09-15,Western Carriers
SHP10005,Ahmedabad,Mumbai,Medium,Textiles,18.9,528.2,26036,2025-09-15,Western Carriers
SHP10006,Kolkata,Bhubaneswar,Medium,FMCG,22.1,436.2,26089,2025-09-15,TCI Freight
SHP10007,Bangalore,Hyderabad,Medium,Packaged Foods,17.9,572.2,26026,2025-09-15,Om Sai Transport
SHP10008,Bangalore,Hyderabad,Medium,Electronics,15.2,572.4,21946,2025-09-15,Western Carriers
SHP10009,Mumbai,Delhi,Long,Textiles,19.4,1418.9,61080,2025-09-15,Western Carriers
SHP10010,Mumbai,Delhi,Long,Packaged Foods,11.5,1418.3,36054,2025-09-15,TCI Freight
SHP10011,Delhi,Kolkata,Long,Packaged Foods,18.4,1508.3,59004,2025-09-15,TCI Freight
SHP10012,Mumbai,Pune,Short,FMCG,24.8,149.5,12222,2025-09-16,SafeExpress
SHP10013,Delhi,Jaipur,Short,Electronics,17.5,278.3,15439,2025-09-16,Om Sai Transport
SHP10014,Chennai,Bangalore,Short,Automobile Parts,18.4,346.6,18126,2025-09-16,Shivam Freight Co
SHP10015,Chennai,Bangalore,Short,Packaged Foods,17.4,353.2,17663,2025-09-16,Shivam Freight Co
SHP10016,Chennai,Bangalore,Short,Automobile Parts,10.7,347.8,10436,2025-09-16,Om Sai Transport
SHP10017,Ahmedabad,Mumbai,Medium,Packaged Foods,16.8,528.5,23430,2025-09-16,SafeExpress
SHP10018,Ahmedabad,Mumbai,Medium,Chemicals,11.0,531.0,14977,2025-09-16,Shivam Freight Co
SHP10019,Kolkata,Bhubaneswar,Medium,Steel Coils,10.2,436.2,11618,2025-09-16,Om Sai Transport
SHP10020,Bangalore,Hyderabad,Medium,Chemicals,20.8,571.1,29202,2025-09-16,TCI Freight
SHP10021,Bangalore,Hyderabad,Medium,Electronics,23.7,566.1,32720,2025-09-16,Om Sai Transport
SHP10022,Bangalore,Hyderabad,Medium,Packaged Foods,21.6,572.7,30771,2025-09-16,VRL Logistics
SHP10023,Mumbai,Delhi,Long,Automobile Parts,23.2,1422.9,72617,2025-09-16,SafeExpress
SHP10024,Mumbai,Delhi,Long,Automobile Parts,14.0,1423.5,43262,2025-09-16,Western Carriers
SHP10025,Mumbai,Delhi,Long,Chemicals,14.3,1419.4,44289,2025-09-16,Western Carriers
SHP10026,Delhi,Kolkata,Long,Electronics,18.6,1509.4,59954,2025-09-16,Western Carriers
SHP10027,Delhi,Kolkata,Long,Automobile Parts,22.4,1510.4,72567,2025-09-16,VRL Logistics
SHP10028,Mumbai,Pune,Short,Electronics,23.3,148.5,11269,2025-09-17,TCI Freight
SHP10029,Mumbai,Pune,Short,Electronics,17.7,146.8,8400,2025-09-17,Shivam Freight Co
SHP10030,Delhi,Jaipur,Short,FMCG,21.3,281.4,19128,2025-09-17,Om Sai Transport
SHP10031,Delhi,Jaipur,Short,Electronics,17.8,277.8,15324,2025-09-17,SafeExpress
SHP10032,Delhi,Jaipur,Short,Electronics,11.8,278.8,10335,2025-09-17,TCI Freight
SHP10033,Chennai,Bangalore,Short,Chemicals,16.0,347.1,16196,2025-09-17,Shivam Freight Co
SHP10034,Ahmedabad,Mumbai,Medium,Automobile Parts,23.1,532.8,32046,2025-09-17,SafeExpress
SHP10035,Ahmedabad,Mumbai,Medium,Electronics,20.1,531.4,27561,2025-09-17,SafeExpress
SHP10036,Ahmedabad,Mumbai,Medium,FMCG,15.7,531.6,21496,2025-09-17,VRL Logistics
SHP10037,Kolkata,Bhubaneswar,Medium,Electronics,22.6,439.4,26897,2025-09-17,VRL Logistics
SHP10038,Kolkata,Bhubaneswar,Medium,Automobile Parts,23.6,440.8,28222,2025-09-17,Om Sai Transport
SHP10039,Kolkata,Bhubaneswar,Medium,Packaged Foods,21.9,441.5,26374,2025-09-17,Shivam Freight Co
SHP10040,Bangalore,Hyderabad,Medium,Steel Coils,22.2,566.3,32743,2025-09-17,Western Carriers
SHP10041,Bangalore,Hyderabad,Medium,Steel Coils,21.7,571.8,31943,2025-09-17,TCI Freight
SHP10042,Mumbai,Delhi,Long,Electronics,20.4,1422.2,63173,2025-09-17,Om Sai Transport
SHP10043,Mumbai,Delhi,Long,Textiles,18.4,1419.5,55703,2025-09-17,SafeExpress
SHP10044,Delhi,Kolkata,Long,Textiles,18.2,1511.2,57829,2025-09-17,SafeExpress
SHP10045,Mumbai,Pune,Short,Steel Coils,12.3,152.0,5887,2025-09-18,Om Sai Transport
SHP10046,Mumbai,Pune,Short,Chemicals,13.3,146.5,6055,2025-09-18,SafeExpress
SHP10047,Mumbai,Pune,Short,Chemicals,18.8,151.4,8902,2025-09-18,TCI Freight
SHP10048,Delhi,Jaipur,Short,Chemicals,21.6,283.9,19943,2025-09-18,Western Carriers
SHP10049,Chennai,Bangalore,Short,Chemicals,23.1,352.2,24141,2025-09-18,Om Sai Transport
SHP10050,Chennai,Bangalore,Short,FMCG,17.8,346.4,18088,2025-09-18,Western Carriers
SHP10051,Ahmedabad,Mumbai,Medium,Electronics,20.9,531.9,28479,2025-09-18,TCI Freight
SHP10052,Ahmedabad,Mumbai,Medium,Electronics,10.2,532.3,13522,2025-09-18,Western Carriers
SHP10053,Ahmedabad,Mumbai,Medium,FMCG,15.2,531.2,20235,2025-09-18,VRL Logistics
SHP10054,Kolkata,Bhubaneswar,Medium,Automobile Parts,17.4,440.5,20390,2025-09-18,Shivam Freight Co
SHP10055,Bangalore,Hyderabad,Medium,Electronics,16.0,570.3,23043,2025-09-18,SafeExpress
SHP10056,Bangalore,Hyderabad,Medium,Electronics,12.4,572.0,18265,2025-09-18,VRL Logistics
SHP10057,Mumbai,Delhi,Long,FMCG,13.0,1417.9,40593,2025-09-18,Western Carriers
SHP10058,Mumbai,Delhi,Long,Automobile Parts,24.5,1422.9,76393,2025-09-18,Om Sai Transport
SHP10059,Delhi,Kolkata,Long,Packaged Foods,24.5,1512.2,78109,2025-09-18,TCI Freight
SHP10060,Delhi,Kolkata,Long,Packaged Foods,12.5,1510.9,40602,2025-09-18,Shivam Freight Co
SHP10061,Delhi,Kolkata,Long,Textiles,13.7,1513.1,44888,2025-09-18,SafeExpress
SHP10062,Mumbai,Pune,Short,Automobile Parts,23.0,146.5,10488,2025-09-19,Shivam Freight Co
SHP10063,Delhi,Jaipur,Short,FMCG,15.0,278.1,13076,2025-09-19,TCI Freight
SHP10064,Chennai,Bangalore,Short,Chemicals,11.2,349.8,11207,2025-09-19,TCI Freight
SHP10065,Ahmedabad,Mumbai,Medium,Chemicals,11.2,527.2,15462,2025-09-19,TCI Freight
SHP10066,Kolkata,Bhubaneswar,Medium,Packaged Foods,12.9,438.5,15002,2025-09-19,Western Carriers
SHP10067,Bangalore,Hyderabad,Medium,Electronics,24.1,568.4,34016,2025-09-19,VRL Logistics
SHP10068,Mumbai,Delhi,Long,Textiles,24.2,1419.3,75959,2025-09-19,Shivam Freight Co
SHP10069,Mumbai,Delhi,Long,Steel Coils,12.7,1422.5,39765,2025-09-19,VRL Logistics
SHP10070,Delhi,Kolkata,Long,Chemicals,24.8,1509.3,78118,2025-09-19,Shivam Freight Co
SHP10071,Mumbai,Pune,Short,Steel Coils,10.4,149.2,4833,2025-09-20,Om Sai Transport
SHP10072,Mumbai,Pune,Short,Textiles,20.7,150.1,9800,2025-09-20,Shivam Freight Co
SHP10073,Delhi,Jaipur,Short,Textiles,14.9,278.1,12832,2025-09-20,Western Carriers
SHP10074,Delhi,Jaipur,Short,Textiles,24.7,276.0,20437,2025-09-20,Om Sai Transport
SHP10075,Chennai,Bangalore,Short,Automobile Parts,15.9,346.2,15911,2025-09-20,Western Carriers
SHP10076,Chennai,Bangalore,Short,Packaged Foods,17.2,352.2,17561,2025-09-20,Om Sai Transport
SHP10077,Ahmedabad,Mumbai,Medium,Textiles,12.2,532.4,16942,2025-09-20,TCI Freight
SHP10078,Ahmedabad,Mumbai,Medium,Electronics,14.1,533.5,19340,2025-09-20,VRL Logistics
SHP10079,Kolkata,Bhubaneswar,Medium,Textiles,20.0,440.6,22697,2025-09-20,Western Carriers
SHP10080,Bangalore,Hyderabad,Medium,Steel Coils,24.2,568.2,35317,2025-09-20,TCI Freight
SHP10081,Bangalore,Hyderabad,Medium,Automobile Parts,20.7,567.2,30470,2025-09-20,VRL Logistics
SHP10082,Bangalore,Hyderabad,Medium,Automobile Parts,23.6,566.8,34034,2025-09-20,Shivam Freight Co
SHP10083,Mumbai,Delhi,Long,Automobile Parts,18.7,1420.9,57088,2025-09-20,VRL Logistics
SHP10084,Mumbai,Delhi,Long,FMCG,13.5,1423.8,40729,2025-09-20,SafeExpress
SHP10085,Delhi,Kolkata,Long,Electronics,11.5,1510.9,37725,2025-09-20,Shivam Freight Co
SHP10086,Delhi,Kolkata,Long,Automobile Parts,23.9,1508.9,76114,2025-09-20,Om Sai Transport
SHP10087,Delhi,Kolkata,Long,Electronics,20.1,1507.9,66173,2025-09-20,Om Sai Transport
SHP10088,Mumbai,Pune,Short,FMCG,18.7,147.0,8799,2025-09-21,TCI Freight
SHP10089,Mumbai,Pune,Short,Packaged Foods,17.3,149.4,8463,2025-09-21,Western Carriers
SHP10090,Delhi,Jaipur,Short,Packaged Foods,14.4,277.4,12785,2025-09-21,Om Sai Transport
SHP10091,Delhi,Jaipur,Short,Packaged Foods,21.2,280.1,19157,2025-09-21,Shivam Freight Co
SHP10092,Delhi,Jaipur,Short,Packaged Foods,23.1,279.4,20809,2025-09-21,TCI Freight
SHP10093,Chennai,Bangalore,Short,Automobile Parts,14.0,351.0,13874,2025-09-21,TCI Freight
SHP10094,Chennai,Bangalore,Short,Electronics,16.8,346.7,16449,2025-09-21,TCI Freight
SHP10095,Chennai,Bangalore,Short,Packaged Foods,17.4,349.5,17654,2025-09-21,SafeExpress
SHP10096,Ahmedabad,Mumbai,Medium,Chemicals,24.2,527.9,32766,2025-09-21,Shivam Freight Co
SHP10097,Kolkata,Bhubaneswar,Medium,Textiles,11.2,438.9,12776,2025-09-21,SafeExpress
SHP10098,Bangalore,Hyderabad,Medium,Textiles,20.8,572.9,30004,2025-09-21,Western Carriers
SHP10099,Bangalore,Hyderabad,Medium,Electronics,10.3,572.6,14588,2025-09-21,Shivam Freight Co
SHP10100,Bangalore,Hyderabad,Medium,Electronics,11.6,570.6,16716,2025-09-21,SafeExpress
SHP10101,Mumbai,Delhi,Long,Steel Coils,18.0,1420.4,54507,2025-09-21,Shivam Freight Co
SHP10102,Mumbai,Delhi,Long,Chemicals,11.9,1420.3,35567,2025-09-21,Om Sai Transport
SHP10103,Delhi,Kolkata,Long,Packaged Foods,15.6,1509.2,50995,2025-09-21,Om Sai Transport
SHP10104,Mumbai,Pune,Short,Electronics,23.0,148.3,11061,2025-09-22,Western Carriers
SHP10105,Mumbai,Pune,Short,Electronics,23.2,151.1,11002,2025-09-22,Om Sai Transport
SHP10106,Mumbai,Pune,Short,Steel Coils,12.1,147.7,5608,2025-09-22,SafeExpress
SHP10107,Delhi,Jaipur,Short,Steel Coils,15.9,281.8,13909,2025-09-22,VRL Logistics
SHP10108,Delhi,Jaipur,Short,Chemicals,14.4,278.0,12551,2025-09-22,SafeExpress
SHP10109,Delhi,Jaipur,Short,Chemicals,18.1,283.5,15759,2025-09-22,Shivam Freight Co
SHP10110,Chennai,Bangalore,Short,Steel Coils,11.4,348.3,11394,2025-09-22,VRL Logistics
SHP10111,Chennai,Bangalore,Short,Textiles,10.1,348.2,10106,2025-09-22,Western Carriers
SHP10112,Ahmedabad,Mumbai,Medium,Steel Coils,12.7,531.5,17654,2025-09-22,TCI Freight
SHP10113,Ahmedabad,Mumbai,Medium,Textiles,11.9,528.0,16399,2025-09-22,Western Carriers
SHP10114,Kolkata,Bhubaneswar,Medium,Chemicals,15.6,438.2,18209,2025-09-22,VRL Logistics
SHP10115,Bangalore,Hyderabad,Medium,Automobile Parts,19.8,572.0,28636,2025-09-22,VRL Logistics
SHP10116,Mumbai,Delhi,Long,Electronics,20.8,1420.0,66462,2025-09-22,VRL Logistics
SHP10117,Mumbai,Delhi,Long,Steel Coils,10.4,1421.4,32795,2025-09-22,VRL Logistics
SHP10118,Delhi,Kolkata,Long,Packaged Foods,16.4,1506.8,52557,2025-09-22,VRL Logistics
SHP10119,Mumbai,Pune,Short,Textiles,11.9,149.5,5585,2025-09-23,TCI Freight
SHP10120,Mumbai,Pune,Short,Chemicals,12.5,153.4,5997,2025-09-23,Om Sai Transport
SHP10121,Delhi,Jaipur,Short,Electronics,17.8,277.4,15537,2025-09-23,Om Sai Transport
SHP10122,Delhi,Jaipur,Short,Electronics,21.3,276.0,18346,2025-09-23,Shivam Freight Co
SHP10123,Chennai,Bangalore,Short,Automobile Parts,17.6,352.8,18115,2025-09-23,Western Carriers
SHP10124,Chennai,Bangalore,Short,Steel Coils,10.1,350.0,10515,2025-09-23,Om Sai Transport
SHP10125,Chennai,Bangalore,Short,Steel Coils,18.7,354.0,19398,2025-09-23,Western Carriers
SHP10126,Ahmedabad,Mumbai,Medium,Steel Coils,18.9,531.6,25797,2025-09-23,Western Carriers
SHP10127,Ahmedabad,Mumbai,Medium,Steel Coils,13.9,528.8,18721,2025-09-23,Shivam Freight Co
SHP10128,Ahmedabad,Mumbai,Medium,Steel Coils,17.3,531.8,23633,2025-09-23,TCI Freight
SHP10129,Kolkata,Bhubaneswar,Medium,FMCG,14.7,436.1,16990,2025-09-23,Western Carriers
SHP10130,Kolkata,Bhubaneswar,Medium,FMCG,12.5,443.3,15030,2025-09-23,Om Sai Transport
SHP10131,Kolkata,Bhubaneswar,Medium,FMCG,22.6,442.8,27117,2025-09-23,TCI Freight
SHP10132,Bangalore,Hyderabad,Medium,Electronics,21.8,568.0,32332,2025-09-23,Western Carriers
SHP10133,Bangalore,Hyderabad,Medium,Packaged Foods,13.2,568.0,19375,2025-09-23,Om Sai Transport
SHP10134,Bangalore,Hyderabad,Medium,Packaged Foods,12.6,567.4,18192,2025-09-23,Western Carriers
SHP10135,Mumbai,Delhi,Long,Packaged Foods,13.5,1416.3,41924,2025-09-23,SafeExpress
SHP10136,Mumbai,Delhi,Long,Chemicals,15.2,1416.8,47451,2025-09-23,VRL Logistics
SHP10137,Mumbai,Delhi,Long,Chemicals,15.7,1417.2,48273,2025-09-23,TCI Freight
SHP10138,Delhi,Kolkata,Long,Packaged Foods,20.1,1507.3,63859,2025-09-23,VRL Logistics
SHP10139,Delhi,Kolkata,Long,Chemicals,12.8,1506.7,40820,2025-09-23,SafeExpress
SHP10140,Delhi,Kolkata,Long,Chemicals,24.4,1513.3,76213,2025-09-23,TCI Freight
SHP10141,Mumbai,Pune,Short,Packaged Foods,14.3,153.7,6976,2025-09-24,Shivam Freight Co
SHP10142,Mumbai,Pune,Short,Packaged Foods,11.6,152.2,5765,2025-09-24,Om Sai Transport
SHP10143,Delhi,Jaipur,Short,Textiles,13.7,281.8,11828,2025-09-24,TCI Freight
SHP10144,Delhi,Jaipur,Short,Packaged Foods,19.9,281.4,17084,2025-09-24,Om Sai Transport
SHP10145,Delhi,Jaipur,Short,Chemicals,18.6,278.5,16116,2025-09-24,Western Carriers
SHP10146,Chennai,Bangalore,Short,Electronics,24.8,351.6,25423,2025-09-24,SafeExpress
SHP10147,Ahmedabad,Mumbai,Medium,Electronics,17.4,529.4,23820,2025-09-24,Om Sai Transport
SHP10148,Ahmedabad,Mumbai,Medium,FMCG,21.0,532.5,29186,2025-09-24,VRL Logistics
SHP10149,Ahmedabad,Mumbai,Medium,Textiles,23.8,531.4,33046,2025-09-24,SafeExpress
SHP10150,Kolkata,Bhubaneswar,Medium,Packaged Foods,20.1,438.4,22940,2025-09-24,Shivam Freight Co
SHP10151,Kolkata,Bhubaneswar,Medium,Electronics,11.3,439.7,13016,2025-09-24,Western Carriers
SHP10152,Kolkata,Bhubaneswar,Medium,Steel Coils,23.8,441.6,26901,2025-09-24,Om Sai Transport
SHP10153,Bangalore,Hyderabad,Medium,Automobile Parts,19.4,573.2,27698,2025-09-24,Om Sai Transport
SHP10154,Mumbai,Delhi,Long,Textiles,21.3,1423.7,63713,2025-09-24,TCI Freight
SHP10155,Delhi,Kolkata,Long,Packaged Foods,16.5,1511.2,53697,2025-09-24,Western Carriers
SHP10156,Delhi,Kolkata,Long,Packaged Foods,20.0,1511.2,65862,2025-09-24,SafeExpress
SHP10157,Delhi,Kolkata,Long,Packaged Foods,15.1,1506.9,48800,2025-09-24,Shivam Freight Co
SHP10158,Mumbai,Pune,Short,Chemicals,17.5,150.2,8626,2025-09-25,VRL Logistics
SHP10159,Mumbai,Pune,Short,Electronics,23.4,150.8,11497,2025-09-25,Western Carriers
SHP10160,Mumbai,Pune,Short,Automobile Parts,20.1,149.1,9652,2025-09-25,Om Sai Transport
SHP10161,Delhi,Jaipur,Short,Steel Coils,14.6,279.1,12359,2025-09-25,Shivam Freight Co
SHP10162,Delhi,Jaipur,Short,FMCG,16.8,277.7,14232,2025-09-25,Western Carriers
SHP10163,Delhi,Jaipur,Short,Packaged Foods,11.4,276.0,9708,2025-09-25,Shivam Freight Co
SHP10164,Chennai,Bangalore,Short,Textiles,12.5,348.0,12213,2025-09-25,Om Sai Transport
SHP10165,Chennai,Bangalore,Short,Chemicals,15.2,347.3,14817,2025-09-25,Western Carriers
SHP10166,Ahmedabad,Mumbai,Medium,Electronics,19.4,530.1,26428,2025-09-25,TCI Freight
SHP10167,Ahmedabad,Mumbai,Medium,Textiles,19.8,529.9,26778,2025-09-25,Shivam Freight Co
SHP10168,Ahmedabad,Mumbai,Medium,FMCG,19.0,533.9,25907,2025-09-25,Om Sai Transport
SHP10169,Kolkata,Bhubaneswar,Medium,Steel Coils,10.6,443.2,12450,2025-09-25,VRL Logistics
SHP10170,Kolkata,Bhubaneswar,Medium,Chemicals,20.7,438.9,23973,2025-09-25,Om Sai Transport
SHP10171,Kolkata,Bhubaneswar,Medium,Packaged Foods,24.9,436.2,28755,2025-09-25,TCI Freight
SHP10172,Bangalore,Hyderabad,Medium,Automobile Parts,10.1,566.3,14226,2025-09-25,TCI Freight
SHP10173,Mumbai,Delhi,Long,Steel Coils,13.2,1420.3,41543,2025-09-25,Shivam Freight Co
SHP10174,Mumbai,Delhi,Long,Automobile Parts,18.8,1419.2,58713,2025-09-25,SafeExpress
SHP10175,Mumbai,Delhi,Long,Steel Coils,21.4,1418.3,66995,2025-09-25,Western Carriers
SHP10176,Delhi,Kolkata,Long,Packaged Foods,18.5,1506.0,57727,2025-09-25,Western Carriers
SHP10177,Delhi,Kolkata,Long,Packaged Foods,14.2,1513.6,44428,2025-09-25,SafeExpress
SHP10178,Mumbai,Pune,Short,Packaged Foods,16.6,150.6,7887,2025-09-26,Shivam Freight Co
SHP10179,Delhi,Jaipur,Short,Automobile Parts,22.4,280.8,19628,2025-09-26,VRL Logistics
SHP10180,Delhi,Jaipur,Short,Textiles,17.5,277.7,15507,2025-09-26,Western Carriers
SHP10181,Chennai,Bangalore,Short,FMCG,12.8,347.6,12878,2025-09-26,Western Carriers
SHP10182,Chennai,Bangalore,Short,Chemicals,21.0,349.5,21080,2025-09-26,Om Sai Transport
SHP10183,Chennai,Bangalore,Short,FMCG,16.9,348.0,17012,2025-09-26,Om Sai Transport
SHP10184,Ahmedabad,Mumbai,Medium,Automobile Parts,17.7,530.1,24366,2025-09-26,Western Carriers
SHP10185,Ahmedabad,Mumbai,Medium,Automobile Parts,19.5,533.4,27487,2025-09-26,Western Carriers
SHP10186,Kolkata,Bhubaneswar,Medium,Electronics,11.2,437.4,13057,2025-09-26,Om Sai Transport
SHP10187,Bangalore,Hyderabad,Medium,Steel Coils,11.8,572.2,16873,2025-09-26,Om Sai Transport
SHP10188,Bangalore,Hyderabad,Medium,Chemicals,12.6,573.7,17775,2025-09-26,TCI Freight
SHP10189,Bangalore,Hyderabad,Medium,Chemicals,19.7,566.9,27884,2025-09-26,Western Carriers
SHP10190,Mumbai,Delhi,Long,FMCG,16.3,1419.5,49940,2025-09-26,Shivam Freight Co
SHP10191,Mumbai,Delhi,Long,Textiles,16.7,1420.4,50431,2025-09-26,VRL Logistics
SHP10192,Mumbai,Delhi,Long,Electronics,15.8,1417.0,47470,2025-09-26,Shivam Freight Co
SHP10193,Delhi,Kolkata,Long,Automobile Parts,22.1,1513.5,68721,2025-09-26,SafeExpress
SHP10194,Delhi,Kolkata,Long,Textiles,11.4,1508.5,35322,2025-09-26,VRL Logistics
SHP10195,Delhi,Kolkata,Long,Electronics,22.0,1510.4,68531,2025-09-26,VRL Logistics
SHP10196,Mumbai,Pune,Short,Packaged Foods,18.6,146.5,8599,2025-09-27,Shivam Freight Co
SHP10197,Mumbai,Pune,Short,Electronics,19.9,153.9,9422,2025-09-27,TCI Freight
SHP10198,Delhi,Jaipur,Short,Chemicals,19.7,278.4,17461,2025-09-27,SafeExpress
SHP10199,Delhi,Jaipur,Short,FMCG,21.2,277.4,18770,2025-09-27,Shivam Freight Co
SHP10200,Chennai,Bangalore,Short,FMCG,22.4,350.4,22738,2025-09-27,Western Carriers
SHP10201,Ahmedabad,Mumbai,Medium,Automobile Parts,21.9,533.8,30080,2025-09-27,SafeExpress
SHP10202,Ahmedabad,Mumbai,Medium,Steel Coils,16.0,529.1,21509,2025-09-27,VRL Logistics
SHP10203,Ahmedabad,Mumbai,Medium,Steel Coils,12.7,531.2,17562,2025-09-27,Shivam Freight Co
SHP10204,Kolkata,Bhubaneswar,Medium,Textiles,18.9,439.8,22008,2025-09-27,TCI Freight
SHP10205,Kolkata,Bhubaneswar,Medium,FMCG,25.0,436.5,29209,2025-09-27,Shivam Freight Co
SHP10206,Bangalore,Hyderabad,Medium,Electronics,16.5,570.4,24176,2025-09-27,TCI Freight
SHP10207,Bangalore,Hyderabad,Medium,Chemicals,17.7,569.4,26459,2025-09-27,Om Sai Transport
SHP10208,Mumbai,Delhi,Long,Steel Coils,21.6,1417.0,68129,2025-09-27,TCI Freight
SHP10209,Mumbai,Delhi,Long,Packaged Foods,15.4,1421.2,49673,2025-09-27,Shivam Freight Co
SHP10210,Delhi,Kolkata,Long,Textiles,12.6,1513.7,40210,2025-09-27,TCI Freight
SHP10211,Delhi,Kolkata,Long,Automobile Parts,23.5,1506.5,73772,2025-09-27,Shivam Freight Co
SHP10212,Delhi,Kolkata,Long,Steel Coils,19.8,1507.5,62533,2025-09-27,SafeExpress
SHP10213,Mumbai,Pune,Short,Chemicals,24.8,146.7,12068,2025-09-28,Om Sai Transport
SHP10214,Delhi,Jaipur,Short,Packaged Foods,12.0,282.2,10471,2025-09-28,Shivam Freight Co
SHP10215,Delhi,Jaipur,Short,Packaged Foods,22.9,277.3,19679,2025-09-28,VRL Logistics
SHP10216,Delhi,Jaipur,Short,Electronics,23.0,282.6,19915,2025-09-28,VRL Logistics
SHP10217,Chennai,Bangalore,Short,FMCG,23.9,346.8,23960,2025-09-28,VRL Logistics
SHP10218,Chennai,Bangalore,Short,Automobile Parts,11.7,347.8,11343,2025-09-28,VRL Logistics
SHP10219,Ahmedabad,Mumbai,Medium,Electronics,16.2,528.6,22893,2025-09-28,TCI Freight
SHP10220,Kolkata,Bhubaneswar,Medium,Chemicals,11.6,437.5,13744,2025-09-28,Om Sai Transport
SHP10221,Kolkata,Bhubaneswar,Medium,Textiles,14.3,437.9,16716,2025-09-28,Om Sai Transport
SHP10222,Bangalore,Hyderabad,Medium,FMCG,15.5,569.3,22875,2025-09-28,Shivam Freight Co
SHP10223,Bangalore,Hyderabad,Medium,Electronics,12.9,569.0,19097,2025-09-28,Shivam Freight Co
SHP10224,Bangalore,Hyderabad,Medium,FMCG,12.0,567.7,17360,2025-09-28,TCI Freight
SHP10225,Mumbai,Delhi,Long,FMCG,10.0,1416.4,31164,2025-09-28,Shivam Freight Co
SHP10226,Mumbai,Delhi,Long,Textiles,22.4,1422.7,71147,2025-09-28,VRL Logistics
SHP10227,Mumbai,Delhi,Long,Packaged Foods,24.5,1419.9,77494,2025-09-28,Om Sai Transport
SHP10228,Delhi,Kolkata,Long,Electronics,11.6,1506.8,38065,2025-09-28,Om Sai Transport
SHP10229,Delhi,Kolkata,Long,Chemicals,22.8,1508.3,73492,2025-09-28,Western Carriers
SHP10230,Mumbai,Pune,Short,Textiles,20.5,148.1,9361,2025-09-29,SafeExpress
SHP10231,Mumbai,Pune,Short,FMCG,21.1,153.2,10202,2025-09-29,Western Carriers
SHP10232,Delhi,Jaipur,Short,Automobile Parts,16.8,277.6,14252,2025-09-29,Shivam Freight Co
SHP10233,Delhi,Jaipur,Short,Textiles,10.6,282.0,9210,2025-09-29,Western Carriers
SHP10234,Chennai,Bangalore,Short,Textiles,19.5,348.1,20695,2025-09-29,SafeExpress
SHP10235,Chennai,Bangalore,Short,Steel Coils,22.9,348.8,24019,2025-09-29,Om Sai Transport
SHP10236,Chennai,Bangalore,Short,Textiles,10.7,354.0,11169,2025-09-29,Om Sai Transport
SHP10237,Ahmedabad,Mumbai,Medium,Steel Coils,24.9,526.7,33092,2025-09-29,Western Carriers
SHP10238,Ahmedabad,Mumbai,Medium,Electronics,21.0,531.8,28794,2025-09-29,VRL Logistics
SHP10239,Kolkata,Bhubaneswar,Medium,Packaged Foods,16.8,441.0,20292,2025-09-29,Shivam Freight Co
SHP10240,Kolkata,Bhubaneswar,Medium,Steel Coils,12.0,436.5,14485,2025-09-29,SafeExpress
SHP10241,Kolkata,Bhubaneswar,Medium,Chemicals,10.1,442.0,12251,2025-09-29,Western Carriers
SHP10242,Bangalore,Hyderabad,Medium,Textiles,22.2,566.4,32039,2025-09-29,Om Sai Transport
SHP10243,Bangalore,Hyderabad,Medium,Packaged Foods,24.3,566.4,35449,2025-09-29,Western Carriers
SHP10244,Bangalore,Hyderabad,Medium,Electronics,17.5,572.2,25853,2025-09-29,Om Sai Transport
SHP10245,Mumbai,Delhi,Long,Electronics,23.0,1416.3,67787,2025-09-29,VRL Logistics
SHP10246,Delhi,Kolkata,Long,Textiles,12.8,1512.6,41487,2025-09-29,TCI Freight
SHP10247,Mumbai,Pune,Short,Textiles,18.0,153.2,8655,2025-09-30,Shivam Freight Co
SHP10248,Mumbai,Pune,Short,Steel Coils,18.2,146.2,8418,2025-09-30,SafeExpress
SHP10249,Delhi,Jaipur,Short,Steel Coils,21.6,277.1,19124,2025-09-30,TCI Freight
SHP10250,Chennai,Bangalore,Short,Steel Coils,12.5,350.8,13227,2025-09-30,VRL Logistics
SHP10251,Chennai,Bangalore,Short,Packaged Foods,18.2,348.1,19169,2025-09-30,SafeExpress
SHP10252,Chennai,Bangalore,Short,Electronics,16.1,352.2,17123,2025-09-30,SafeExpress
SHP10253,Ahmedabad,Mumbai,Medium,Textiles,14.7,532.4,19929,2025-09-30,TCI Freight
SHP10254,Ahmedabad,Mumbai,Medium,Automobile Parts,18.3,533.6,24752,2025-09-30,Om Sai Transport
SHP10255,Kolkata,Bhubaneswar,Medium,Steel Coils,21.6,443.0,25572,2025-09-30,VRL Logistics
SHP10256,Bangalore,Hyderabad,Medium,Packaged Foods,24.6,571.6,36202,2025-09-30,SafeExpress
SHP10257,Bangalore,Hyderabad,Medium,Automobile Parts,17.6,566.3,25470,2025-09-30,TCI Freight
SHP10258,Bangalore,Hyderabad,Medium,Steel Coils,11.8,571.4,16874,2025-09-30,Om Sai Transport
SHP10259,Mumbai,Delhi,Long,Textiles,19.5,1421.4,61441,2025-09-30,SafeExpress
SHP10260,Mumbai,Delhi,Long,Textiles,20.0,1422.3,61820,2025-09-30,TCI Freight
SHP10261,Delhi,Kolkata,Long,Textiles,19.3,1509.2,62155,2025-09-30,VRL Logistics
SHP10262,Delhi,Kolkata,Long,Packaged Foods,11.2,1513.8,35310,2025-09-30,Western Carriers
SHP10263,Delhi,Kolkata,Long,Packaged Foods,12.1,1508.9,38762,2025-09-30,VRL Logistics
SHP10264,Mumbai,Pune,Short,Chemicals,11.0,146.4,4955,2025-10-01,Shivam Freight Co
SHP10265,Mumbai,Pune,Short,Automobile Parts,23.6,148.2,10729,2025-10-01,VRL Logistics
SHP10266,Mumbai,Pune,Short,Steel Coils,11.7,151.3,5571,2025-10-01,Western Carriers
SHP10267,Delhi,Jaipur,Short,Steel Coils,21.1,278.1,18787,2025-10-01,VRL Logistics
SHP10268,Delhi,Jaipur,Short,Automobile Parts,21.7,281.8,19490,2025-10-01,Om Sai Transport
SHP10269,Chennai,Bangalore,Short,FMCG,21.9,352.6,22887,2025-10-01,Western Carriers
SHP10270,Ahmedabad,Mumbai,Medium,FMCG,16.9,533.7,22613,2025-10-01,TCI Freight
SHP10271,Ahmedabad,Mumbai,Medium,Automobile Parts,13.2,530.9,17837,2025-10-01,Om Sai Transport
SHP10272,Ahmedabad,Mumbai,Medium,Steel Coils,17.2,526.4,23571,2025-10-01,TCI Freight
SHP10273,Kolkata,Bhubaneswar,Medium,Steel Coils,19.9,436.7,22655,2025-10-01,TCI Freight
SHP10274,Kolkata,Bhubaneswar,Medium,FMCG,17.8,443.5,20616,2025-10-01,Shivam Freight Co
SHP10275,Kolkata,Bhubaneswar,Medium,Electronics,20.8,440.1,24095,2025-10-01,VRL Logistics
SHP10276,Bangalore,Hyderabad,Medium,Textiles,14.6,571.0,20738,2025-10-01,VRL Logistics
SHP10277,Mumbai,Delhi,Long,Packaged Foods,11.8,1419.1,34806,2025-10-01,VRL Logistics
SHP10278,Delhi,Kolkata,Long,Electronics,15.0,1513.8,48422,2025-10-01,SafeExpress
SHP10279,Delhi,Kolkata,Long,FMCG,17.0,1507.3,55008,2025-10-01,SafeExpress
SHP10280,Mumbai,Pune,Short,FMCG,20.7,149.7,10015,2025-10-02,TCI Freight
SHP10281,Mumbai,Pune,Short,FMCG,24.4,152.6,12031,2025-10-02,VRL Logistics
SHP10282,Mumbai,Pune,Short,Electronics,22.4,149.3,10826,2025-10-02,VRL Logistics
SHP10283,Delhi,Jaipur,Short,Textiles,19.8,278.7,17048,2025-10-02,SafeExpress
SHP10284,Delhi,Jaipur,Short,Textiles,13.7,282.0,12028,2025-10-02,VRL Logistics
SHP10285,Chennai,Bangalore,Short,Chemicals,19.8,346.7,19536,2025-10-02,Western Carriers
SHP10286,Ahmedabad,Mumbai,Medium,Packaged Foods,14.5,533.7,20111,2025-10-02,Om Sai Transport
SHP10287,Ahmedabad,Mumbai,Medium,Steel Coils,24.4,533.8,34917,2025-10-02,Shivam Freight Co
SHP10288,Ahmedabad,Mumbai,Medium,Packaged Foods,17.8,530.4,25147,2025-10-02,TCI Freight
SHP10289,Kolkata,Bhubaneswar,Medium,Electronics,12.3,443.4,14348,2025-10-02,VRL Logistics
SHP10290,Kolkata,Bhubaneswar,Medium,FMCG,22.1,443.0,26163,2025-10-02,TCI Freight
SHP10291,Kolkata,Bhubaneswar,Medium,Electronics,22.3,439.5,26705,2025-10-02,SafeExpress
SHP10292,Bangalore,Hyderabad,Medium,Electronics,12.4,571.6,18163,2025-10-02,SafeExpress
SHP10293,Mumbai,Delhi,Long,Electronics,10.3,1421.5,31097,2025-10-02,SafeExpress
SHP10294,Delhi,Kolkata,Long,Steel Coils,14.4,1511.5,46404,2025-10-02,VRL Logistics
SHP10295,Delhi,Kolkata,Long,Electronics,19.0,1511.3,61055,2025-10-02,Shivam Freight Co
SHP10296,Mumbai,Pune,Short,Steel Coils,23.7,148.9,10797,2025-10-03,VRL Logistics
SHP10297,Delhi,Jaipur,Short,Automobile Parts,16.5,284.0,14283,2025-10-03,TCI Freight
SHP10298,Delhi,Jaipur,Short,Textiles,10.9,277.8,9310,2025-10-03,SafeExpress
SHP10299,Delhi,Jaipur,Short,Textiles,10.3,278.4,8871,2025-10-03,TCI Freight
SHP10300,Chennai,Bangalore,Short,Textiles,20.9,346.6,21068,2025-10-03,Western Carriers
SHP10301,Ahmedabad,Mumbai,Medium,Steel Coils,15.2,533.1,20885,2025-10-03,Om Sai Transport
SHP10302,Kolkata,Bhubaneswar,Medium,Chemicals,23.6,441.9,27313,2025-10-03,VRL Logistics
SHP10303,Kolkata,Bhubaneswar,Medium,Automobile Parts,15.3,443.0,17205,2025-10-03,TCI Freight
SHP10304,Kolkata,Bhubaneswar,Medium,Chemicals,15.5,438.3,17493,2025-10-03,Om Sai Transport
SHP10305,Bangalore,Hyderabad,Medium,Textiles,12.2,569.7,17952,2025-10-03,TCI Freight
SHP10306,Mumbai,Delhi,Long,Chemicals,20.9,1417.2,64725,2025-10-03,Western Carriers
SHP10307,Mumbai,Delhi,Long,Chemicals,16.1,1421.7,49731,2025-10-03,TCI Freight
SHP10308,Mumbai,Delhi,Long,Textiles,10.5,1416.1,32622,2025-10-03,Western Carriers
SHP10309,Delhi,Kolkata,Long,Textiles,14.7,1508.3,45591,2025-10-03,Om Sai Transport
SHP10310,Delhi,Kolkata,Long,Textiles,21.2,1511.3,66494,2025-10-03,Shivam Freight Co
SHP10311,Mumbai,Pune,Short,Automobile Parts,10.3,151.2,4961,2025-10-04,VRL Logistics
SHP10312,Delhi,Jaipur,Short,Electronics,24.7,276.4,21930,2025-10-04,VRL Logistics
SHP10313,Chennai,Bangalore,Short,Automobile Parts,22.1,351.0,21603,2025-10-04,TCI Freight
SHP10314,Chennai,Bangalore,Short,Automobile Parts,13.4,350.9,13579,2025-10-04,Western Carriers
SHP10315,Chennai,Bangalore,Short,Textiles,22.7,350.5,22196,2025-10-04,TCI Freight
SHP10316,Ahmedabad,Mumbai,Medium,Textiles,21.6,533.5,29141,2025-10-04,VRL Logistics
SHP10317,Kolkata,Bhubaneswar,Medium,Packaged Foods,16.7,440.4,18960,2025-10-04,VRL Logistics
SHP10318,Kolkata,Bhubaneswar,Medium,Textiles,14.6,436.8,16895,2025-10-04,Shivam Freight Co
SHP10319,Bangalore,Hyderabad,Medium,FMCG,22.2,569.7,32840,2025-10-04,Shivam Freight Co
SHP10320,Bangalore,Hyderabad,Medium,FMCG,24.1,568.6,35371,2025-10-04,Om Sai Transport
SHP10321,Bangalore,Hyderabad,Medium,Automobile Parts,11.7,567.1,17151,2025-10-04,Western Carriers
SHP10322,Mumbai,Delhi,Long,Electronics,16.0,1421.0,50202,2025-10-04,Shivam Freight Co
SHP10323,Delhi,Kolkata,Long,FMCG,20.3,1512.8,63702,2025-10-04,TCI Freight
SHP10324,Delhi,Kolkata,Long,FMCG,24.0,1511.5,75491,2025-10-04,Western Carriers
SHP10325,Mumbai,Pune,Short,Chemicals,14.7,146.8,7036,2025-10-05,Om Sai Transport
SHP10326,Mumbai,Pune,Short,Automobile Parts,23.4,152.1,11290,2025-10-05,SafeExpress
SHP10327,Delhi,Jaipur,Short,Automobile Parts,16.5,278.2,14198,2025-10-05,VRL Logistics
SHP10328,Delhi,Jaipur,Short,Automobile Parts,21.0,283.3,18789,2025-10-05,TCI Freight
SHP10329,Chennai,Bangalore,Short,Steel Coils,16.6,347.6,16590,2025-10-05,SafeExpress
SHP10330,Chennai,Bangalore,Short,Automobile Parts,24.7,346.5,24345,2025-10-05,TCI Freight
SHP10331,Ahmedabad,Mumbai,Medium,Automobile Parts,12.1,533.9,16367,2025-10-05,Shivam Freight Co
SHP10332,Ahmedabad,Mumbai,Medium,Steel Coils,17.4,529.4,23736,2025-10-05,VRL Logistics
SHP10333,Kolkata,Bhubaneswar,Medium,Packaged Foods,21.1,438.2,24054,2025-10-05,Shivam Freight Co
SHP10334,Bangalore,Hyderabad,Medium,Chemicals,19.9,566.2,28393,2025-10-05,TCI Freight
SHP10335,Mumbai,Delhi,Long,Textiles,18.6,1422.3,57138,2025-10-05,Shivam Freight Co
SHP10336,Delhi,Kolkata,Long,Automobile Parts,10.7,1511.9,32869,2025-10-05,VRL Logistics
SHP10337,Mumbai,Pune,Short,Chemicals,24.9,150.5,11984,2025-10-06,SafeExpress
SHP10338,Mumbai,Pune,Short,Steel Coils,18.8,146.8,8869,2025-10-06,Om Sai Transport
SHP10339,Mumbai,Pune,Short,Steel Coils,10.8,152.2,5267,2025-10-06,VRL Logistics
SHP10340,Delhi,Jaipur,Short,Electronics,13.9,280.3,12196,2025-10-06,Shivam Freight Co
SHP10341,Delhi,Jaipur,Short,Chemicals,10.4,280.1,9017,2025-10-06,Om Sai Transport
SHP10342,Delhi,Jaipur,Short,Textiles,19.7,279.7,16963,2025-10-06,Western Carriers
SHP10343,Chennai,Bangalore,Short,Textiles,15.0,348.3,14772,2025-10-06,Western Carriers
SHP10344,Chennai,Bangalore,Short,Packaged Foods,24.2,349.7,24130,2025-10-06,Western Carriers
SHP10345,Chennai,Bangalore,Short,Automobile Parts,21.9,348.5,21680,2025-10-06,SafeExpress
SHP10346,Ahmedabad,Mumbai,Medium,Steel Coils,10.0,533.4,14089,2025-10-06,TCI Freight
SHP10347,Kolkata,Bhubaneswar,Medium,Electronics,21.6,442.3,25462,2025-10-06,TCI Freight
SHP10348,Bangalore,Hyderabad,Medium,Steel Coils,16.2,570.1,23874,2025-10-06,VRL Logistics
SHP10349,Mumbai,Delhi,Long,FMCG,18.7,1418.8,59528,2025-10-06,Shivam Freight Co
SHP10350,Mumbai,Delhi,Long,Electronics,18.5,1420.4,58282,2025-10-06,Om Sai Transport
SHP10351,Delhi,Kolkata,Long,Chemicals,15.8,1514.0,52760,2025-10-06,Shivam Freight Co
SHP10352,Delhi,Kolkata,Long,Steel Coils,18.4,1513.7,60029,2025-10-06,SafeExpress
SHP10353,Delhi,Kolkata,Long,Automobile Parts,16.3,1510.1,52737,2025-10-06,TCI Freight
SHP10354,Mumbai,Pune,Short,Electronics,19.3,153.3,9580,2025-10-07,Western Carriers
SHP10355,Mumbai,Pune,Short,Packaged Foods,22.1,153.1,11027,2025-10-07,VRL Logistics
SHP10356,Mumbai,Pune,Short,Automobile Parts,14.9,148.3,7169,2025-10-07,Western Carriers
SHP10357,Delhi,Jaipur,Short,Packaged Foods,10.3,283.2,9271,2025-10-07,TCI Freight
SHP10358,Delhi,Jaipur,Short,Chemicals,23.0,282.2,20213,2025-10-07,Om Sai Transport
SHP10359,Chennai,Bangalore,Short,Automobile Parts,20.2,346.1,19556,2025-10-07,TCI Freight
SHP10360,Chennai,Bangalore,Short,Chemicals,19.6,346.1,19405,2025-10-07,Om Sai Transport
SHP10361,Chennai,Bangalore,Short,Steel Coils,16.3,351.0,16302,2025-10-07,Shivam Freight Co
SHP10362,Ahmedabad,Mumbai,Medium,Chemicals,12.6,527.4,17106,2025-10-07,Shivam Freight Co
SHP10363,Kolkata,Bhubaneswar,Medium,FMCG,24.3,437.6,28376,2025-10-07,Om Sai Transport
SHP10364,Bangalore,Hyderabad,Medium,Steel Coils,12.2,571.7,17778,2025-10-07,Om Sai Transport
SHP10365,Mumbai,Delhi,Long,FMCG,23.5,1418.1,72708,2025-10-07,Shivam Freight Co
SHP10366,Delhi,Kolkata,Long,FMCG,19.7,1510.2,62071,2025-10-07,TCI Freight
SHP10367,Delhi,Kolkata,Long,Electronics,18.9,1510.7,60686,2025-10-07,Om Sai Transport
SHP10368,Delhi,Kolkata,Long,Steel Coils,12.5,1513.9,40452,2025-10-07,Om Sai Transport
SHP10369,Mumbai,Pune,Short,Packaged Foods,21.3,148.4,10060,2025-10-08,TCI Freight
SHP10370,Mumbai,Pune,Short,Electronics,16.7,150.7,7714,2025-10-08,Shivam Freight Co
SHP10371,Mumbai,Pune,Short,Packaged Foods,16.0,152.1,7490,2025-10-08,Om Sai Transport
SHP10372,Delhi,Jaipur,Short,Electronics,20.4,283.5,18389,2025-10-08,Om Sai Transport
SHP10373,Delhi,Jaipur,Short,FMCG,13.9,276.6,12198,2025-10-08,VRL Logistics
SHP10374,Chennai,Bangalore,Short,Textiles,10.4,347.2,10195,2025-10-08,TCI Freight
SHP10375,Ahmedabad,Mumbai,Medium,FMCG,24.9,531.1,35562,2025-10-08,VRL Logistics
SHP10376,Ahmedabad,Mumbai,Medium,Electronics,12.6,527.3,17542,2025-10-08,SafeExpress
SHP10377,Ahmedabad,Mumbai,Medium,FMCG,13.3,527.6,18460,2025-10-08,VRL Logistics
SHP10378,Kolkata,Bhubaneswar,Medium,FMCG,24.7,437.7,29282,2025-10-08,Om Sai Transport
SHP10379,Kolkata,Bhubaneswar,Medium,Packaged Foods,10.8,437.2,12822,2025-10-08,SafeExpress
SHP10380,Kolkata,Bhubaneswar,Medium,Steel Coils,22.5,441.3,26832,2025-10-08,Shivam Freight Co
SHP10381,Bangalore,Hyderabad,Medium,Automobile Parts,24.3,569.9,35858,2025-10-08,SafeExpress
SHP10382,Bangalore,Hyderabad,Medium,Chemicals,24.3,572.1,35439,2025-10-08,SafeExpress
SHP10383,Mumbai,Delhi,Long,FMCG,23.7,1421.8,74353,2025-10-08,Om Sai Transport
SHP10384,Delhi,Kolkata,Long,Chemicals,17.5,1514.0,55297,2025-10-08,Shivam Freight Co
SHP10385,Delhi,Kolkata,Long,Electronics,18.0,1507.5,57610,2025-10-08,TCI Freight
SHP10386,Mumbai,Pune,Short,Electronics,10.8,152.3,5340,2025-10-09,VRL Logistics
SHP10387,Mumbai,Pune,Short,Chemicals,16.9,151.4,8415,2025-10-09,Om Sai Transport
SHP10388,Delhi,Jaipur,Short,Packaged Foods,11.8,283.1,10526,2025-10-09,SafeExpress
SHP10389,Delhi,Jaipur,Short,Packaged Foods,16.0,280.8,13896,2025-10-09,TCI Freight
SHP10390,Delhi,Jaipur,Short,Electronics,15.3,282.4,13299,2025-10-09,Om Sai Transport
SHP10391,Chennai,Bangalore,Short,Automobile Parts,23.1,349.4,24073,2025-10-09,Om Sai Transport
SHP10392,Chennai,Bangalore,Short,FMCG,17.1,346.4,17674,2025-10-09,Shivam Freight Co
SHP10393,Ahmedabad,Mumbai,Medium,Automobile Parts,15.0,528.6,20238,2025-10-09,SafeExpress
SHP10394,Ahmedabad,Mumbai,Medium,Packaged Foods,17.2,533.0,23098,2025-10-09,SafeExpress
SHP10395,Kolkata,Bhubaneswar,Medium,Chemicals,13.9,442.9,16339,2025-10-09,TCI Freight
SHP10396,Kolkata,Bhubaneswar,Medium,Packaged Foods,10.6,440.5,12444,2025-10-09,Western Carriers
SHP10397,Bangalore,Hyderabad,Medium,Chemicals,23.4,569.9,34053,2025-10-09,Shivam Freight Co
SHP10398,Bangalore,Hyderabad,Medium,FMCG,22.2,567.9,32498,2025-10-09,TCI Freight
SHP10399,Bangalore,Hyderabad,Medium,Packaged Foods,13.3,572.8,19405,2025-10-09,Shivam Freight Co
SHP10400,Mumbai,Delhi,Long,Packaged Foods,23.5,1418.4,72619,2025-10-09,VRL Logistics
SHP10401,Delhi,Kolkata,Long,Steel Coils,22.1,1506.1,71724,2025-10-09,Shivam Freight Co
SHP10402,Delhi,Kolkata,Long,Packaged Foods,13.4,1512.2,44232,2025-10-09,Om Sai Transport
SHP10403,Delhi,Kolkata,Long,Steel Coils,14.0,1512.0,44685,2025-10-09,SafeExpress
SHP10404,Mumbai,Pune,Short,Electronics,20.7,147.2,9767,2025-10-10,Shivam Freight Co
SHP10405,Delhi,Jaipur,Short,Electronics,17.7,280.4,16005,2025-10-10,TCI Freight
SHP10406,Delhi,Jaipur,Short,Textiles,19.2,276.9,16901,2025-10-10,TCI Freight
SHP10407,Chennai,Bangalore,Short,Chemicals,12.1,349.7,12415,2025-10-10,Om Sai Transport
SHP10408,Chennai,Bangalore,Short,Chemicals,17.2,353.0,17714,2025-10-10,Om Sai Transport
SHP10409,Chennai,Bangalore,Short,Electronics,13.5,353.3,14348,2025-10-10,TCI Freight
SHP10410,Ahmedabad,Mumbai,Medium,Automobile Parts,18.7,527.7,26261,2025-10-10,Om Sai Transport
SHP10411,Ahmedabad,Mumbai,Medium,Chemicals,24.3,526.2,34301,2025-10-10,SafeExpress
SHP10412,Kolkata,Bhubaneswar,Medium,Chemicals,18.1,442.1,22003,2025-10-10,Shivam Freight Co
SHP10413,Bangalore,Hyderabad,Medium,Automobile Parts,17.2,570.4,25510,2025-10-10,Western Carriers
SHP10414,Bangalore,Hyderabad,Medium,FMCG,18.1,570.9,26803,2025-10-10,VRL Logistics
SHP10415,Mumbai,Delhi,Long,Packaged Foods,11.8,1420.7,35746,2025-10-10,Shivam Freight Co
SHP10416,Mumbai,Delhi,Long,Steel Coils,20.0,1418.7,60718,2025-10-10,VRL Logistics
SHP10417,Delhi,Kolkata,Long,Electronics,21.0,1507.8,67806,2025-10-10,Shivam Freight Co
SHP10418,Delhi,Kolkata,Long,Steel Coils,12.0,1510.2,38064,2025-10-10,Om Sai Transport
SHP10419,Mumbai,Pune,Short,FMCG,17.1,151.1,8144,2025-10-11,Om Sai Transport
SHP10420,Delhi,Jaipur,Short,Steel Coils,20.3,277.3,17828,2025-10-11,SafeExpress
SHP10421,Delhi,Jaipur,Short,Electronics,20.9,282.2,18746,2025-10-11,Om Sai Transport
SHP10422,Chennai,Bangalore,Short,Automobile Parts,13.3,351.6,13200,2025-10-11,SafeExpress
SHP10423,Ahmedabad,Mumbai,Medium,Textiles,16.3,530.3,22974,2025-10-11,TCI Freight
SHP10424,Kolkata,Bhubaneswar,Medium,Electronics,11.6,439.5,13502,2025-10-11,VRL Logistics
SHP10425,Kolkata,Bhubaneswar,Medium,Textiles,15.3,439.3,17894,2025-10-11,SafeExpress
SHP10426,Bangalore,Hyderabad,Medium,FMCG,16.6,571.1,25081,2025-10-11,Shivam Freight Co
SHP10427,Bangalore,Hyderabad,Medium,Electronics,21.9,570.9,32212,2025-10-11,Western Carriers
SHP10428,Mumbai,Delhi,Long,Automobile Parts,18.9,1422.3,58502,2025-10-11,Western Carriers
SHP10429,Mumbai,Delhi,Long,Chemicals,24.7,1418.3,77152,2025-10-11,Om Sai Transport
SHP10430,Delhi,Kolkata,Long,Textiles,12.9,1509.8,41887,2025-10-11,Om Sai Transport
SHP10431,Delhi,Kolkata,Long,Chemicals,19.0,1512.0,62140,2025-10-11,Shivam Freight Co
SHP10432,Mumbai,Pune,Short,Chemicals,17.2,146.2,7872,2025-10-12,Om Sai Transport
SHP10433,Delhi,Jaipur,Short,Electronics,17.8,283.9,16537,2025-10-12,SafeExpress
SHP10434,Chennai,Bangalore,Short,Electronics,18.8,348.0,18739,2025-10-12,Shivam Freight Co
SHP10435,Chennai,Bangalore,Short,Electronics,12.8,347.7,12663,2025-10-12,TCI Freight
SHP10436,Chennai,Bangalore,Short,Steel Coils,13.0,346.7,12982,2025-10-12,Om Sai Transport
SHP10437,Ahmedabad,Mumbai,Medium,Electronics,23.1,531.2,31522,2025-10-12,VRL Logistics
SHP10438,Ahmedabad,Mumbai,Medium,Automobile Parts,14.3,531.8,19550,2025-10-12,Om Sai Transport
SHP10439,Kolkata,Bhubaneswar,Medium,FMCG,22.5,441.7,26032,2025-10-12,SafeExpress
SHP10440,Kolkata,Bhubaneswar,Medium,FMCG,20.9,442.5,24390,2025-10-12,Shivam Freight Co
SHP10441,Bangalore,Hyderabad,Medium,Chemicals,15.9,569.3,22867,2025-10-12,TCI Freight
SHP10442,Mumbai,Delhi,Long,Steel Coils,20.2,1422.9,63012,2025-10-12,SafeExpress
SHP10443,Delhi,Kolkata,Long,FMCG,12.9,1512.9,41004,2025-10-12,TCI Freight
SHP10444,Delhi,Kolkata,Long,FMCG,24.7,1507.0,78926,2025-10-12,Om Sai Transport
SHP10445,Delhi,Kolkata,Long,FMCG,18.2,1513.3,58196,2025-10-12,SafeExpress
SHP10446,Mumbai,Pune,Short,Packaged Foods,17.5,146.6,8049,2025-10-13,Om Sai Transport
SHP10447,Mumbai,Pune,Short,Electronics,13.3,153.2,6580,2025-10-13,TCI Freight
SHP10448,Mumbai,Pune,Short,Steel Coils,16.5,146.9,7604,2025-10-13,SafeExpress
SHP10449,Delhi,Jaipur,Short,Steel Coils,22.6,278.6,19015,2025-10-13,Om Sai Transport
SHP10450,Delhi,Jaipur,Short,Chemicals,12.0,278.5,10448,2025-10-13,VRL Logistics
SHP10451,Delhi,Jaipur,Short,Chemicals,17.3,278.3,14588,2025-10-13,Om Sai Transport
SHP10452,Chennai,Bangalore,Short,Steel Coils,20.9,348.0,21314,2025-10-13,VRL Logistics
SHP10453,Chennai,Bangalore,Short,Steel Coils,12.0,353.1,12389,2025-10-13,Om Sai Transport
SHP10454,Chennai,Bangalore,Short,Chemicals,24.7,346.4,25524,2025-10-13,Western Carriers
SHP10455,Ahmedabad,Mumbai,Medium,Automobile Parts,19.3,529.9,26150,2025-10-13,Western Carriers
SHP10456,Ahmedabad,Mumbai,Medium,Packaged Foods,13.1,529.7,17414,2025-10-13,SafeExpress
SHP10457,Kolkata,Bhubaneswar,Medium,Automobile Parts,19.2,438.1,21625,2025-10-13,VRL Logistics
SHP10458,Kolkata,Bhubaneswar,Medium,Electronics,17.3,436.6,19945,2025-10-13,TCI Freight
SHP10459,Kolkata,Bhubaneswar,Medium,Electronics,13.9,443.6,15786,2025-10-13,Western Carriers
SHP10460,Bangalore,Hyderabad,Medium,Packaged Foods,17.4,571.9,24858,2025-10-13,TCI Freight
SHP10461,Bangalore,Hyderabad,Medium,Packaged Foods,14.9,568.3,21160,2025-10-13,TCI Freight
SHP10462,Bangalore,Hyderabad,Medium,Automobile Parts,14.1,571.8,20146,2025-10-13,VRL Logistics
SHP10463,Mumbai,Delhi,Long,Textiles,23.6,1418.7,71043,2025-10-13,SafeExpress
SHP10464,Mumbai,Delhi,Long,FMCG,21.3,1420.3,64411,2025-10-13,TCI Freight
SHP10465,Mumbai,Delhi,Long,Packaged Foods,20.4,1422.8,61070,2025-10-13,Shivam Freight Co
SHP10466,Delhi,Kolkata,Long,Chemicals,18.2,1512.9,59977,2025-10-13,TCI Freight
SHP10467,Delhi,Kolkata,Long,Textiles,12.1,1509.8,40200,2025-10-13,SafeExpress
SHP10468,Mumbai,Pune,Short,Textiles,10.7,151.7,5331,2025-10-14,TCI Freight
SHP10469,Mumbai,Pune,Short,Steel Coils,20.8,148.0,9795,2025-10-14,Om Sai Transport
SHP10470,Mumbai,Pune,Short,Textiles,12.5,153.7,6151,2025-10-14,Western Carriers
SHP10471,Delhi,Jaipur,Short,Packaged Foods,19.4,283.4,17287,2025-10-14,SafeExpress
SHP10472,Delhi,Jaipur,Short,FMCG,18.2,280.6,16111,2025-10-14,SafeExpress
SHP10473,Chennai,Bangalore,Short,Automobile Parts,19.3,347.2,19454,2025-10-14,TCI Freight
SHP10474,Chennai,Bangalore,Short,Packaged Foods,10.2,347.5,10291,2025-10-14,SafeExpress
SHP10475,Ahmedabad,Mumbai,Medium,Chemicals,12.7,529.2,17334,2025-10-14,VRL Logistics
SHP10476,Kolkata,Bhubaneswar,Medium,Steel Coils,22.9,440.6,25521,2025-10-14,SafeExpress
SHP10477,Kolkata,Bhubaneswar,Medium,Packaged Foods,12.5,441.8,14495,2025-10-14,SafeExpress
SHP10478,Kolkata,Bhubaneswar,Medium,Packaged Foods,18.0,439.1,20138,2025-10-14,VRL Logistics
SHP10479,Bangalore,Hyderabad,Medium,Chemicals,10.4,568.4,15285,2025-10-14,Shivam Freight Co
SHP10480,Bangalore,Hyderabad,Medium,Packaged Foods,19.2,573.3,28083,2025-10-14,Western Carriers
SHP10481,Mumbai,Delhi,Long,Electronics,18.4,1420.2,56848,2025-10-14,VRL Logistics
SHP10482,Mumbai,Delhi,Long,FMCG,22.1,1420.6,69596,2025-10-14,VRL Logistics
SHP10483,Mumbai,Delhi,Long,FMCG,10.5,1421.7,32558,2025-10-14,TCI Freight
SHP10484,Delhi,Kolkata,Long,Textiles,11.2,1513.2,35371,2025-10-14,TCI Freight
SHP10485,Delhi,Kolkata,Long,Chemicals,12.8,1511.1,40585,2025-10-14,Western Carriers
SHP10486,Mumbai,Pune,Short,Electronics,24.5,148.0,11223,2025-10-15,VRL Logistics
SHP10487,Mumbai,Pune,Short,Textiles,20.1,147.8,9059,2025-10-15,TCI Freight
SHP10488,Mumbai,Pune,Short,FMCG,16.6,147.5,7563,2025-10-15,Shivam Freight Co
SHP10489,Delhi,Jaipur,Short,Steel Coils,22.4,280.3,19917,2025-10-15,Western Carriers
SHP10490,Chennai,Bangalore,Short,FMCG,18.9,349.6,18721,2025-10-15,Om Sai Transport
SHP10491,Chennai,Bangalore,Short,Chemicals,10.8,349.4,10751,2025-10-15,TCI Freight
SHP10492,Ahmedabad,Mumbai,Medium,Chemicals,14.8,530.0,20671,2025-10-15,TCI Freight
SHP10493,Ahmedabad,Mumbai,Medium,FMCG,24.9,531.3,34925,2025-10-15,Shivam Freight Co
SHP10494,Kolkata,Bhubaneswar,Medium,Packaged Foods,10.6,440.1,12264,2025-10-15,Shivam Freight Co
SHP10495,Kolkata,Bhubaneswar,Medium,Chemicals,24.4,440.6,28819,2025-10-15,SafeExpress
SHP10496,Bangalore,Hyderabad,Medium,Automobile Parts,12.9,571.6,18294,2025-10-15,Western Carriers
SHP10497,Bangalore,Hyderabad,Medium,Textiles,17.6,569.6,25016,2025-10-15,SafeExpress
SHP10498,Mumbai,Delhi,Long,Chemicals,16.9,1423.4,51424,2025-10-15,Western Carriers
SHP10499,Mumbai,Delhi,Long,Chemicals,21.1,1422.4,64559,2025-10-15,Western Carriers
SHP10500,Delhi,Kolkata,Long,Electronics,22.9,1512.3,71510,2025-10-15,Om Sai Transport
SHP10501,Delhi,Kolkata,Long,Textiles,22.8,1513.4,72464,2025-10-15,Shivam Freight Co
SHP10502,Delhi,Kolkata,Long,Automobile Parts,11.1,1513.8,35453,2025-10-15,VRL Logistics
SHP10503,Mumbai,Pune,Short,FMCG,11.3,146.4,5186,2025-10-16,SafeExpress
SHP10504,Mumbai,Pune,Short,Chemicals,16.0,147.3,7422,2025-10-16,TCI Freight
SHP10505,Delhi,Jaipur,Short,Chemicals,11.9,282.6,10467,2025-10-16,Om Sai Transport
SHP10506,Chennai,Bangalore,Short,Automobile Parts,16.0,348.6,16023,2025-10-16,Western Carriers
SHP10507,Chennai,Bangalore,Short,Automobile Parts,14.2,352.1,14305,2025-10-16,Shivam Freight Co
SHP10508,Chennai,Bangalore,Short,Chemicals,20.3,349.2,20218,2025-10-16,Om Sai Transport
SHP10509,Ahmedabad,Mumbai,Medium,Steel Coils,14.9,529.9,21193,2025-10-16,TCI Freight
SHP10510,Kolkata,Bhubaneswar,Medium,Chemicals,13.4,442.4,15469,2025-10-16,Om Sai Transport
SHP10511,Kolkata,Bhubaneswar,Medium,Textiles,15.4,441.2,17872,2025-10-16,TCI Freight
SHP10512,Kolkata,Bhubaneswar,Medium,Electronics,17.5,441.5,20856,2025-10-16,Om Sai Transport
SHP10513,Bangalore,Hyderabad,Medium,Chemicals,14.8,569.4,21527,2025-10-16,SafeExpress
SHP10514,Bangalore,Hyderabad,Medium,Packaged Foods,21.5,573.3,31201,2025-10-16,Shivam Freight Co
SHP10515,Mumbai,Delhi,Long,Steel Coils,10.0,1423.5,29740,2025-10-16,Western Carriers
SHP10516,Mumbai,Delhi,Long,Chemicals,16.1,1419.3,47877,2025-10-16,Shivam Freight Co
SHP10517,Mumbai,Delhi,Long,Textiles,17.7,1420.1,53342,2025-10-16,VRL Logistics
SHP10518,Delhi,Kolkata,Long,Steel Coils,11.0,1510.6,36288,2025-10-16,SafeExpress
SHP10519,Delhi,Kolkata,Long,Steel Coils,21.7,1511.6,69870,2025-10-16,Western Carriers
SHP10520,Delhi,Kolkata,Long,Textiles,14.4,1510.9,47125,2025-10-16,Shivam Freight Co
SHP10521,Mumbai,Pune,Short,Steel Coils,23.1,147.1,10795,2025-10-17,VRL Logistics
SHP10522,Delhi,Jaipur,Short,Automobile Parts,24.7,283.9,21262,2025-10-17,Shivam Freight Co
SHP10523,Delhi,Jaipur,Short,Automobile Parts,17.0,283.7,14765,2025-10-17,Shivam Freight Co
SHP10524,Chennai,Bangalore,Short,Chemicals,21.3,347.1,21135,2025-10-17,Shivam Freight Co
SHP10525,Chennai,Bangalore,Short,Automobile Parts,20.0,346.9,20294,2025-10-17,Western Carriers
SHP10526,Ahmedabad,Mumbai,Medium,Automobile Parts,23.8,529.7,31633,2025-10-17,Shivam Freight Co
SHP10527,Ahmedabad,Mumbai,Medium,Automobile Parts,14.4,530.3,19366,2025-10-17,VRL Logistics
SHP10528,Kolkata,Bhubaneswar,Medium,FMCG,10.1,441.9,11900,2025-10-17,Om Sai Transport
SHP10529,Kolkata,Bhubaneswar,Medium,Packaged Foods,12.0,436.8,13784,2025-10-17,VRL Logistics
SHP10530,Bangalore,Hyderabad,Medium,FMCG,17.5,568.2,25465,2025-10-17,SafeExpress
SHP10531,Mumbai,Delhi,Long,Automobile Parts,21.3,1416.2,65113,2025-10-17,VRL Logistics
SHP10532,Mumbai,Delhi,Long,Electronics,11.6,1416.8,34972,2025-10-17,Western Carriers
SHP10533,Mumbai,Delhi,Long,Chemicals,15.8,1419.3,48498,2025-10-17,Om Sai Transport
SHP10534,Delhi,Kolkata,Long,Steel Coils,16.8,1510.9,55909,2025-10-17,Western Carriers
SHP10535,Mumbai,Pune,Short,Electronics,12.4,149.1,5762,2025-10-18,TCI Freight
SHP10536,Mumbai,Pune,Short,Textiles,21.7,153.5,10335,2025-10-18,VRL Logistics
SHP10537,Mumbai,Pune,Short,Packaged Foods,19.8,153.4,9640,2025-10-18,Om Sai Transport
SHP10538,Delhi,Jaipur,Short,Electronics,18.5,281.4,15613,2025-10-18,TCI Freight
SHP10539,Delhi,Jaipur,Short,Textiles,15.2,281.7,12967,2025-10-18,TCI Freight
SHP10540,Delhi,Jaipur,Short,Chemicals,24.2,278.9,20245,2025-10-18,SafeExpress
SHP10541,Chennai,Bangalore,Short,Chemicals,10.9,351.8,11222,2025-10-18,VRL Logistics
SHP10542,Chennai,Bangalore,Short,Chemicals,15.4,353.8,15863,2025-10-18,Shivam Freight Co
SHP10543,Chennai,Bangalore,Short,Packaged Foods,12.2,348.1,12496,2025-10-18,Om Sai Transport
SHP10544,Ahmedabad,Mumbai,Medium,Automobile Parts,20.0,530.0,26273,2025-10-18,Shivam Freight Co
SHP10545,Kolkata,Bhubaneswar,Medium,Steel Coils,10.3,441.1,11767,2025-10-18,Shivam Freight Co
SHP10546,Kolkata,Bhubaneswar,Medium,Packaged Foods,23.8,437.1,27504,2025-10-18,Shivam Freight Co
SHP10547,Kolkata,Bhubaneswar,Medium,Textiles,18.1,438.3,20812,2025-10-18,Om Sai Transport
SHP10548,Bangalore,Hyderabad,Medium,Steel Coils,18.3,570.2,25723,2025-10-18,VRL Logistics
SHP10549,Mumbai,Delhi,Long,FMCG,24.1,1421.7,75254,2025-10-18,Om Sai Transport
SHP10550,Mumbai,Delhi,Long,Electronics,19.3,1417.5,61134,2025-10-18,VRL Logistics
SHP10551,Delhi,Kolkata,Long,FMCG,16.9,1512.5,54067,2025-10-18,SafeExpress
SHP10552,Delhi,Kolkata,Long,Steel Coils,19.0,1510.0,60997,2025-10-18,Western Carriers
SHP10553,Mumbai,Pune,Short,Packaged Foods,18.6,149.3,8846,2025-10-19,SafeExpress
SHP10554,Mumbai,Pune,Short,Electronics,17.7,148.0,8501,2025-10-19,Om Sai Transport
SHP10555,Mumbai,Pune,Short,FMCG,17.9,148.7,8736,2025-10-19,Western Carriers
SHP10556,Delhi,Jaipur,Short,Textiles,18.6,281.1,16309,2025-10-19,Shivam Freight Co
SHP10557,Delhi,Jaipur,Short,Textiles,15.5,279.7,13125,2025-10-19,SafeExpress
SHP10558,Delhi,Jaipur,Short,Electronics,10.6,279.9,9121,2025-10-19,Shivam Freight Co
SHP10559,Chennai,Bangalore,Short,Steel Coils,16.9,349.1,17205,2025-10-19,VRL Logistics
SHP10560,Chennai,Bangalore,Short,Electronics,18.2,348.7,18666,2025-10-19,VRL Logistics
SHP10561,Ahmedabad,Mumbai,Medium,Steel Coils,22.3,527.2,30357,2025-10-19,Om Sai Transport
SHP10562,Kolkata,Bhubaneswar,Medium,Automobile Parts,13.1,443.0,15255,2025-10-19,Om Sai Transport
SHP10563,Kolkata,Bhubaneswar,Medium,Steel Coils,20.2,443.2,23165,2025-10-19,Shivam Freight Co
SHP10564,Bangalore,Hyderabad,Medium,Packaged Foods,17.2,568.1,24670,2025-10-19,Om Sai Transport
SHP10565,Bangalore,Hyderabad,Medium,Electronics,21.9,570.2,31590,2025-10-19,VRL Logistics
SHP10566,Mumbai,Delhi,Long,Chemicals,20.4,1420.3,63255,2025-10-19,SafeExpress
SHP10567,Delhi,Kolkata,Long,Textiles,11.8,1512.5,37629,2025-10-19,VRL Logistics
SHP10568,Mumbai,Pune,Short,FMCG,10.6,148.9,4946,2025-10-20,TCI Freight
SHP10569,Delhi,Jaipur,Short,Automobile Parts,10.6,282.6,9444,2025-10-20,Western Carriers
SHP10570,Chennai,Bangalore,Short,Chemicals,17.2,350.2,17393,2025-10-20,VRL Logistics
SHP10571,Chennai,Bangalore,Short,Electronics,15.9,351.3,15730,2025-10-20,VRL Logistics
SHP10572,Chennai,Bangalore,Short,Automobile Parts,15.3,347.2,15275,2025-10-20,SafeExpress
SHP10573,Ahmedabad,Mumbai,Medium,Textiles,20.4,528.7,28429,2025-10-20,VRL Logistics
SHP10574,Ahmedabad,Mumbai,Medium,Textiles,18.7,533.8,25951,2025-10-20,Shivam Freight Co
SHP10575,Kolkata,Bhubaneswar,Medium,FMCG,15.4,437.2,17569,2025-10-20,SafeExpress
SHP10576,Bangalore,Hyderabad,Medium,Packaged Foods,12.8,567.1,18524,2025-10-20,SafeExpress
SHP10577,Bangalore,Hyderabad,Medium,Steel Coils,19.2,569.1,27932,2025-10-20,Om Sai Transport
SHP10578,Mumbai,Delhi,Long,Electronics,19.1,1423.8,59007,2025-10-20,VRL Logistics
SHP10579,Delhi,Kolkata,Long,Automobile Parts,20.5,1511.8,64943,2025-10-20,SafeExpress
SHP10580,Mumbai,Pune,Short,Steel Coils,13.8,147.0,6378,2025-10-21,TCI Freight
SHP10581,Delhi,Jaipur,Short,Automobile Parts,21.3,279.0,18825,2025-10-21,VRL Logistics
SHP10582,Chennai,Bangalore,Short,Automobile Parts,17.0,347.7,17458,2025-10-21,SafeExpress
SHP10583,Ahmedabad,Mumbai,Medium,Textiles,21.6,526.5,30326,2025-10-21,TCI Freight
SHP10584,Kolkata,Bhubaneswar,Medium,Textiles,22.1,439.6,26037,2025-10-21,Western Carriers
SHP10585,Bangalore,Hyderabad,Medium,Chemicals,11.0,570.7,16351,2025-10-21,TCI Freight
SHP10586,Bangalore,Hyderabad,Medium,Electronics,19.5,569.9,28905,2025-10-21,SafeExpress
SHP10587,Bangalore,Hyderabad,Medium,Packaged Foods,23.9,572.0,36066,2025-10-21,VRL Logistics
SHP10588,Mumbai,Delhi,Long,Steel Coils,19.6,1421.6,61464,2025-10-21,TCI Freight
SHP10589,Mumbai,Delhi,Long,Automobile Parts,20.7,1420.2,64258,2025-10-21,SafeExpress
SHP10590,Mumbai,Delhi,Long,Textiles,10.3,1416.9,31778,2025-10-21,SafeExpress
SHP10591,Delhi,Kolkata,Long,Packaged Foods,21.6,1508.8,67075,2025-10-21,Shivam Freight Co
SHP10592,Delhi,Kolkata,Long,Chemicals,14.5,1509.9,45480,2025-10-21,Shivam Freight Co
SHP10593,Delhi,Kolkata,Long,FMCG,16.0,1510.5,50525,2025-10-21,SafeExpress
SHP10594,Mumbai,Pune,Short,Automobile Parts,17.9,149.0,8503,2025-10-22,Shivam Freight Co
SHP10595,Delhi,Jaipur,Short,FMCG,18.9,282.7,17202,2025-10-22,Shivam Freight Co
SHP10596,Delhi,Jaipur,Short,Electronics,23.2,281.8,20720,2025-10-22,Shivam Freight Co
SHP10597,Chennai,Bangalore,Short,Automobile Parts,23.1,347.3,22904,2025-10-22,Shivam Freight Co
SHP10598,Chennai,Bangalore,Short,Packaged Foods,23.1,349.0,22907,2025-10-22,SafeExpress
SHP10599,Ahmedabad,Mumbai,Medium,Textiles,10.2,529.3,13988,2025-10-22,Om Sai Transport
SHP10600,Ahmedabad,Mumbai,Medium,Electronics,23.1,532.8,32559,2025-10-22,Shivam Freight Co
SHP10601,Kolkata,Bhubaneswar,Medium,Electronics,11.3,441.7,13430,2025-10-22,Om Sai Transport
SHP10602,Kolkata,Bhubaneswar,Medium,Packaged Foods,12.6,441.3,14945,2025-10-22,Western Carriers
SHP10603,Bangalore,Hyderabad,Medium,FMCG,24.3,567.0,34811,2025-10-22,Om Sai Transport
SHP10604,Mumbai,Delhi,Long,FMCG,10.5,1417.9,32266,2025-10-22,VRL Logistics
SHP10605,Delhi,Kolkata,Long,Electronics,19.5,1512.1,62102,2025-10-22,VRL Logistics
SHP10606,Delhi,Kolkata,Long,Packaged Foods,13.1,1513.6,42848,2025-10-22,SafeExpress
SHP10607,Delhi,Kolkata,Long,Electronics,24.2,1507.1,78092,2025-10-22,Western Carriers
SHP10608,Mumbai,Pune,Short,Chemicals,22.2,147.7,10417,2025-10-23,Western Carriers
SHP10609,Mumbai,Pune,Short,Packaged Foods,23.3,149.1,10890,2025-10-23,Western Carriers
SHP10610,Delhi,Jaipur,Short,Packaged Foods,24.1,280.0,20344,2025-10-23,Western Carriers
SHP10611,Delhi,Jaipur,Short,Steel Coils,23.8,278.6,20114,2025-10-23,Shivam Freight Co
SHP10612,Delhi,Jaipur,Short,Textiles,13.3,280.4,11191,2025-10-23,VRL Logistics
SHP10613,Chennai,Bangalore,Short,Textiles,18.7,353.7,19719,2025-10-23,Shivam Freight Co
SHP10614,Ahmedabad,Mumbai,Medium,Electronics,10.3,532.8,13950,2025-10-23,Shivam Freight Co
SHP10615,Ahmedabad,Mumbai,Medium,Automobile Parts,22.8,529.6,30586,2025-10-23,Shivam Freight Co
SHP10616,Ahmedabad,Mumbai,Medium,Steel Coils,22.5,531.2,30434,2025-10-23,Western Carriers
SHP10617,Kolkata,Bhubaneswar,Medium,Textiles,20.3,439.3,23454,2025-10-23,VRL Logistics
SHP10618,Bangalore,Hyderabad,Medium,FMCG,14.2,572.0,21264,2025-10-23,SafeExpress
SHP10619,Mumbai,Delhi,Long,Textiles,16.6,1422.5,52339,2025-10-23,Western Carriers
SHP10620,Delhi,Kolkata,Long,Packaged Foods,14.2,1513.9,46632,2025-10-23,Om Sai Transport
SHP10621,Delhi,Kolkata,Long,Automobile Parts,16.7,1507.1,54482,2025-10-23,Western Carriers
SHP10622,Delhi,Kolkata,Long,Automobile Parts,11.4,1506.0,37908,2025-10-23,SafeExpress
SHP10623,Mumbai,Pune,Short,Electronics,16.7,148.7,7965,2025-10-24,Western Carriers
SHP10624,Delhi,Jaipur,Short,Electronics,15.3,283.2,14035,2025-10-24,TCI Freight
SHP10625,Delhi,Jaipur,Short,Steel Coils,16.6,276.3,14481,2025-10-24,Shivam Freight Co
SHP10626,Chennai,Bangalore,Short,Automobile Parts,24.5,352.8,25214,2025-10-24,Om Sai Transport
SHP10627,Ahmedabad,Mumbai,Medium,Electronics,20.9,527.6,28539,2025-10-24,Western Carriers
SHP10628,Ahmedabad,Mumbai,Medium,Electronics,12.5,530.2,17391,2025-10-24,VRL Logistics
SHP10629,Kolkata,Bhubaneswar,Medium,Steel Coils,16.9,442.5,20162,2025-10-24,Western Carriers
SHP10630,Bangalore,Hyderabad,Medium,Chemicals,14.7,567.0,20932,2025-10-24,TCI Freight
SHP10631,Bangalore,Hyderabad,Medium,Electronics,22.6,573.7,32729,2025-10-24,Om Sai Transport
SHP10632,Mumbai,Delhi,Long,Packaged Foods,23.0,1422.8,68987,2025-10-24,Om Sai Transport
SHP10633,Mumbai,Delhi,Long,Textiles,12.7,1423.7,39216,2025-10-24,Western Carriers
SHP10634,Delhi,Kolkata,Long,FMCG,13.5,1506.1,42429,2025-10-24,Shivam Freight Co
SHP10635,Delhi,Kolkata,Long,Chemicals,17.2,1507.8,53583,2025-10-24,SafeExpress
SHP10636,Delhi,Kolkata,Long,Steel Coils,20.7,1513.0,66607,2025-10-24,Om Sai Transport
SHP10637,Mumbai,Pune,Short,Electronics,23.3,152.8,11193,2025-10-25,Shivam Freight Co
SHP10638,Delhi,Jaipur,Short,Textiles,12.3,276.1,10406,2025-10-25,Om Sai Transport
SHP10639,Delhi,Jaipur,Short,Electronics,25.0,283.7,21323,2025-10-25,TCI Freight
SHP10640,Chennai,Bangalore,Short,Steel Coils,15.6,350.4,16085,2025-10-25,VRL Logistics
SHP10641,Ahmedabad,Mumbai,Medium,Steel Coils,14.7,527.0,20688,2025-10-25,TCI Freight
SHP10642,Kolkata,Bhubaneswar,Medium,Automobile Parts,14.2,439.3,16415,2025-10-25,VRL Logistics
SHP10643,Kolkata,Bhubaneswar,Medium,Chemicals,21.0,440.1,24478,2025-10-25,Shivam Freight Co
SHP10644,Bangalore,Hyderabad,Medium,Packaged Foods,23.1,570.3,34190,2025-10-25,Om Sai Transport
SHP10645,Bangalore,Hyderabad,Medium,Textiles,23.4,571.7,33954,2025-10-25,Western Carriers
SHP10646,Mumbai,Delhi,Long,Automobile Parts,15.8,1417.3,48162,2025-10-25,VRL Logistics
SHP10647,Mumbai,Delhi,Long,Steel Coils,23.1,1420.7,69619,2025-10-25,Shivam Freight Co
SHP10648,Mumbai,Delhi,Long,Packaged Foods,18.2,1420.0,55939,2025-10-25,SafeExpress
SHP10649,Delhi,Kolkata,Long,Chemicals,22.2,1507.8,71854,2025-10-25,Shivam Freight Co
SHP10650,Delhi,Kolkata,Long,Packaged Foods,11.5,1510.8,37409,2025-10-25,SafeExpress
SHP10651,Mumbai,Pune,Short,Textiles,17.0,150.8,7996,2025-10-26,Western Carriers
SHP10652,Mumbai,Pune,Short,Electronics,20.0,153.9,9643,2025-10-26,Western Carriers
SHP10653,Delhi,Jaipur,Short,Automobile Parts,16.4,283.5,14424,2025-10-26,SafeExpress
SHP10654,Chennai,Bangalore,Short,FMCG,16.4,353.4,16878,2025-10-26,Western Carriers
SHP10655,Ahmedabad,Mumbai,Medium,Textiles,16.9,533.1,23975,2025-10-26,Shivam Freight Co
SHP10656,Ahmedabad,Mumbai,Medium,Automobile Parts,13.7,527.6,19336,2025-10-26,Om Sai Transport
SHP10657,Ahmedabad,Mumbai,Medium,Chemicals,13.2,532.6,18338,2025-10-26,VRL Logistics
SHP10658,Kolkata,Bhubaneswar,Medium,Electronics,20.4,436.9,23189,2025-10-26,Om Sai Transport
SHP10659,Kolkata,Bhubaneswar,Medium,Automobile Parts,18.9,442.8,22511,2025-10-26,SafeExpress
SHP10660,Bangalore,Hyderabad,Medium,Textiles,16.1,569.4,22927,2025-10-26,Western Carriers
SHP10661,Bangalore,Hyderabad,Medium,Chemicals,11.3,572.1,15869,2025-10-26,Western Carriers
SHP10662,Bangalore,Hyderabad,Medium,Packaged Foods,21.6,567.7,30132,2025-10-26,VRL Logistics
SHP10663,Mumbai,Delhi,Long,Steel Coils,18.7,1422.7,57972,2025-10-26,TCI Freight
SHP10664,Mumbai,Delhi,Long,Chemicals,15.6,1420.7,47197,2025-10-26,Shivam Freight Co
SHP10665,Mumbai,Delhi,Long,Automobile Parts,19.6,1422.5,59515,2025-10-26,Om Sai Transport
SHP10666,Delhi,Kolkata,Long,Steel Coils,12.4,1511.2,39567,2025-10-26,Shivam Freight Co
SHP10667,Delhi,Kolkata,Long,Electronics,11.2,1512.1,36259,2025-10-26,TCI Freight
SHP10668,Delhi,Kolkata,Long,Textiles,20.3,1509.4,66908,2025-10-26,SafeExpress
SHP10669,Mumbai,Pune,Short,Packaged Foods,23.8,152.7,11434,2025-10-27,SafeExpress
SHP10670,Mumbai,Pune,Short,Chemicals,11.3,146.5,5187,2025-10-27,VRL Logistics
SHP10671,Delhi,Jaipur,Short,Chemicals,24.8,281.3,21416,2025-10-27,SafeExpress
SHP10672,Chennai,Bangalore,Short,Packaged Foods,20.7,346.7,21415,2025-10-27,Western Carriers
SHP10673,Chennai,Bangalore,Short,Electronics,13.4,346.9,13929,2025-10-27,SafeExpress
SHP10674,Chennai,Bangalore,Short,Textiles,22.3,348.1,23056,2025-10-27,Shivam Freight Co
SHP10675,Ahmedabad,Mumbai,Medium,Electronics,21.4,532.4,29817,2025-10-27,Western Carriers
SHP10676,Ahmedabad,Mumbai,Medium,Packaged Foods,19.5,530.8,27168,2025-10-27,Shivam Freight Co
SHP10677,Ahmedabad,Mumbai,Medium,Textiles,14.3,533.3,19805,2025-10-27,Om Sai Transport
SHP10678,Kolkata,Bhubaneswar,Medium,Steel Coils,14.4,438.5,16120,2025-10-27,Om Sai Transport
SHP10679,Kolkata,Bhubaneswar,Medium,FMCG,14.9,440.2,17262,2025-10-27,TCI Freight
SHP10680,Bangalore,Hyderabad,Medium,Electronics,10.4,571.2,14935,2025-10-27,Om Sai Transport
SHP10681,Mumbai,Delhi,Long,Packaged Foods,23.6,1418.2,72257,2025-10-27,Shivam Freight Co
SHP10682,Mumbai,Delhi,Long,Steel Coils,19.7,1416.2,60293,2025-10-27,VRL Logistics
SHP10683,Mumbai,Delhi,Long,FMCG,22.5,1419.2,67738,2025-10-27,Om Sai Transport
SHP10684,Delhi,Kolkata,Long,FMCG,19.8,1508.1,63645,2025-10-27,Western Carriers
SHP10685,Delhi,Kolkata,Long,Steel Coils,12.7,1509.7,41192,2025-10-27,Shivam Freight Co
SHP10686,Mumbai,Pune,Short,Automobile Parts,10.1,150.1,4850,2025-10-28,Shivam Freight Co
SHP10687,Delhi,Jaipur,Short,Electronics,21.1,282.2,18272,2025-10-28,SafeExpress
SHP10688,Delhi,Jaipur,Short,Electronics,24.6,280.8,21166,2025-10-28,Shivam Freight Co
SHP10689,Delhi,Jaipur,Short,Electronics,15.8,282.6,13586,2025-10-28,TCI Freight
SHP10690,Chennai,Bangalore,Short,Chemicals,17.5,350.5,17751,2025-10-28,SafeExpress
SHP10691,Chennai,Bangalore,Short,Electronics,19.3,349.2,18942,2025-10-28,SafeExpress
SHP10692,Ahmedabad,Mumbai,Medium,Packaged Foods,14.2,531.6,19743,2025-10-28,Om Sai Transport
SHP10693,Ahmedabad,Mumbai,Medium,Chemicals,18.5,527.9,24585,2025-10-28,Western Carriers
SHP10694,Ahmedabad,Mumbai,Medium,Steel Coils,17.5,527.6,23878,2025-10-28,SafeExpress
SHP10695,Kolkata,Bhubaneswar,Medium,Steel Coils,14.1,437.1,16299,2025-10-28,SafeExpress
SHP10696,Kolkata,Bhubaneswar,Medium,Chemicals,13.7,436.7,15816,2025-10-28,TCI Freight
SHP10697,Bangalore,Hyderabad,Medium,Steel Coils,11.5,568.6,16840,2025-10-28,TCI Freight
SHP10698,Bangalore,Hyderabad,Medium,Textiles,17.5,570.1,25216,2025-10-28,TCI Freight
SHP10699,Bangalore,Hyderabad,Medium,Chemicals,10.7,569.9,15677,2025-10-28,SafeExpress
SHP10700,Mumbai,Delhi,Long,Steel Coils,18.6,1418.1,56023,2025-10-28,TCI Freight
SHP10701,Delhi,Kolkata,Long,FMCG,20.8,1508.8,66900,2025-10-28,SafeExpress
SHP10702,Delhi,Kolkata,Long,Automobile Parts,18.3,1510.0,60434,2025-10-28,SafeExpress
SHP10703,Delhi,Kolkata,Long,Textiles,15.0,1510.2,49488,2025-10-28,TCI Freight
SHP10704,Mumbai,Pune,Short,Electronics,19.2,152.4,9109,2025-10-29,SafeExpress
SHP10705,Mumbai,Pune,Short,Steel Coils,23.1,153.5,11276,2025-10-29,Om Sai Transport
SHP10706,Delhi,Jaipur,Short,Electronics,18.1,278.0,15894,2025-10-29,SafeExpress
SHP10707,Chennai,Bangalore,Short,Textiles,16.6,349.0,17449,2025-10-29,Om Sai Transport
SHP10708,Chennai,Bangalore,Short,FMCG,22.6,352.9,24115,2025-10-29,SafeExpress
SHP10709,Chennai,Bangalore,Short,Electronics,16.7,350.3,17537,2025-10-29,Om Sai Transport
SHP10710,Ahmedabad,Mumbai,Medium,Chemicals,16.5,526.6,22538,2025-10-29,Shivam Freight Co
SHP10711,Ahmedabad,Mumbai,Medium,Electronics,24.3,529.6,33708,2025-10-29,Om Sai Transport
SHP10712,Kolkata,Bhubaneswar,Medium,Automobile Parts,14.9,438.7,16747,2025-10-29,Om Sai Transport
SHP10713,Kolkata,Bhubaneswar,Medium,Steel Coils,21.2,441.5,23876,2025-10-29,Western Carriers
SHP10714,Bangalore,Hyderabad,Medium,FMCG,19.3,567.7,28287,2025-10-29,Om Sai Transport
SHP10715,Mumbai,Delhi,Long,Steel Coils,23.6,1422.9,75955,2025-10-29,Shivam Freight Co
SHP10716,Delhi,Kolkata,Long,FMCG,24.6,1510.8,77031,2025-10-29,Om Sai Transport
SHP10717,Delhi,Kolkata,Long,Chemicals,14.5,1513.2,45416,2025-10-29,Western Carriers
SHP10718,Mumbai,Pune,Short,Steel Coils,23.7,151.8,11405,2025-10-30,Om Sai Transport
SHP10719,Mumbai,Pune,Short,FMCG,16.7,148.7,8067,2025-10-30,Western Carriers
SHP10720,Delhi,Jaipur,Short,Packaged Foods,20.6,281.0,17703,2025-10-30,Shivam Freight Co
SHP10721,Delhi,Jaipur,Short,Chemicals,11.9,277.4,10293,2025-10-30,Om Sai Transport
SHP10722,Chennai,Bangalore,Short,Textiles,13.1,346.5,13062,2025-10-30,VRL Logistics
SHP10723,Ahmedabad,Mumbai,Medium,Packaged Foods,19.9,531.7,28511,2025-10-30,Western Carriers
SHP10724,Ahmedabad,Mumbai,Medium,Packaged Foods,20.6,533.5,29280,2025-10-30,Shivam Freight Co
SHP10725,Kolkata,Bhubaneswar,Medium,Automobile Parts,12.0,437.2,14495,2025-10-30,TCI Freight
SHP10726,Kolkata,Bhubaneswar,Medium,FMCG,14.7,439.4,17401,2025-10-30,Om Sai Transport
SHP10727,Kolkata,Bhubaneswar,Medium,Chemicals,18.4,442.2,21784,2025-10-30,Shivam Freight Co
SHP10728,Bangalore,Hyderabad,Medium,FMCG,24.1,571.5,35499,2025-10-30,Om Sai Transport
SHP10729,Bangalore,Hyderabad,Medium,FMCG,21.2,573.3,31557,2025-10-30,Om Sai Transport
SHP10730,Bangalore,Hyderabad,Medium,Packaged Foods,16.1,573.6,23553,2025-10-30,VRL Logistics
SHP10731,Mumbai,Delhi,Long,Automobile Parts,14.3,1416.6,43779,2025-10-30,Shivam Freight Co
SHP10732,Mumbai,Delhi,Long,Chemicals,20.8,1423.2,64415,2025-10-30,Shivam Freight Co
SHP10733,Delhi,Kolkata,Long,Electronics,24.3,1509.2,78708,2025-10-30,Om Sai Transport
SHP10734,Mumbai,Pune,Short,Chemicals,24.0,147.5,11248,2025-10-31,SafeExpress
SHP10735,Mumbai,Pune,Short,Textiles,18.7,151.9,9337,2025-10-31,Western Carriers
SHP10736,Mumbai,Pune,Short,Electronics,24.8,151.4,12001,2025-10-31,Om Sai Transport
SHP10737,Delhi,Jaipur,Short,Electronics,18.4,284.0,16104,2025-10-31,Shivam Freight Co
SHP10738,Chennai,Bangalore,Short,Electronics,12.2,347.3,12794,2025-10-31,Western Carriers
SHP10739,Chennai,Bangalore,Short,Automobile Parts,17.5,353.3,18816,2025-10-31,TCI Freight
SHP10740,Ahmedabad,Mumbai,Medium,Packaged Foods,23.4,526.7,31290,2025-10-31,Shivam Freight Co
SHP10741,Kolkata,Bhubaneswar,Medium,Steel Coils,21.4,437.6,24600,2025-10-31,VRL Logistics
SHP10742,Kolkata,Bhubaneswar,Medium,FMCG,14.4,438.0,16567,2025-10-31,VRL Logistics
SHP10743,Kolkata,Bhubaneswar,Medium,Textiles,17.4,436.7,20011,2025-10-31,SafeExpress
SHP10744,Bangalore,Hyderabad,Medium,Electronics,18.8,567.2,27517,2025-10-31,Om Sai Transport
SHP10745,Mumbai,Delhi,Long,FMCG,16.6,1416.5,49025,2025-10-31,Shivam Freight Co
SHP10746,Mumbai,Delhi,Long,Automobile Parts,19.6,1416.1,59447,2025-10-31,TCI Freight
SHP10747,Mumbai,Delhi,Long,Textiles,12.6,1421.6,38694,2025-10-31,Shivam Freight Co
SHP10748,Delhi,Kolkata,Long,Textiles,24.7,1512.9,76491,2025-10-31,Shivam Freight Co
SHP10749,Delhi,Kolkata,Long,Packaged Foods,20.3,1508.6,62440,2025-10-31,SafeExpress
SHP10750,Delhi,Kolkata,Long,Textiles,16.4,1512.1,51292,2025-10-31,Shivam Freight Co
SHP10751,Mumbai,Pune,Short,Electronics,17.0,152.3,8418,2025-11-01,TCI Freight
SHP10752,Mumbai,Pune,Short,Automobile Parts,11.3,150.9,5552,2025-11-01,Western Carriers
SHP10753,Delhi,Jaipur,Short,FMCG,24.4,277.5,20895,2025-11-01,Shivam Freight Co
SHP10754,Delhi,Jaipur,Short,FMCG,21.5,278.4,18746,2025-11-01,Western Carriers
SHP10755,Delhi,Jaipur,Short,Electronics,11.3,280.4,10105,2025-11-01,VRL Logistics
SHP10756,Chennai,Bangalore,Short,Chemicals,20.9,346.2,20282,2025-11-01,Western Carriers
SHP10757,Chennai,Bangalore,Short,Packaged Foods,10.7,347.4,10502,2025-11-01,SafeExpress
SHP10758,Chennai,Bangalore,Short,Packaged Foods,12.4,349.3,12481,2025-11-01,VRL Logistics
SHP10759,Ahmedabad,Mumbai,Medium,Automobile Parts,24.8,530.1,34625,2025-11-01,Shivam Freight Co
SHP10760,Ahmedabad,Mumbai,Medium,Textiles,14.1,532.6,19981,2025-11-01,Shivam Freight Co
SHP10761,Ahmedabad,Mumbai,Medium,Textiles,19.6,530.0,27665,2025-11-01,Western Carriers
SHP10762,Kolkata,Bhubaneswar,Medium,FMCG,10.2,442.0,12167,2025-11-01,Shivam Freight Co
SHP10763,Kolkata,Bhubaneswar,Medium,Chemicals,17.2,442.1,21003,2025-11-01,SafeExpress
SHP10764,Bangalore,Hyderabad,Medium,Steel Coils,11.9,568.7,17084,2025-11-01,Western Carriers
SHP10765,Bangalore,Hyderabad,Medium,Steel Coils,13.8,570.2,19776,2025-11-01,Western Carriers
SHP10766,Mumbai,Delhi,Long,Packaged Foods,22.9,1421.2,69998,2025-11-01,Shivam Freight Co
SHP10767,Mumbai,Delhi,Long,Steel Coils,21.2,1417.7,62927,2025-11-01,Om Sai Transport
SHP10768,Mumbai,Delhi,Long,Textiles,14.8,1422.6,44305,2025-11-01,Shivam Freight Co
SHP10769,Delhi,Kolkata,Long,FMCG,11.2,1508.5,36134,2025-11-01,VRL Logistics
SHP10770,Delhi,Kolkata,Long,FMCG,10.8,1509.8,34456,2025-11-01,TCI Freight
SHP10771,Mumbai,Pune,Short,Automobile Parts,22.8,154.0,10873,2025-11-02,Shivam Freight Co
SHP10772,Mumbai,Pune,Short,FMCG,15.1,148.5,6948,2025-11-02,Western Carriers
SHP10773,Mumbai,Pune,Short,Electronics,23.6,148.4,11043,2025-11-02,Western Carriers
SHP10774,Delhi,Jaipur,Short,Automobile Parts,22.4,282.7,19935,2025-11-02,Western Carriers
SHP10775,Chennai,Bangalore,Short,Steel Coils,20.9,351.0,20869,2025-11-02,Shivam Freight Co
SHP10776,Chennai,Bangalore,Short,Packaged Foods,10.2,348.2,10392,2025-11-02,Western Carriers
SHP10777,Ahmedabad,Mumbai,Medium,Textiles,21.7,528.7,30074,2025-11-02,Western Carriers
SHP10778,Ahmedabad,Mumbai,Medium,FMCG,15.2,530.1,20988,2025-11-02,SafeExpress
SHP10779,Ahmedabad,Mumbai,Medium,Chemicals,12.3,527.0,17298,2025-11-02,Western Carriers
SHP10780,Kolkata,Bhubaneswar,Medium,Chemicals,19.0,440.8,21705,2025-11-02,Western Carriers
SHP10781,Kolkata,Bhubaneswar,Medium,Steel Coils,13.8,442.8,15602,2025-11-02,Om Sai Transport
SHP10782,Kolkata,Bhubaneswar,Medium,Chemicals,12.6,437.7,14507,2025-11-02,Om Sai Transport
SHP10783,Bangalore,Hyderabad,Medium,FMCG,22.8,571.9,33323,2025-11-02,TCI Freight
SHP10784,Bangalore,Hyderabad,Medium,Steel Coils,19.9,568.7,29526,2025-11-02,Shivam Freight Co
SHP10785,Mumbai,Delhi,Long,Automobile Parts,18.2,1419.0,56100,2025-11-02,Western Carriers
SHP10786,Delhi,Kolkata,Long,FMCG,18.9,1507.2,59929,2025-11-02,Om Sai Transport
SHP10787,Delhi,Kolkata,Long,Packaged Foods,21.1,1513.6,68094,2025-11-02,TCI Freight
SHP10788,Delhi,Kolkata,Long,Packaged Foods,15.5,1507.5,50905,2025-11-02,VRL Logistics
SHP10789,Mumbai,Pune,Short,Electronics,11.7,147.3,5409,2025-11-03,SafeExpress
SHP10790,Mumbai,Pune,Short,Packaged Foods,17.6,150.7,8311,2025-11-03,Shivam Freight Co
SHP10791,Mumbai,Pune,Short,Electronics,16.7,149.6,7781,2025-11-03,Western Carriers
SHP10792,Delhi,Jaipur,Short,Electronics,10.5,276.8,9129,2025-11-03,Om Sai Transport
SHP10793,Chennai,Bangalore,Short,Chemicals,14.6,352.4,15297,2025-11-03,SafeExpress
SHP10794,Chennai,Bangalore,Short,Electronics,11.4,347.6,11665,2025-11-03,Om Sai Transport
SHP10795,Ahmedabad,Mumbai,Medium,Textiles,14.8,532.9,20555,2025-11-03,Om Sai Transport
SHP10796,Ahmedabad,Mumbai,Medium,Packaged Foods,24.0,532.5,33909,2025-11-03,Om Sai Transport
SHP10797,Kolkata,Bhubaneswar,Medium,Electronics,10.3,438.0,12445,2025-11-03,Shivam Freight Co
SHP10798,Bangalore,Hyderabad,Medium,FMCG,17.4,570.6,24795,2025-11-03,TCI Freight
SHP10799,Bangalore,Hyderabad,Medium,Packaged Foods,13.4,566.7,18460,2025-11-03,Om Sai Transport
SHP10800,Mumbai,Delhi,Long,Chemicals,14.0,1423.6,43248,2025-11-03,TCI Freight
SHP10801,Mumbai,Delhi,Long,Electronics,24.7,1419.9,74646,2025-11-03,TCI Freight
SHP10802,Delhi,Kolkata,Long,Electronics,15.2,1513.3,49632,2025-11-03,Shivam Freight Co
SHP10803,Mumbai,Pune,Short,Textiles,14.7,152.4,7096,2025-11-04,TCI Freight
SHP10804,Delhi,Jaipur,Short,Steel Coils,14.5,281.7,12456,2025-11-04,Western Carriers
SHP10805,Delhi,Jaipur,Short,Chemicals,14.3,278.2,12171,2025-11-04,Om Sai Transport
SHP10806,Delhi,Jaipur,Short,FMCG,19.3,279.9,16622,2025-11-04,Western Carriers
SHP10807,Chennai,Bangalore,Short,Textiles,22.3,351.4,22836,2025-11-04,Shivam Freight Co
SHP10808,Chennai,Bangalore,Short,Automobile Parts,22.0,352.7,23290,2025-11-04,Shivam Freight Co
SHP10809,Chennai,Bangalore,Short,Steel Coils,22.2,352.3,23593,2025-11-04,Western Carriers
SHP10810,Ahmedabad,Mumbai,Medium,Packaged Foods,13.8,528.3,19016,2025-11-04,VRL Logistics
SHP10811,Kolkata,Bhubaneswar,Medium,Chemicals,22.4,443.3,27122,2025-11-04,SafeExpress
SHP10812,Kolkata,Bhubaneswar,Medium,Steel Coils,13.3,438.3,15911,2025-11-04,Shivam Freight Co
SHP10813,Kolkata,Bhubaneswar,Medium,Chemicals,19.5,443.8,23000,2025-11-04,Shivam Freight Co
SHP10814,Bangalore,Hyderabad,Medium,Packaged Foods,11.6,566.4,16580,2025-11-04,Om Sai Transport
SHP10815,Mumbai,Delhi,Long,Textiles,14.5,1416.9,44900,2025-11-04,TCI Freight
SHP10816,Delhi,Kolkata,Long,Textiles,22.8,1507.3,73908,2025-11-04,TCI Freight
SHP10817,Delhi,Kolkata,Long,Packaged Foods,21.0,1508.4,66464,2025-11-04,VRL Logistics
SHP10818,Mumbai,Pune,Short,Textiles,19.5,153.5,9356,2025-11-05,VRL Logistics
SHP10819,Mumbai,Pune,Short,Chemicals,17.7,146.2,8224,2025-11-05,Om Sai Transport
SHP10820,Delhi,Jaipur,Short,Automobile Parts,23.9,280.5,20644,2025-11-05,Western Carriers
SHP10821,Delhi,Jaipur,Short,Chemicals,23.3,276.7,20341,2025-11-05,Shivam Freight Co
SHP10822,Delhi,Jaipur,Short,Automobile Parts,21.9,279.9,19443,2025-11-05,Shivam Freight Co
SHP10823,Chennai,Bangalore,Short,Automobile Parts,14.4,348.8,14501,2025-11-05,TCI Freight
SHP10824,Ahmedabad,Mumbai,Medium,FMCG,19.5,532.1,27878,2025-11-05,TCI Freight
SHP10825,Kolkata,Bhubaneswar,Medium,Steel Coils,23.0,437.7,26273,2025-11-05,Om Sai Transport
SHP10826,Bangalore,Hyderabad,Medium,Steel Coils,19.1,566.5,27628,2025-11-05,SafeExpress
SHP10827,Bangalore,Hyderabad,Medium,Textiles,14.4,573.7,21027,2025-11-05,VRL Logistics
SHP10828,Mumbai,Delhi,Long,Steel Coils,15.5,1417.4,48692,2025-11-05,Om Sai Transport
SHP10829,Mumbai,Delhi,Long,Packaged Foods,13.7,1421.8,41647,2025-11-05,TCI Freight
SHP10830,Mumbai,Delhi,Long,Packaged Foods,14.2,1418.8,43966,2025-11-05,VRL Logistics
SHP10831,Delhi,Kolkata,Long,Steel Coils,19.9,1508.0,64563,2025-11-05,SafeExpress
SHP10832,Mumbai,Pune,Short,Chemicals,14.0,152.2,6692,2025-11-06,TCI Freight
SHP10833,Mumbai,Pune,Short,Chemicals,14.2,148.1,6713,2025-11-06,Western Carriers
SHP10834,Mumbai,Pune,Short,Steel Coils,24.2,152.2,11330,2025-11-06,Om Sai Transport
SHP10835,Delhi,Jaipur,Short,Automobile Parts,23.3,279.3,20294,2025-11-06,Shivam Freight Co
SHP10836,Chennai,Bangalore,Short,Automobile Parts,12.8,348.1,12906,2025-11-06,Shivam Freight Co
SHP10837,Chennai,Bangalore,Short,FMCG,21.5,347.4,21290,2025-11-06,Western Carriers
SHP10838,Ahmedabad,Mumbai,Medium,FMCG,11.8,531.0,16020,2025-11-06,Western Carriers
SHP10839,Ahmedabad,Mumbai,Medium,Chemicals,24.7,528.8,33932,2025-11-06,Shivam Freight Co
SHP10840,Kolkata,Bhubaneswar,Medium,Steel Coils,12.2,440.5,14534,2025-11-06,TCI Freight
SHP10841,Kolkata,Bhubaneswar,Medium,Electronics,16.2,442.7,18991,2025-11-06,VRL Logistics
SHP10842,Bangalore,Hyderabad,Medium,FMCG,18.9,568.1,27642,2025-11-06,Om Sai Transport
SHP10843,Bangalore,Hyderabad,Medium,Automobile Parts,16.7,572.1,24405,2025-11-06,VRL Logistics
SHP10844,Bangalore,Hyderabad,Medium,Electronics,15.2,569.0,22602,2025-11-06,TCI Freight
SHP10845,Mumbai,Delhi,Long,Steel Coils,16.4,1416.1,48854,2025-11-06,SafeExpress
SHP10846,Mumbai,Delhi,Long,FMCG,22.0,1422.7,66441,2025-11-06,Om Sai Transport
SHP10847,Delhi,Kolkata,Long,Steel Coils,12.7,1510.0,40029,2025-11-06,Shivam Freight Co
SHP10848,Mumbai,Pune,Short,Steel Coils,19.1,152.9,9223,2025-11-07,Shivam Freight Co
SHP10849,Mumbai,Pune,Short,Automobile Parts,21.6,148.1,10329,2025-11-07,Om Sai Transport
SHP10850,Mumbai,Pune,Short,Textiles,11.0,147.2,5082,2025-11-07,Western Carriers
SHP10851,Delhi,Jaipur,Short,Steel Coils,14.0,278.3,11958,2025-11-07,SafeExpress
SHP10852,Delhi,Jaipur,Short,Packaged Foods,13.4,279.1,11782,2025-11-07,SafeExpress
SHP10853,Chennai,Bangalore,Short,Chemicals,12.5,348.4,12512,2025-11-07,SafeExpress
SHP10854,Ahmedabad,Mumbai,Medium,Steel Coils,21.5,530.9,30379,2025-11-07,VRL Logistics
SHP10855,Kolkata,Bhubaneswar,Medium,FMCG,20.3,441.5,24087,2025-11-07,TCI Freight
SHP10856,Kolkata,Bhubaneswar,Medium,FMCG,15.5,443.5,18729,2025-11-07,VRL Logistics
SHP10857,Kolkata,Bhubaneswar,Medium,Textiles,12.5,442.9,14774,2025-11-07,VRL Logistics
SHP10858,Bangalore,Hyderabad,Medium,Chemicals,16.2,567.1,23225,2025-11-07,TCI Freight
SHP10859,Bangalore,Hyderabad,Medium,Automobile Parts,19.6,570.8,27515,2025-11-07,Western Carriers
SHP10860,Mumbai,Delhi,Long,Automobile Parts,11.0,1417.7,33292,2025-11-07,SafeExpress
SHP10861,Delhi,Kolkata,Long,FMCG,21.0,1507.0,65912,2025-11-07,SafeExpress
SHP10862,Mumbai,Pune,Short,Automobile Parts,11.0,148.2,5277,2025-11-08,Western Carriers
SHP10863,Mumbai,Pune,Short,Steel Coils,21.5,147.4,10291,2025-11-08,SafeExpress
SHP10864,Mumbai,Pune,Short,Automobile Parts,15.8,151.9,7932,2025-11-08,TCI Freight
SHP10865,Delhi,Jaipur,Short,Textiles,16.0,277.1,13709,2025-11-08,Om Sai Transport
SHP10866,Delhi,Jaipur,Short,Automobile Parts,19.9,280.6,16760,2025-11-08,Om Sai Transport
SHP10867,Chennai,Bangalore,Short,Electronics,24.2,350.7,23778,2025-11-08,Om Sai Transport
SHP10868,Chennai,Bangalore,Short,Packaged Foods,22.4,351.1,22376,2025-11-08,SafeExpress
SHP10869,Ahmedabad,Mumbai,Medium,Chemicals,15.5,531.3,21317,2025-11-08,Om Sai Transport
SHP10870,Kolkata,Bhubaneswar,Medium,Electronics,18.3,443.6,21207,2025-11-08,SafeExpress
SHP10871,Kolkata,Bhubaneswar,Medium,Chemicals,19.6,437.1,22476,2025-11-08,SafeExpress
SHP10872,Kolkata,Bhubaneswar,Medium,Packaged Foods,14.9,439.5,17052,2025-11-08,VRL Logistics
SHP10873,Bangalore,Hyderabad,Medium,Automobile Parts,13.2,571.0,19393,2025-11-08,TCI Freight
SHP10874,Bangalore,Hyderabad,Medium,Textiles,24.9,568.7,36047,2025-11-08,SafeExpress
SHP10875,Bangalore,Hyderabad,Medium,FMCG,13.9,570.9,20794,2025-11-08,TCI Freight
SHP10876,Mumbai,Delhi,Long,FMCG,16.0,1422.8,49486,2025-11-08,Western Carriers
SHP10877,Delhi,Kolkata,Long,Chemicals,23.6,1512.9,74575,2025-11-08,Shivam Freight Co
SHP10878,Delhi,Kolkata,Long,Chemicals,18.6,1510.4,59090,2025-11-08,SafeExpress
SHP10879,Mumbai,Pune,Short,Electronics,22.1,147.9,10387,2025-11-09,SafeExpress
SHP10880,Mumbai,Pune,Short,Automobile Parts,16.4,149.6,7858,2025-11-09,Om Sai Transport
SHP10881,Delhi,Jaipur,Short,FMCG,16.0,279.8,14012,2025-11-09,SafeExpress
SHP10882,Chennai,Bangalore,Short,Electronics,19.8,348.1,19755,2025-11-09,Om Sai Transport
SHP10883,Ahmedabad,Mumbai,Medium,Automobile Parts,18.6,532.2,25943,2025-11-09,VRL Logistics
SHP10884,Kolkata,Bhubaneswar,Medium,Electronics,10.1,441.2,12322,2025-11-09,SafeExpress
SHP10885,Kolkata,Bhubaneswar,Medium,Electronics,24.8,440.8,29632,2025-11-09,TCI Freight
SHP10886,Kolkata,Bhubaneswar,Medium,Automobile Parts,20.9,441.3,25054,2025-11-09,Shivam Freight Co
SHP10887,Bangalore,Hyderabad,Medium,Textiles,20.6,569.0,30418,2025-11-09,Shivam Freight Co
SHP10888,Mumbai,Delhi,Long,Packaged Foods,12.0,1421.1,38510,2025-11-09,Om Sai Transport
SHP10889,Mumbai,Delhi,Long,Textiles,24.5,1417.4,77669,2025-11-09,SafeExpress
SHP10890,Mumbai,Delhi,Long,Packaged Foods,24.6,1419.5,77276,2025-11-09,SafeExpress
SHP10891,Delhi,Kolkata,Long,FMCG,16.0,1510.5,52834,2025-11-09,SafeExpress
SHP10892,Delhi,Kolkata,Long,Steel Coils,17.5,1508.8,55593,2025-11-09,TCI Freight
SHP10893,Mumbai,Pune,Short,Electronics,18.6,147.6,8777,2025-11-10,Western Carriers
SHP10894,Delhi,Jaipur,Short,Automobile Parts,20.7,281.0,17984,2025-11-10,TCI Freight
SHP10895,Chennai,Bangalore,Short,Automobile Parts,18.6,352.1,18534,2025-11-10,VRL Logistics
SHP10896,Chennai,Bangalore,Short,Chemicals,13.1,347.3,12849,2025-11-10,VRL Logistics
SHP10897,Ahmedabad,Mumbai,Medium,Electronics,23.3,531.5,32926,2025-11-10,VRL Logistics
SHP10898,Ahmedabad,Mumbai,Medium,Steel Coils,12.3,528.4,17485,2025-11-10,SafeExpress
SHP10899,Ahmedabad,Mumbai,Medium,FMCG,23.1,528.1,32734,2025-11-10,Om Sai Transport
SHP10900,Kolkata,Bhubaneswar,Medium,Automobile Parts,18.9,439.7,21911,2025-11-10,Shivam Freight Co
SHP10901,Kolkata,Bhubaneswar,Medium,Automobile Parts,22.6,440.0,26034,2025-11-10,SafeExpress
SHP10902,Bangalore,Hyderabad,Medium,Packaged Foods,20.7,567.9,30246,2025-11-10,Shivam Freight Co
SHP10903,Bangalore,Hyderabad,Medium,Automobile Parts,23.8,573.4,34894,2025-11-10,SafeExpress
SHP10904,Mumbai,Delhi,Long,Electronics,12.7,1416.4,38075,2025-11-10,Om Sai Transport
SHP10905,Mumbai,Delhi,Long,Steel Coils,16.5,1421.5,51183,2025-11-10,TCI Freight
SHP10906,Mumbai,Delhi,Long,Steel Coils,13.7,1417.3,41611,2025-11-10,Shivam Freight Co
SHP10907,Delhi,Kolkata,Long,Electronics,13.9,1507.3,44382,2025-11-10,SafeExpress
SHP10908,Mumbai,Pune,Short,Steel Coils,21.1,146.9,9834,2025-11-11,VRL Logistics
SHP10909,Mumbai,Pune,Short,Chemicals,22.2,148.1,10401,2025-11-11,VRL Logistics
SHP10910,Mumbai,Pune,Short,Automobile Parts,23.3,146.8,10713,2025-11-11,VRL Logistics
SHP10911,Delhi,Jaipur,Short,Automobile Parts,14.7,278.6,12605,2025-11-11,VRL Logistics
SHP10912,Chennai,Bangalore,Short,Textiles,16.3,350.5,16805,2025-11-11,Shivam Freight Co
SHP10913,Chennai,Bangalore,Short,Steel Coils,19.8,352.6,19992,2025-11-11,TCI Freight
SHP10914,Chennai,Bangalore,Short,Automobile Parts,22.1,353.4,22541,2025-11-11,Om Sai Transport
SHP10915,Ahmedabad,Mumbai,Medium,Textiles,12.9,531.3,17633,2025-11-11,Western Carriers
SHP10916,Ahmedabad,Mumbai,Medium,Steel Coils,10.2,527.6,13410,2025-11-11,Om Sai Transport
SHP10917,Ahmedabad,Mumbai,Medium,Chemicals,24.2,530.1,33058,2025-11-11,TCI Freight
SHP10918,Kolkata,Bhubaneswar,Medium,Automobile Parts,18.7,440.8,22014,2025-11-11,TCI Freight
SHP10919,Bangalore,Hyderabad,Medium,FMCG,18.3,570.4,26272,2025-11-11,SafeExpress
SHP10920,Bangalore,Hyderabad,Medium,Automobile Parts,13.9,566.6,20184,2025-11-11,Shivam Freight Co
SHP10921,Bangalore,Hyderabad,Medium,Automobile Parts,13.4,571.3,19498,2025-11-11,TCI Freight
SHP10922,Mumbai,Delhi,Long,Chemicals,15.8,1423.0,50184,2025-11-11,SafeExpress
SHP10923,Delhi,Kolkata,Long,Electronics,12.8,1513.4,40445,2025-11-11,SafeExpress
SHP10924,Delhi,Kolkata,Long,Textiles,17.3,1512.4,56154,2025-11-11,Om Sai Transport
SHP10925,Delhi,Kolkata,Long,Packaged Foods,18.1,1513.7,58131,2025-11-11,Western Carriers
SHP10926,Mumbai,Pune,Short,Textiles,15.1,152.7,7481,2025-11-12,Om Sai Transport
SHP10927,Mumbai,Pune,Short,Packaged Foods,18.7,153.9,9304,2025-11-12,Om Sai Transport
SHP10928,Mumbai,Pune,Short,FMCG,23.5,150.5,11475,2025-11-12,SafeExpress
SHP10929,Delhi,Jaipur,Short,Textiles,10.5,276.0,9054,2025-11-12,Western Carriers
SHP10930,Delhi,Jaipur,Short,FMCG,12.9,283.6,11316,2025-11-12,Western Carriers
SHP10931,Delhi,Jaipur,Short,Textiles,20.3,279.3,17739,2025-11-12,Western Carriers
SHP10932,Chennai,Bangalore,Short,FMCG,21.5,352.6,22236,2025-11-12,Om Sai Transport
SHP10933,Ahmedabad,Mumbai,Medium,Automobile Parts,20.4,533.1,29145,2025-11-12,VRL Logistics
SHP10934,Kolkata,Bhubaneswar,Medium,Textiles,20.4,441.6,24356,2025-11-12,TCI Freight
SHP10935,Bangalore,Hyderabad,Medium,Packaged Foods,14.5,570.9,20762,2025-11-12,Shivam Freight Co
SHP10936,Mumbai,Delhi,Long,Automobile Parts,16.0,1421.2,50155,2025-11-12,Om Sai Transport
SHP10937,Mumbai,Delhi,Long,Textiles,14.8,1417.4,47002,2025-11-12,Shivam Freight Co
SHP10938,Delhi,Kolkata,Long,Steel Coils,23.9,1506.6,76719,2025-11-12,VRL Logistics
SHP10939,Delhi,Kolkata,Long,Chemicals,11.7,1507.8,37167,2025-11-12,Om Sai Transport
SHP10940,Mumbai,Pune,Short,Automobile Parts,20.5,152.5,9995,2025-11-13,VRL Logistics
SHP10941,Mumbai,Pune,Short,Electronics,14.9,146.4,6898,2025-11-13,Shivam Freight Co
SHP10942,Delhi,Jaipur,Short,FMCG,17.8,283.3,15217,2025-11-13,SafeExpress
SHP10943,Delhi,Jaipur,Short,Chemicals,13.2,277.2,10945,2025-11-13,SafeExpress
SHP10944,Chennai,Bangalore,Short,Steel Coils,24.8,346.9,25194,2025-11-13,Western Carriers
SHP10945,Chennai,Bangalore,Short,Packaged Foods,23.7,351.7,25079,2025-11-13,VRL Logistics
SHP10946,Ahmedabad,Mumbai,Medium,Chemicals,21.3,533.6,29787,2025-11-13,TCI Freight
SHP10947,Ahmedabad,Mumbai,Medium,FMCG,18.9,527.6,26147,2025-11-13,Om Sai Transport
SHP10948,Ahmedabad,Mumbai,Medium,Textiles,17.0,527.7,23627,2025-11-13,Western Carriers
SHP10949,Kolkata,Bhubaneswar,Medium,Steel Coils,16.1,444.0,18094,2025-11-13,TCI Freight
SHP10950,Kolkata,Bhubaneswar,Medium,Automobile Parts,10.5,438.4,11711,2025-11-13,Om Sai Transport
SHP10951,Kolkata,Bhubaneswar,Medium,Textiles,15.0,442.2,16874,2025-11-13,Shivam Freight Co
SHP10952,Bangalore,Hyderabad,Medium,Textiles,12.2,571.5,18018,2025-11-13,TCI Freight
SHP10953,Bangalore,Hyderabad,Medium,Automobile Parts,19.4,569.1,27978,2025-11-13,Shivam Freight Co
SHP10954,Bangalore,Hyderabad,Medium,Steel Coils,12.3,571.2,17999,2025-11-13,Western Carriers
SHP10955,Mumbai,Delhi,Long,Textiles,22.2,1423.4,70282,2025-11-13,Western Carriers
SHP10956,Mumbai,Delhi,Long,Chemicals,23.7,1419.1,72784,2025-11-13,Shivam Freight Co
SHP10957,Mumbai,Delhi,Long,Textiles,24.0,1423.9,75490,2025-11-13,VRL Logistics
SHP10958,Delhi,Kolkata,Long,Chemicals,11.6,1513.1,38106,2025-11-13,VRL Logistics
SHP10959,Mumbai,Pune,Short,Automobile Parts,15.0,152.9,7263,2025-11-14,Western Carriers
SHP10960,Mumbai,Pune,Short,Packaged Foods,15.1,150.4,7088,2025-11-14,Om Sai Transport
SHP10961,Delhi,Jaipur,Short,Electronics,22.4,284.0,19716,2025-11-14,TCI Freight
SHP10962,Chennai,Bangalore,Short,Chemicals,14.1,346.5,14593,2025-11-14,Western Carriers
SHP10963,Chennai,Bangalore,Short,Chemicals,19.4,351.4,19882,2025-11-14,SafeExpress
SHP10964,Chennai,Bangalore,Short,Textiles,22.5,348.6,22909,2025-11-14,Shivam Freight Co
SHP10965,Ahmedabad,Mumbai,Medium,Chemicals,18.1,528.6,25668,2025-11-14,TCI Freight
SHP10966,Ahmedabad,Mumbai,Medium,FMCG,24.3,532.8,34813,2025-11-14,Western Carriers
SHP10967,Kolkata,Bhubaneswar,Medium,Chemicals,14.6,440.6,17449,2025-11-14,SafeExpress
SHP10968,Kolkata,Bhubaneswar,Medium,Chemicals,18.1,440.1,21630,2025-11-14,VRL Logistics
SHP10969,Bangalore,Hyderabad,Medium,Packaged Foods,14.6,572.9,21237,2025-11-14,SafeExpress
SHP10970,Bangalore,Hyderabad,Medium,Packaged Foods,21.8,566.3,31724,2025-11-14,TCI Freight
SHP10971,Bangalore,Hyderabad,Medium,Electronics,18.9,571.1,27149,2025-11-14,Western Carriers
SHP10972,Mumbai,Delhi,Long,Packaged Foods,19.3,1420.2,57594,2025-11-14,SafeExpress
SHP10973,Mumbai,Delhi,Long,Chemicals,12.9,1419.7,39021,2025-11-14,Shivam Freight Co
SHP10974,Mumbai,Delhi,Long,Steel Coils,10.3,1418.6,31675,2025-11-14,Om Sai Transport
SHP10975,Delhi,Kolkata,Long,Steel Coils,17.0,1512.4,52648,2025-11-14,TCI Freight
SHP10976,Delhi,Kolkata,Long,Textiles,12.1,1509.9,37675,2025-11-14,Shivam Freight Co
SHP10977,Mumbai,Pune,Short,Packaged Foods,20.4,153.5,10109,2025-11-15,Om Sai Transport
SHP10978,Delhi,Jaipur,Short,FMCG,12.1,283.4,10447,2025-11-15,TCI Freight
SHP10979,Chennai,Bangalore,Short,Textiles,21.7,352.2,22460,2025-11-15,Shivam Freight Co
SHP10980,Chennai,Bangalore,Short,Packaged Foods,17.3,349.4,17402,2025-11-15,Om Sai Transport
SHP10981,Ahmedabad,Mumbai,Medium,Textiles,22.6,526.7,31632,2025-11-15,VRL Logistics
SHP10982,Kolkata,Bhubaneswar,Medium,Steel Coils,17.7,441.2,20747,2025-11-15,Western Carriers
SHP10983,Kolkata,Bhubaneswar,Medium,Electronics,16.1,438.4,18543,2025-11-15,Western Carriers
SHP10984,Bangalore,Hyderabad,Medium,Automobile Parts,10.1,566.7,13981,2025-11-15,SafeExpress
SHP10985,Bangalore,Hyderabad,Medium,Packaged Foods,22.7,571.4,32182,2025-11-15,TCI Freight
SHP10986,Bangalore,Hyderabad,Medium,Textiles,15.0,571.1,20919,2025-11-15,Western Carriers
SHP10987,Mumbai,Delhi,Long,Packaged Foods,12.9,1416.1,40696,2025-11-15,VRL Logistics
SHP10988,Mumbai,Delhi,Long,FMCG,19.5,1416.3,62627,2025-11-15,VRL Logistics
SHP10989,Delhi,Kolkata,Long,Chemicals,11.5,1513.4,35262,2025-11-15,VRL Logistics
SHP10990,Delhi,Kolkata,Long,FMCG,24.4,1513.6,77621,2025-11-15,Om Sai Transport
SHP10991,Mumbai,Pune,Short,FMCG,11.0,147.6,5246,2025-11-16,Shivam Freight Co
SHP10992,Mumbai,Pune,Short,Packaged Foods,19.0,146.7,8974,2025-11-16,Om Sai Transport
SHP10993,Delhi,Jaipur,Short,Textiles,16.4,280.3,14373,2025-11-16,SafeExpress
SHP10994,Delhi,Jaipur,Short,FMCG,23.4,278.3,20778,2025-11-16,TCI Freight
SHP10995,Chennai,Bangalore,Short,Packaged Foods,13.1,349.1,13806,2025-11-16,TCI Freight
SHP10996,Ahmedabad,Mumbai,Medium,Packaged Foods,17.6,526.8,23643,2025-11-16,TCI Freight
SHP10997,Ahmedabad,Mumbai,Medium,Chemicals,19.9,533.2,26674,2025-11-16,SafeExpress
SHP10998,Ahmedabad,Mumbai,Medium,Textiles,22.2,533.6,29859,2025-11-16,SafeExpress
SHP10999,Kolkata,Bhubaneswar,Medium,Electronics,24.4,439.8,28131,2025-11-16,Om Sai Transport
SHP11000,Kolkata,Bhubaneswar,Medium,Steel Coils,22.3,439.8,25817,2025-11-16,VRL Logistics
SHP11001,Kolkata,Bhubaneswar,Medium,Packaged Foods,16.9,442.4,19596,2025-11-16,VRL Logistics
SHP11002,Bangalore,Hyderabad,Medium,FMCG,15.0,568.2,21839,2025-11-16,TCI Freight
SHP11003,Bangalore,Hyderabad,Medium,Electronics,13.6,571.9,20535,2025-11-16,Om Sai Transport
SHP11004,Mumbai,Delhi,Long,Electronics,19.4,1419.5,59792,2025-11-16,Western Carriers
SHP11005,Mumbai,Delhi,Long,Steel Coils,22.3,1419.6,68479,2025-11-16,Om Sai Transport
SHP11006,Mumbai,Delhi,Long,Electronics,13.8,1419.9,43536,2025-11-16,Western Carriers
SHP11007,Delhi,Kolkata,Long,Packaged Foods,13.7,1511.2,42435,2025-11-16,SafeExpress
SHP11008,Mumbai,Pune,Short,Textiles,19.7,151.5,9225,2025-11-17,SafeExpress
SHP11009,Mumbai,Pune,Short,Textiles,23.7,150.7,11265,2025-11-17,VRL Logistics
SHP11010,Delhi,Jaipur,Short,Chemicals,16.1,281.8,13729,2025-11-17,Om Sai Transport
SHP11011,Delhi,Jaipur,Short,Electronics,23.6,279.1,20354,2025-11-17,TCI Freight
SHP11012,Chennai,Bangalore,Short,FMCG,19.4,353.7,19561,2025-11-17,Shivam Freight Co
SHP11013,Chennai,Bangalore,Short,Steel Coils,15.1,347.2,15189,2025-11-17,VRL Logistics
SHP11014,Ahmedabad,Mumbai,Medium,Packaged Foods,16.6,526.7,23152,2025-11-17,VRL Logistics
SHP11015,Kolkata,Bhubaneswar,Medium,Electronics,14.0,438.4,16339,2025-11-17,Western Carriers
SHP11016,Bangalore,Hyderabad,Medium,Textiles,11.1,567.2,15874,2025-11-17,SafeExpress
SHP11017,Bangalore,Hyderabad,Medium,Automobile Parts,10.4,568.4,15099,2025-11-17,Om Sai Transport
SHP11018,Mumbai,Delhi,Long,Textiles,24.6,1423.1,73762,2025-11-17,Western Carriers
SHP11019,Mumbai,Delhi,Long,Automobile Parts,22.6,1417.7,69178,2025-11-17,TCI Freight
SHP11020,Delhi,Kolkata,Long,FMCG,15.7,1509.8,49865,2025-11-17,Om Sai Transport
SHP11021,Delhi,Kolkata,Long,Steel Coils,20.9,1509.9,66883,2025-11-17,VRL Logistics
SHP11022,Mumbai,Pune,Short,FMCG,12.5,153.2,6186,2025-11-18,Western Carriers
SHP11023,Delhi,Jaipur,Short,FMCG,19.6,281.3,17005,2025-11-18,Shivam Freight Co
SHP11024,Delhi,Jaipur,Short,Packaged Foods,21.0,277.1,17503,2025-11-18,Om Sai Transport
SHP11025,Delhi,Jaipur,Short,FMCG,20.7,278.2,17651,2025-11-18,TCI Freight
SHP11026,Chennai,Bangalore,Short,FMCG,22.7,350.5,23289,2025-11-18,TCI Freight
SHP11027,Chennai,Bangalore,Short,Automobile Parts,14.7,346.6,15030,2025-11-18,Western Carriers
SHP11028,Chennai,Bangalore,Short,Automobile Parts,12.7,350.4,12922,2025-11-18,Shivam Freight Co
SHP11029,Ahmedabad,Mumbai,Medium,Steel Coils,18.4,533.3,25777,2025-11-18,Om Sai Transport
SHP11030,Ahmedabad,Mumbai,Medium,Textiles,17.8,528.6,24638,2025-11-18,TCI Freight
SHP11031,Kolkata,Bhubaneswar,Medium,Automobile Parts,14.1,442.8,15869,2025-11-18,VRL Logistics
SHP11032,Kolkata,Bhubaneswar,Medium,FMCG,19.2,443.3,22122,2025-11-18,Western Carriers
SHP11033,Bangalore,Hyderabad,Medium,Steel Coils,23.4,571.9,33998,2025-11-18,Shivam Freight Co
SHP11034,Bangalore,Hyderabad,Medium,Chemicals,11.7,568.7,17401,2025-11-18,Shivam Freight Co
SHP11035,Bangalore,Hyderabad,Medium,Textiles,17.5,571.8,26260,2025-11-18,SafeExpress
SHP11036,Mumbai,Delhi,Long,Steel Coils,24.2,1416.9,75256,2025-11-18,Shivam Freight Co
SHP11037,Delhi,Kolkata,Long,Packaged Foods,12.9,1511.3,41599,2025-11-18,SafeExpress
SHP11038,Mumbai,Pune,Short,Chemicals,11.1,151.4,5371,2025-11-19,TCI Freight
SHP11039,Delhi,Jaipur,Short,FMCG,24.1,281.5,20866,2025-11-19,Om Sai Transport
SHP11040,Delhi,Jaipur,Short,Packaged Foods,24.0,278.9,20451,2025-11-19,VRL Logistics
SHP11041,Chennai,Bangalore,Short,FMCG,13.3,352.5,13585,2025-11-19,TCI Freight
SHP11042,Chennai,Bangalore,Short,Packaged Foods,12.1,353.4,12523,2025-11-19,VRL Logistics
SHP11043,Chennai,Bangalore,Short,FMCG,10.9,352.8,11266,2025-11-19,Shivam Freight Co
SHP11044,Ahmedabad,Mumbai,Medium,Packaged Foods,19.6,531.9,27742,2025-11-19,VRL Logistics
SHP11045,Kolkata,Bhubaneswar,Medium,Steel Coils,18.5,440.6,21792,2025-11-19,TCI Freight
SHP11046,Bangalore,Hyderabad,Medium,Chemicals,15.1,570.0,22093,2025-11-19,Om Sai Transport
SHP11047,Bangalore,Hyderabad,Medium,Packaged Foods,24.2,567.3,35662,2025-11-19,Om Sai Transport
SHP11048,Bangalore,Hyderabad,Medium,Automobile Parts,16.2,566.9,23783,2025-11-19,Western Carriers
SHP11049,Mumbai,Delhi,Long,Steel Coils,19.1,1422.5,61162,2025-11-19,TCI Freight
SHP11050,Delhi,Kolkata,Long,Textiles,17.6,1508.1,57232,2025-11-19,SafeExpress
SHP11051,Mumbai,Pune,Short,Chemicals,11.4,151.3,5645,2025-11-20,Shivam Freight Co
SHP11052,Mumbai,Pune,Short,Textiles,24.0,153.6,12164,2025-11-20,Western Carriers
SHP11053,Mumbai,Pune,Short,FMCG,20.5,152.0,10300,2025-11-20,Shivam Freight Co
SHP11054,Delhi,Jaipur,Short,Automobile Parts,18.4,278.5,16062,2025-11-20,SafeExpress
SHP11055,Chennai,Bangalore,Short,Textiles,13.0,348.3,13376,2025-11-20,Om Sai Transport
SHP11056,Chennai,Bangalore,Short,Automobile Parts,14.4,346.4,14545,2025-11-20,TCI Freight
SHP11057,Ahmedabad,Mumbai,Medium,FMCG,22.0,532.5,30768,2025-11-20,Shivam Freight Co
SHP11058,Ahmedabad,Mumbai,Medium,Chemicals,14.9,526.9,20550,2025-11-20,Western Carriers
SHP11059,Kolkata,Bhubaneswar,Medium,Electronics,18.9,443.4,21575,2025-11-20,Shivam Freight Co
SHP11060,Kolkata,Bhubaneswar,Medium,Automobile Parts,17.7,439.0,20379,2025-11-20,Shivam Freight Co
SHP11061,Bangalore,Hyderabad,Medium,Electronics,17.1,573.8,25378,2025-11-20,TCI Freight
SHP11062,Bangalore,Hyderabad,Medium,Electronics,11.4,569.0,16986,2025-11-20,Western Carriers
SHP11063,Bangalore,Hyderabad,Medium,Chemicals,10.3,569.8,15027,2025-11-20,Western Carriers
SHP11064,Mumbai,Delhi,Long,Automobile Parts,21.0,1420.8,63609,2025-11-20,Om Sai Transport
SHP11065,Mumbai,Delhi,Long,Automobile Parts,22.4,1416.1,68156,2025-11-20,TCI Freight
SHP11066,Delhi,Kolkata,Long,FMCG,22.6,1508.4,74324,2025-11-20,Om Sai Transport
SHP11067,Delhi,Kolkata,Long,Automobile Parts,14.4,1506.8,46515,2025-11-20,VRL Logistics
SHP11068,Delhi,Kolkata,Long,Textiles,23.7,1510.4,77277,2025-11-20,Om Sai Transport
SHP11069,Mumbai,Pune,Short,Electronics,22.4,150.5,11054,2025-11-21,TCI Freight
SHP11070,Mumbai,Pune,Short,Packaged Foods,15.9,146.2,7526,2025-11-21,VRL Logistics
SHP11071,Delhi,Jaipur,Short,FMCG,15.2,278.8,13281,2025-11-21,Western Carriers
SHP11072,Delhi,Jaipur,Short,Packaged Foods,16.8,282.4,14761,2025-11-21,VRL Logistics
SHP11073,Delhi,Jaipur,Short,Chemicals,20.8,281.1,18209,2025-11-21,SafeExpress
SHP11074,Chennai,Bangalore,Short,Electronics,23.9,346.6,23938,2025-11-21,Shivam Freight Co
SHP11075,Chennai,Bangalore,Short,Steel Coils,21.8,347.0,21986,2025-11-21,SafeExpress
SHP11076,Chennai,Bangalore,Short,Packaged Foods,16.0,353.0,16660,2025-11-21,SafeExpress
SHP11077,Ahmedabad,Mumbai,Medium,FMCG,19.0,528.3,26069,2025-11-21,TCI Freight
SHP11078,Ahmedabad,Mumbai,Medium,Automobile Parts,17.9,529.6,25093,2025-11-21,VRL Logistics
SHP11079,Ahmedabad,Mumbai,Medium,Automobile Parts,16.1,530.7,22890,2025-11-21,Shivam Freight Co
SHP11080,Kolkata,Bhubaneswar,Medium,Textiles,17.2,441.4,20536,2025-11-21,Shivam Freight Co
SHP11081,Bangalore,Hyderabad,Medium,Automobile Parts,18.6,573.9,27432,2025-11-21,Western Carriers
SHP11082,Mumbai,Delhi,Long,Steel Coils,17.3,1416.7,54102,2025-11-21,VRL Logistics
SHP11083,Delhi,Kolkata,Long,Packaged Foods,12.3,1509.3,39326,2025-11-21,SafeExpress
SHP11084,Mumbai,Pune,Short,Automobile Parts,16.2,149.5,7983,2025-11-22,Om Sai Transport
SHP11085,Delhi,Jaipur,Short,Steel Coils,17.6,282.3,15986,2025-11-22,Om Sai Transport
SHP11086,Delhi,Jaipur,Short,Steel Coils,22.2,277.4,19459,2025-11-22,SafeExpress
SHP11087,Chennai,Bangalore,Short,Automobile Parts,17.7,349.3,17577,2025-11-22,TCI Freight
SHP11088,Chennai,Bangalore,Short,Packaged Foods,11.1,350.0,10966,2025-11-22,Shivam Freight Co
SHP11089,Chennai,Bangalore,Short,Steel Coils,18.3,349.4,18406,2025-11-22,SafeExpress
SHP11090,Ahmedabad,Mumbai,Medium,Electronics,18.8,533.7,26140,2025-11-22,Western Carriers
SHP11091,Ahmedabad,Mumbai,Medium,Chemicals,24.5,529.7,33050,2025-11-22,TCI Freight
SHP11092,Kolkata,Bhubaneswar,Medium,Textiles,21.2,442.1,24193,2025-11-22,VRL Logistics
SHP11093,Kolkata,Bhubaneswar,Medium,Packaged Foods,21.7,436.6,24475,2025-11-22,SafeExpress
SHP11094,Kolkata,Bhubaneswar,Medium,Electronics,15.3,441.5,17257,2025-11-22,Western Carriers
SHP11095,Bangalore,Hyderabad,Medium,Packaged Foods,18.2,573.3,27245,2025-11-22,Shivam Freight Co
SHP11096,Bangalore,Hyderabad,Medium,Chemicals,15.6,568.1,22950,2025-11-22,SafeExpress
SHP11097,Mumbai,Delhi,Long,FMCG,12.3,1420.9,38602,2025-11-22,Western Carriers
SHP11098,Mumbai,Delhi,Long,FMCG,10.3,1423.8,31782,2025-11-22,VRL Logistics
SHP11099,Delhi,Kolkata,Long,Packaged Foods,19.7,1513.2,63491,2025-11-22,VRL Logistics
SHP11100,Delhi,Kolkata,Long,Electronics,19.6,1508.2,62394,2025-11-22,Shivam Freight Co
SHP11101,Delhi,Kolkata,Long,Electronics,14.3,1507.7,45620,2025-11-22,SafeExpress
SHP11102,Mumbai,Pune,Short,Automobile Parts,23.8,149.7,11449,2025-11-23,Shivam Freight Co
SHP11103,Mumbai,Pune,Short,Automobile Parts,20.9,148.2,10095,2025-11-23,Western Carriers
SHP11104,Mumbai,Pune,Short,Electronics,24.4,152.3,12299,2025-11-23,TCI Freight
SHP11105,Delhi,Jaipur,Short,Automobile Parts,12.1,280.9,10226,2025-11-23,SafeExpress
SHP11106,Delhi,Jaipur,Short,Electronics,13.5,276.9,11331,2025-11-23,VRL Logistics
SHP11107,Chennai,Bangalore,Short,Electronics,19.1,352.5,19665,2025-11-23,Western Carriers
SHP11108,Chennai,Bangalore,Short,Automobile Parts,20.8,351.4,21235,2025-11-23,VRL Logistics
SHP11109,Ahmedabad,Mumbai,Medium,Electronics,13.4,526.8,18600,2025-11-23,Om Sai Transport
SHP11110,Ahmedabad,Mumbai,Medium,FMCG,24.4,527.3,34116,2025-11-23,Shivam Freight Co
SHP11111,Ahmedabad,Mumbai,Medium,Steel Coils,23.0,530.3,31992,2025-11-23,Shivam Freight Co
SHP11112,Kolkata,Bhubaneswar,Medium,Automobile Parts,15.5,441.7,18140,2025-11-23,Om Sai Transport
SHP11113,Bangalore,Hyderabad,Medium,Chemicals,12.9,569.9,18657,2025-11-23,Shivam Freight Co
SHP11114,Bangalore,Hyderabad,Medium,FMCG,15.9,571.6,23494,2025-11-23,TCI Freight
SHP11115,Mumbai,Delhi,Long,Chemicals,10.2,1419.6,31130,2025-11-23,Western Carriers
SHP11116,Mumbai,Delhi,Long,Textiles,23.9,1422.9,71867,2025-11-23,Shivam Freight Co
SHP11117,Mumbai,Delhi,Long,Automobile Parts,17.0,1421.4,51184,2025-11-23,SafeExpress
SHP11118,Delhi,Kolkata,Long,Steel Coils,11.3,1509.2,34848,2025-11-23,TCI Freight
SHP11119,Delhi,Kolkata,Long,Electronics,19.3,1513.5,59301,2025-11-23,TCI Freight
SHP11120,Delhi,Kolkata,Long,Steel Coils,15.8,1509.9,48491,2025-11-23,Om Sai Transport
SHP11121,Mumbai,Pune,Short,Chemicals,22.1,148.7,10717,2025-11-24,SafeExpress
SHP11122,Mumbai,Pune,Short,FMCG,20.0,147.2,9591,2025-11-24,Western Carriers
SHP11123,Delhi,Jaipur,Short,Chemicals,19.3,281.8,17078,2025-11-24,Om Sai Transport
SHP11124,Chennai,Bangalore,Short,Packaged Foods,14.1,350.8,14844,2025-11-24,SafeExpress
SHP11125,Ahmedabad,Mumbai,Medium,Steel Coils,19.0,532.7,26088,2025-11-24,Shivam Freight Co
SHP11126,Ahmedabad,Mumbai,Medium,Chemicals,21.7,528.2,29484,2025-11-24,VRL Logistics
SHP11127,Kolkata,Bhubaneswar,Medium,Chemicals,13.4,437.3,15341,2025-11-24,SafeExpress
SHP11128,Kolkata,Bhubaneswar,Medium,Steel Coils,15.3,443.0,17984,2025-11-24,Om Sai Transport
SHP11129,Bangalore,Hyderabad,Medium,Electronics,23.9,570.1,34532,2025-11-24,Om Sai Transport
SHP11130,Mumbai,Delhi,Long,Chemicals,10.8,1418.5,34758,2025-11-24,VRL Logistics
SHP11131,Mumbai,Delhi,Long,Electronics,18.7,1422.4,59554,2025-11-24,Om Sai Transport
SHP11132,Mumbai,Delhi,Long,Textiles,14.0,1417.3,43672,2025-11-24,VRL Logistics
SHP11133,Delhi,Kolkata,Long,Packaged Foods,21.1,1506.2,68301,2025-11-24,VRL Logistics
SHP11134,Delhi,Kolkata,Long,Packaged Foods,12.7,1510.6,40727,2025-11-24,TCI Freight
SHP11135,Mumbai,Pune,Short,Packaged Foods,14.2,151.6,6853,2025-11-25,TCI Freight
SHP11136,Mumbai,Pune,Short,FMCG,24.1,147.5,11148,2025-11-25,VRL Logistics
SHP11137,Delhi,Jaipur,Short,Packaged Foods,12.6,278.4,10897,2025-11-25,Western Carriers
SHP11138,Chennai,Bangalore,Short,Packaged Foods,21.0,348.8,21570,2025-11-25,TCI Freight
SHP11139,Chennai,Bangalore,Short,Automobile Parts,17.9,347.4,17775,2025-11-25,Shivam Freight Co
SHP11140,Ahmedabad,Mumbai,Medium,Packaged Foods,10.0,533.5,14093,2025-11-25,Om Sai Transport
SHP11141,Ahmedabad,Mumbai,Medium,Automobile Parts,24.4,528.7,34384,2025-11-25,Om Sai Transport
SHP11142,Kolkata,Bhubaneswar,Medium,Textiles,10.9,437.2,12572,2025-11-25,SafeExpress
SHP11143,Kolkata,Bhubaneswar,Medium,FMCG,13.3,436.5,14997,2025-11-25,VRL Logistics
SHP11144,Bangalore,Hyderabad,Medium,Automobile Parts,17.4,569.8,25020,2025-11-25,Western Carriers
SHP11145,Bangalore,Hyderabad,Medium,Textiles,12.4,571.9,17762,2025-11-25,Western Carriers
SHP11146,Mumbai,Delhi,Long,FMCG,19.2,1423.6,59768,2025-11-25,Shivam Freight Co
SHP11147,Mumbai,Delhi,Long,Automobile Parts,23.3,1423.2,70538,2025-11-25,Om Sai Transport
SHP11148,Mumbai,Delhi,Long,Packaged Foods,19.7,1423.3,60028,2025-11-25,Om Sai Transport
SHP11149,Delhi,Kolkata,Long,Electronics,17.3,1506.6,55634,2025-11-25,SafeExpress
SHP11150,Delhi,Kolkata,Long,Electronics,17.5,1507.4,55775,2025-11-25,VRL Logistics
SHP11151,Delhi,Kolkata,Long,Packaged Foods,21.8,1506.6,70195,2025-11-25,Shivam Freight Co
SHP11152,Mumbai,Pune,Short,FMCG,22.5,150.4,10575,2025-11-26,TCI Freight
SHP11153,Delhi,Jaipur,Short,Chemicals,11.8,277.8,10042,2025-11-26,VRL Logistics
SHP11154,Delhi,Jaipur,Short,Steel Coils,21.7,282.7,18960,2025-11-26,Shivam Freight Co
SHP11155,Delhi,Jaipur,Short,Steel Coils,20.6,281.4,17714,2025-11-26,Om Sai Transport
SHP11156,Chennai,Bangalore,Short,Chemicals,18.8,346.6,18250,2025-11-26,TCI Freight
SHP11157,Ahmedabad,Mumbai,Medium,Electronics,23.9,530.2,32295,2025-11-26,Shivam Freight Co
SHP11158,Kolkata,Bhubaneswar,Medium,Packaged Foods,20.1,440.1,23184,2025-11-26,Western Carriers
SHP11159,Bangalore,Hyderabad,Medium,Automobile Parts,17.3,571.9,25471,2025-11-26,TCI Freight
SHP11160,Mumbai,Delhi,Long,Chemicals,23.1,1421.7,71743,2025-11-26,SafeExpress
SHP11161,Delhi,Kolkata,Long,Chemicals,13.7,1507.2,44669,2025-11-26,TCI Freight
SHP11162,Delhi,Kolkata,Long,FMCG,12.8,1513.9,41189,2025-11-26,VRL Logistics
SHP11163,Mumbai,Pune,Short,Textiles,20.7,147.0,9973,2025-11-27,VRL Logistics
SHP11164,Delhi,Jaipur,Short,Textiles,20.5,278.7,18115,2025-11-27,VRL Logistics
SHP11165,Delhi,Jaipur,Short,Textiles,12.6,278.2,10862,2025-11-27,VRL Logistics
SHP11166,Delhi,Jaipur,Short,Chemicals,15.6,276.3,13537,2025-11-27,VRL Logistics
SHP11167,Chennai,Bangalore,Short,FMCG,17.9,346.1,18103,2025-11-27,Shivam Freight Co
SHP11168,Ahmedabad,Mumbai,Medium,Textiles,20.0,533.1,27351,2025-11-27,Om Sai Transport
SHP11169,Kolkata,Bhubaneswar,Medium,Chemicals,21.8,442.7,25334,2025-11-27,SafeExpress
SHP11170,Kolkata,Bhubaneswar,Medium,Chemicals,22.4,438.3,25600,2025-11-27,Western Carriers
SHP11171,Kolkata,Bhubaneswar,Medium,Textiles,12.0,439.6,13822,2025-11-27,SafeExpress
SHP11172,Bangalore,Hyderabad,Medium,Chemicals,24.2,568.6,36097,2025-11-27,Shivam Freight Co
SHP11173,Bangalore,Hyderabad,Medium,Textiles,21.9,572.0,32573,2025-11-27,Om Sai Transport
SHP11174,Mumbai,Delhi,Long,Packaged Foods,22.1,1420.2,67350,2025-11-27,Western Carriers
SHP11175,Mumbai,Delhi,Long,Chemicals,21.9,1423.5,65396,2025-11-27,TCI Freight
SHP11176,Delhi,Kolkata,Long,FMCG,25.0,1508.0,79985,2025-11-27,Om Sai Transport
SHP11177,Delhi,Kolkata,Long,FMCG,18.4,1506.7,58033,2025-11-27,Western Carriers
SHP11178,Mumbai,Pune,Short,Chemicals,14.3,146.6,6506,2025-11-28,Shivam Freight Co
SHP11179,Mumbai,Pune,Short,Textiles,19.5,149.9,9363,2025-11-28,Shivam Freight Co
SHP11180,Mumbai,Pune,Short,FMCG,15.7,150.8,7562,2025-11-28,Om Sai Transport
SHP11181,Delhi,Jaipur,Short,FMCG,24.3,279.0,20523,2025-11-28,TCI Freight
SHP11182,Chennai,Bangalore,Short,FMCG,21.7,351.2,22000,2025-11-28,VRL Logistics
SHP11183,Chennai,Bangalore,Short,Automobile Parts,14.8,347.3,14436,2025-11-28,SafeExpress
SHP11184,Ahmedabad,Mumbai,Medium,FMCG,20.7,526.5,28215,2025-11-28,VRL Logistics
SHP11185,Kolkata,Bhubaneswar,Medium,Chemicals,20.3,443.3,23824,2025-11-28,SafeExpress
SHP11186,Kolkata,Bhubaneswar,Medium,Chemicals,15.1,438.8,17992,2025-11-28,Om Sai Transport
SHP11187,Bangalore,Hyderabad,Medium,Electronics,14.9,573.7,21418,2025-11-28,VRL Logistics
SHP11188,Bangalore,Hyderabad,Medium,Steel Coils,24.6,573.3,34648,2025-11-28,Om Sai Transport
SHP11189,Mumbai,Delhi,Long,Textiles,21.1,1423.5,63352,2025-11-28,Om Sai Transport
SHP11190,Mumbai,Delhi,Long,Steel Coils,12.8,1417.1,38324,2025-11-28,VRL Logistics
SHP11191,Mumbai,Delhi,Long,Chemicals,16.3,1418.8,49021,2025-11-28,Om Sai Transport
SHP11192,Delhi,Kolkata,Long,FMCG,17.1,1512.5,55975,2025-11-28,Shivam Freight Co
SHP11193,Delhi,Kolkata,Long,FMCG,23.9,1508.5,78645,2025-11-28,Shivam Freight Co
SHP11194,Mumbai,Pune,Short,Electronics,12.1,151.4,5907,2025-11-29,SafeExpress
SHP11195,Mumbai,Pune,Short,Textiles,16.4,151.8,7891,2025-11-29,VRL Logistics
SHP11196,Mumbai,Pune,Short,Steel Coils,21.8,151.9,10683,2025-11-29,TCI Freight
SHP11197,Delhi,Jaipur,Short,Automobile Parts,17.3,283.6,15398,2025-11-29,VRL Logistics
SHP11198,Chennai,Bangalore,Short,Automobile Parts,22.6,348.1,22781,2025-11-29,TCI Freight
SHP11199,Chennai,Bangalore,Short,Textiles,18.9,353.6,19589,2025-11-29,Om Sai Transport
SHP11200,Chennai,Bangalore,Short,Packaged Foods,12.8,347.3,13178,2025-11-29,Western Carriers
SHP11201,Ahmedabad,Mumbai,Medium,Automobile Parts,19.7,526.6,27997,2025-11-29,Om Sai Transport
SHP11202,Kolkata,Bhubaneswar,Medium,Steel Coils,20.9,440.5,24082,2025-11-29,Shivam Freight Co
SHP11203,Bangalore,Hyderabad,Medium,FMCG,19.4,573.7,28445,2025-11-29,Om Sai Transport
SHP11204,Bangalore,Hyderabad,Medium,Automobile Parts,18.1,571.3,26774,2025-11-29,Western Carriers
SHP11205,Mumbai,Delhi,Long,FMCG,11.0,1422.6,32614,2025-11-29,Om Sai Transport
SHP11206,Mumbai,Delhi,Long,FMCG,21.5,1423.5,65909,2025-11-29,SafeExpress
SHP11207,Mumbai,Delhi,Long,Chemicals,24.6,1421.4,74600,2025-11-29,VRL Logistics
SHP11208,Delhi,Kolkata,Long,Chemicals,15.4,1512.3,51452,2025-11-29,VRL Logistics
SHP11209,Mumbai,Pune,Short,Steel Coils,17.3,150.0,7993,2025-11-30,Shivam Freight Co
SHP11210,Mumbai,Pune,Short,FMCG,17.9,150.1,8354,2025-11-30,VRL Logistics
SHP11211,Mumbai,Pune,Short,Chemicals,13.4,146.5,6001,2025-11-30,VRL Logistics
SHP11212,Delhi,Jaipur,Short,FMCG,13.5,282.6,11788,2025-11-30,Western Carriers
SHP11213,Chennai,Bangalore,Short,FMCG,12.2,347.8,12214,2025-11-30,Shivam Freight Co
SHP11214,Ahmedabad,Mumbai,Medium,FMCG,25.0,531.3,33946,2025-11-30,TCI Freight
SHP11215,Ahmedabad,Mumbai,Medium,Packaged Foods,18.0,527.4,24226,2025-11-30,Western Carriers
SHP11216,Ahmedabad,Mumbai,Medium,Chemicals,10.3,528.6,14111,2025-11-30,Shivam Freight Co
SHP11217,Kolkata,Bhubaneswar,Medium,Electronics,14.0,440.2,16517,2025-11-30,TCI Freight
SHP11218,Kolkata,Bhubaneswar,Medium,Steel Coils,10.8,439.4,12387,2025-11-30,Om Sai Transport
SHP11219,Kolkata,Bhubaneswar,Medium,Automobile Parts,13.3,443.8,15567,2025-11-30,TCI Freight
SHP11220,Bangalore,Hyderabad,Medium,Textiles,16.1,573.7,23833,2025-11-30,Western Carriers
SHP11221,Bangalore,Hyderabad,Medium,FMCG,13.9,568.1,20479,2025-11-30,VRL Logistics
SHP11222,Bangalore,Hyderabad,Medium,Automobile Parts,12.3,568.6,17908,2025-11-30,Om Sai Transport
SHP11223,Mumbai,Delhi,Long,Steel Coils,13.3,1417.7,41229,2025-11-30,Western Carriers
SHP11224,Mumbai,Delhi,Long,Automobile Parts,16.8,1416.1,52808,2025-11-30,Om Sai Transport
SHP11225,Delhi,Kolkata,Long,Packaged Foods,13.7,1507.4,43377,2025-11-30,Shivam Freight Co
SHP11226,Delhi,Kolkata,Long,FMCG,19.5,1513.3,62381,2025-11-30,Shivam Freight Co
SHP11227,Delhi,Kolkata,Long,Packaged Foods,10.2,1510.7,31540,2025-11-30,Om Sai Transport
